;CHL;PP;CDM;mlotst;fe;no3;po4;si;so;uo;vo;rotcor;divcor;u;v;rotwind;divwind;analysed_sst;ZEU_mean;PAR_mean
1;0.098619988;393.0213786;0.005017302;26.32222119;0.000805604;0.033797323;0.003634587;2.568357785;35.920281;-0.591750843;0.586258363;3.295335488;-0.304897527;-6.362606612;-3.567928491;0.386249807;-0.39031582;27.9958337;87.85662349;40.213724
2;0.137759622;475.8222322;0.007716585;49.66888288;0.001017321;0.002570486;0.002669169;3.442850484;35.92638935;0.220038791;0.119480061;-0.206683332;0.031057015;-7.64476463;-4.622578637;0.097936997;0.032939818;27.7643989;76.08749241;44.37887339
3;11.28519451;5830.171386;0.635583816;10.41443823;0.006915084;2.222194222;0.001857382;20.73836536;21.39957877;-0.063020541;-0.001984138;0.22397376;-0.296412216;-4.965737045;-2.193626428;1.656194457;-3.517521229;28.7360375;14.94558243;45.12887976
4;5.227008668;3441.528571;1.31589815;7.095551677;0.005246555;0.924486974;0.001401294;23.66049115;20.65414001;-0.178532198;0.197149246;-0.254692639;-0.268807807;-4.660435305;-2.482945063;5.331222777;-5.209192396;27.3963136;22.83894072;33.81398418
5;0.111997399;457.9921563;0.006069452;19.6844334;0.00035195;0.001668774;0.005887427;1.719063941;36.12933745;-0.634174777;0.218512748;-0.203091033;0.022968049;-6.256546225;-2.706514989;0.428504291;-0.064137254;28.1397248;84.10892733;45.48890672
6;8.651057708;4839.987691;2.031192056;8.545204832;0.011308589;5.840719224;0.012687336;38.85197842;11.00727853;-0.057069475;0.136418027;0.52207189;0.13665165;-4.960141569;-3.068416197;-0.278968541;-1.751286144;28.4054131;23.21511942;41.54621613
7;0.1745906;580.8322842;0.012966039;10.52888627;0.002012988;0.972597326;0.032259576;6.187186748;34.21582835;-0.641497675;0.151371203;0.200623013;0.029622224;-5.950074927;-2.97465572;0.412046997;-0.407375554;27.9896892;71.55153313;42.40834212
8;0.122027728;405.7991476;0.004160287;39.06371414;0.000373307;0.001157535;0.006125097;1.754297061;36.09424117;-0.228583841;0.227668531;-0.722919339;-0.087118726;-7.194392029;-4.315534618;0.414422005;-0.448795508;27.7782441;79.35261778;36.63038518
9;10.76893856;4654.951447;1.056287739;9.38445034;0.006525905;1.669235117;0.000968502;37.28785842;14.78241188;-0.050965924;0.096743751;0.222417446;0.04597895;-5.56796022;-3.337676813;0.562984764;-0.48521846;28.1897143;16.6382994;34.72134496
10;0.124397126;390.1573987;0.008291131;43.94668388;0.000846945;0.01109709;0.003371871;2.513396173;35.95385599;-0.396130019;0.511184947;-0.448554537;-0.076041648;-7.009534592;-4.324505552;0.329118047;-0.424603892;27.727452;78.79223801;35.81061284
11;0.105546882;402.5791642;0.005624018;18.00596649;0.000352603;0.00156135;0.006075722;1.714851245;36.13696644;-0.729087167;0.365916924;-0.344953275;0.070749821;-6.423180214;-3.195883949;0.434293221;-0.506372123;28.144387;83.86752089;41.24713419
12;3.180463835;3129.406039;0.147848515;10.52888627;0.00425946;1.353110275;0.026014119;10.58117523;30.81532348;-0.303202426;0.443434354;0.003255171;-0.748156692;-5.993944913;-3.274780284;0.230269973;-0.315232025;28.8445726;26.03833024;41.69281863
13;0.138725427;450.978209;0.006138055;13.1229623;0.00174595;0.121394906;0.000966279;4.19639418;35.2153063;-0.495010215;0.458998571;-0.122271406;-0.198497694;-6.492078088;-3.881761392;0.45714193;-0.33071263;27.7416462;79.34420912;39.21633424
14;10.02874503;5284.4545;1.727251251;10.29999744;0.006681467;1.965503318;0.030453713;12.61019107;25.40057128;-0.12344746;0.01602218;0.125122299;-0.052706376;-5.647243836;-2.861772499;0.097735538;-0.870263503;28.5650658;17.92012528;42.5540584
15;0.112972351;399.9991057;0.005946562;28.22972097;0.000358496;0.001331179;0.005512152;1.720398409;36.07058932;-0.534989353;0.324106531;-0.395865143;-0.14341945;-6.77332008;-3.749529755;0.482542804;-0.50642482;27.9149882;81.81861982;37.09854773
16;0.425964938;1106.16934;0.026510167;11.2155535;0.002879799;0.138516899;0.000728681;1.871626055;35.81957371;-0.280159713;0.104678579;-0.107051545;-0.186085254;-5.937367265;-2.393948719;-0.15716604;-0.93530194;28.8148292;54.81514246;45.41018609
17;0.087129014;395.0177023;0.003927506;24.10955399;0.0003143;0.001936214;0.007387281;1.661720227;36.30024198;-1.032136274;0.497451414;-0.683945144;0.070703105;-6.084465265;-2.747068775;0.470568067;-0.380021301;28.2034516;88.87078675;44.46210855
18;0.115698047;431.1606157;0.003006331;55.696281;0.000648004;0.001065452;0.004636772;2.280390284;36.07135241;-0.010986211;0.443433762;-0.456271181;-0.103270367;-7.357902419;-4.610886691;0.25415448;-0.437851217;27.6161005;80.56271578;42.56216681
19;10.72843661;5293.944645;0.953658222;8.31628218;0.007429982;1.844797118;0.001008933;23.21214295;18.89631256;-0.097354293;0.131229629;-0.060946956;-0.275226563;-5.708224068;-3.306293859;0.55371892;-0.765157792;28.6112153;15.07402631;38.4255023
20;0.11502897;379.9333848;0.00450565;36.77462725;0.000422697;0.001768315;0.006041101;1.835628216;36.15985582;-0.548722978;0.535294382;-0.729835406;-0.066181684;-6.871331155;-4.042032809;0.433091057;-0.248852079;27.7685273;81.88886279;35.33015111
21;8.389867164;4772.358683;1.860691838;7.019257516;0.013770402;6.065473058;0.010017726;31.19517442;8.810722327;-0.016174893;0.027466475;0.031284033;0.034580003;-5.044550241;-2.466724918;0.381745442;-3.367261564;28.7660285;20.37472847;39.08829412
22;0.099111688;389.4620623;0.003507892;21.47740583;0.000394837;0.043306745;0.008996681;1.855146934;36.29489962;-0.96591269;0.849789262;1.505234362;-0.56489382;-6.15506786;-3.134883844;0.244465838;-0.391884786;28.1200123;88.55142063;40.93790083
23;0.970221847;1784.782176;0.06713577;11.29184074;0.003786805;0.607913303;0.000546669;11.8804734;32.19548145;-0.419324009;0.501724232;0.305862024;0.252477864;-6.293765845;-3.781271322;0.605936521;-0.682710717;27.9530007;42.92945096;34.87536704
24;0.1223659;435.7709393;0.005303729;48.82960378;0.000836835;0.004114496;0.003095424;2.796909705;35.97369339;-0.237434477;0.210577365;0.103501628;-0.015191249;-7.346217815;-4.621011198;0.189511789;-0.086567147;27.7370313;80.42462829;42.06854978
25;0.246164375;637.7538216;0.011195205;18.0822224;0.001667172;0.091558461;0.000699109;4.016125075;35.3389097;-0.442518443;0.409253392;0.474373167;-0.163906942;-6.893213155;-4.197208236;0.225546932;-0.675961676;27.6740974;67.25966143;36.44523067
26;0.09695119;403.127924;0.004294962;22.08778436;0.000320514;0.001736446;0.007727715;1.660675136;36.22356348;-0.981170328;0.499588439;-0.718889275;0.013065818;-6.182340021;-2.936180656;0.411588383;0.055433928;28.1353332;88.37318783;44.40443515
27;0.796246186;1420.439393;0.034626828;10.52889204;0.003649576;0.50605143;0.001035635;8.329987647;32.73262346;-0.559709184;0.483413083;0.668639161;-0.412941732;-6.21509075;-3.632272917;0.526401759;-0.097826503;28.2083942;48.48930001;40.0204459
28;0.193830389;643.400789;0.015951109;10.52888627;0.001898811;0.977912376;0.039904072;5.176573647;34.86129032;-0.512711294;0.04058964;-0.273467144;0.172974034;-5.977274336;-2.699625978;-0.045865256;-0.383390193;28.4315097;66.78275342;45.9514808
29;0.100324863;403.2023967;0.005196053;23.61362635;0.000333614;0.001635324;0.007928709;1.668305162;36.18083703;-0.796075276;0.565812313;-0.736081849;-0.319916117;-6.462956268;-3.423701472;0.640605079;-0.263687403;28.0477802;85.38673497;42.91384499
30;6.879349016;3979.734496;1.25580996;7.019292674;0.006163281;1.04145226;0.000995749;34.36605959;13.26030137;-0.034791356;0.144657875;-0.052543465;0.088557898;-4.212493779;-2.590545582;-3.028106789;-6.435974024;27.8428927;18.91523825;34.9133979
31;0.112922732;386.7811519;0.004861153;42.11553096;0.000594156;0.004710877;0.004628981;2.103745443;36.06067036;-0.361339287;0.548722786;-0.382802545;0.006036738;-7.082579645;-4.296316886;0.455621955;-0.576337697;27.7152465;82.68469596;36.60622636
32;9.054893163;4280.384474;1.892359995;10.60517759;0.011810048;7.487623809;0.008750983;43.48558769;3.787726625;-0.037843042;-0.020294407;1.142831793;-0.102090679;-4.643096008;-2.714553898;0.446201004;-2.420277672;28.8421414;16.6412225;36.05274184
33;9.253694972;5485.465226;1.659654262;7.896654865;0.007161403;2.118610597;0.018121438;15.71122721;21.38929543;-0.074160156;0.061952632;-0.125148486;-0.033001919;-5.710501562;-3.138740573;0.272215126;-0.56065836;28.5722965;19.01790454;42.07223036
34;1.746319024;2461.167244;0.062223347;10.52888627;0.003402167;0.997958587;0.013558187;8.473367597;32.42515508;-0.515153467;0.353099322;0.28296484;-0.295122372;-5.932697285;-3.153546407;0.470741195;-0.241960012;28.6858216;36.71981001;44.27725101
35;1.651904411;2087.190903;0.068987358;10.68147818;0.003483119;0.626823017;0.00150983;7.792482373;32.3023164;-0.372327603;0.529191703;1.27161495;-0.210114614;-6.138173231;-3.43697372;0.393985432;-0.447203795;28.7276995;33.56705241;42.70516218
36;0.960287383;1664.429289;0.044298636;10.52888627;0.003366903;0.994348444;0.019124219;6.861451368;33.10419566;-0.482192665;0.033265047;0.57457497;-0.492409815;-5.846159522;-2.860914348;0.228306997;-0.570089205;28.824892;46.29515611;45.8273022
37;9.695706229;4838.021001;1.793152358;7.019257516;0.007309947;2.329333356;0.001057821;38.84357322;10.71504863;-0.092165714;0.090487858;0.135273775;-0.009853102;-5.009481492;-3.012361241;0.680522542;-1.786420368;28.1189893;22.40409933;37.00763292
38;7.727849762;4957.608511;1.033753638;10.7577582;0.00524804;0.869647336;0.009368107;4.849023399;31.27839585;-0.039063883;0.101015743;0.614229497;0.011519821;-5.745236458;-2.464116137;-0.017012373;-1.095581672;28.7465121;17.42108731;43.81627242
39;0.107246717;450.7007872;0.005598175;18.692562;0.000344275;0.001649808;0.006536152;1.702454998;36.15222588;-0.71626923;0.31678195;-0.334922022;0.088881739;-6.304653828;-2.867083511;0.550421588;-0.315124647;28.1403391;83.61297671;46.92897643
40;0.101605347;369.1921549;0.004167499;21.97340119;0.000872733;0.037127678;0.004063483;2.665250094;36.03320349;-0.806296978;0.683005122;0.797417679;-0.136570065;-6.556764527;-3.823406791;0.417192041;-0.486887924;27.8627318;83.80833305;36.8938738
41;0.324494633;915.3147513;0.006015448;29.90815115;0.000528088;0.013456364;0.008143917;2.012291884;36.22775671;-0.902124616;0.703145039;2.391604506;-0.037368606;-6.39868367;-5.14310068;0.478369221;-0.748305494;27.6000114;78.89191193;39.59307738
42;0.14999629;542.5294662;0.009259909;60.69366244;0.000710254;0.001165869;0.004562064;2.746005295;36.16901147;0.56291381;-0.251777324;0.460673487;0.075712622;-7.837072579;-5.937984709;0.171478276;0.36661343;27.1968501;73.67795422;47.56764463
43;15.17979792;5070.42264;0.768197153;10.41443823;0.007806616;4.698230065;0.003689313;28.95623395;10.51857078;-0.031282077;-0.06637857;0.678468365;-0.026337298;-4.449926419;-3.103617603;0.37961941;-4.138715835;28.3648206;12.84320931;35.66729517
44;4.993896898;3827.904509;1.496401858;7.095551677;0.005184422;1.101404021;0.00148018;25.36065596;19.40591476;-0.141910179;0.165715289;-0.220041573;-0.220759803;-4.757072868;-4.043359089;5.077196459;-6.645542011;27.0871251;18.96554352;38.96778321
45;0.108965836;370.9857934;0.004587156;23.1940905;0.000340558;0.001525244;0.007192535;1.638344117;36.15833007;-0.425733433;0.068666868;-0.347894114;-0.126758912;-6.154427002;-4.263086533;0.476325087;-0.494979978;27.6930524;82.13746402;34.87729596
46;10.47110439;4547.01491;2.009807;8.545204832;0.011168854;6.325540922;0.015050346;49.10509592;4.206982095;-0.040894513;0.076601837;0.553383316;0.204233487;-4.698327473;-4.357312189;-0.174686812;-2.108907007;27.7448569;17.59132137;33.19273129
47;0.951577754;1384.823284;0.020870836;10.52888627;0.002386661;1.060457299;0.03298069;6.863838981;32.89590538;-0.562760445;0.075075346;0.108437384;-0.102133304;-5.765573555;-4.282702182;0.334653953;-0.580101289;27.6036957;56.92993003;34.80783475
48;0.163304728;489.971499;0.009092991;58.74818329;0.000401066;0.000935756;0.008153311;1.772789332;36.30558187;-0.082095119;-0.098879719;-0.60015575;0.027384518;-7.376537912;-6.017810198;0.513237355;-0.535460012;27.3797862;84.62011474;44.06573375
49;8.040618288;4156.737751;0.827160616;9.38445034;0.006222762;1.907590797;0.00095825;41.05489198;12.43019636;-0.039063709;0.06408891;0.224030186;-0.036411188;-5.487651656;-5.261511056;1.106501883;-0.628293036;27.4090174;22.62417716;34.26054995
50;0.125773099;459.8284745;0.005713361;55.23838028;0.000308794;0.000984947;0.009451497;1.610906339;36.25827785;-0.602434766;0.383006413;-0.972958014;-0.152309924;-7.147681547;-6.100673667;0.467425219;-0.166823281;27.4926427;77.50878059;45.751862
51;0.117024107;412.0085486;0.005972268;28.9925993;0.000331396;0.00129259;0.007117092;1.645332875;36.20715966;-0.53559964;0.195928638;-0.514514051;0.038139205;-6.510115374;-4.864733606;0.349980039;-0.551124842;27.3288468;84.65062863;39.47913602
52;5.703417113;3448.593646;1.16147872;10.52888627;0.004775864;1.741138946;0.030104546;12.14653041;28.62523696;-0.312968416;0.379345324;0.108591732;-0.609813866;-5.835254267;-4.635951571;0.424335715;-0.477169885;27.8333645;22.47466313;36.13189158
53;0.237408056;847.3361535;0.010511627;13.73334555;0.000871926;0.024807976;0.00437005;2.671111108;35.56016472;-0.605487022;0.51820413;0.939391401;-0.018510175;-6.468949987;-5.619290867;0.653292947;-0.343340783;27.4536913;69.5506365;43.21920157
54;10.59791062;5154.89465;1.754304699;10.29999744;0.008005501;3.062282095;0.018729834;18.84528505;16.2072589;-0.051271156;0.02197336;0.191007157;-0.092225474;-5.3167805;-3.987958768;0.327944856;-0.683967474;27.9301009;15.0640839;40.08765623
55;0.137463569;466.8072027;0.006845647;36.08816461;0.000326966;0.00112055;0.006869005;1.658906318;36.12857449;-0.394298948;0.094302229;-0.466749356;0.049715218;-6.847606588;-5.406626285;0.433975342;-0.6805515;27.4340013;79.44376548;39.80897033
56;1.294108768;2719.530357;0.051554699;10.52888627;0.004090083;1.139615354;0.002111;5.259566253;29.9600149;-0.210882736;0.061036941;0.120199412;-0.135036445;-5.392397527;-3.553605562;0.12082975;-0.93054014;28.1881563;44.53745734;40.05279372
57;0.093146879;366.5117081;0.004279412;29.45046322;0.000282464;0.001851166;0.012383195;1.52094832;36.31931551;-1.094088736;0.568864688;-0.89965345;-0.077494097;-5.904656284;-4.100660207;0.570614289;-0.454497445;27.841744;91.62872011;40.69490707
58;0.134672039;481.6955736;0.00669184;71.87102177;0.000464489;0.00111212;0.008123039;1.923064876;36.31550022;0.075686565;-0.070803363;-0.878618165;0.014946993;-7.516697842;-6.201381936;0.326683483;-0.072464852;27.3553625;79.28503255;45.61984677
59;10.32638032;4811.626184;0.901717833;8.31628218;0.007259842;2.038839403;0.001169746;29.19775101;12.26082526;-0.077211969;0.089419217;-0.133426596;-0.199419558;-5.694622289;-4.863085471;0.824032753;-1.034227516;27.972949;15.87681227;34.92266182
60;0.125100679;430.8390245;0.006617712;49.59284053;0.000318142;0.001040891;0.008119487;1.621623374;36.19647867;-0.491347641;0.208136145;-0.679955551;-0.081876571;-6.922809679;-5.775162705;0.615971296;-0.364865582;27.4794156;78.67729812;41.31998843
61;7.304072464;4060.054058;1.977384558;7.019257516;0.013734033;7.49155449;0.012511835;41.67869744;2.01346258;0.011597268;0.009460438;0.095503265;0.019768428;-4.601810783;-3.56195719;-0.063277562;-3.989480267;27.9925169;26.89692538;37.43977486
62;0.123349563;446.9588431;0.004200499;23.95713446;0.000373098;0.025213787;0.011510017;1.728820156;36.30214851;-1.04434417;0.806452404;0.628781747;-0.076774647;-6.129561273;-4.626374183;0.284267103;-0.653221023;27.6293349;87.64140707;38.49085729
63;1.163148039;2766.159928;0.055005491;12.51257678;0.003106034;0.479615903;0.000643543;9.099483892;32.1451256;-0.563371234;0.625018994;0.420974517;0.614627043;-6.334214358;-5.575180469;0.879346961;-0.861158528;27.436644;46.66619041;41.24534109
64;0.139062953;491.6297874;0.008493655;72.48146555;0.000397645;0.001264632;0.00853157;1.786617208;36.30024103;-0.13306142;0.067141292;-0.990080386;0.018619956;-7.533376686;-6.158706884;0.250258631;0.107453967;27.1815256;76.0427552;46.93289096
65;0.168272458;630.8467259;0.010042804;29.67922958;0.000760004;0.023665945;0.005705727;2.282735885;35.86993208;-0.781884885;0.715965065;1.658009261;-0.386056706;-7.047119047;-6.012658428;0.273131593;-0.555668502;27.5339949;77.75367598;43.95329413
66;0.101374066;369.6240412;0.004297812;40.17003445;0.000300812;0.00150785;0.010198835;1.562944765;36.34487444;-0.849635659;0.458083315;-0.962557872;-0.03293486;-6.126400919;-4.470034478;0.605236594;-0.159504812;27.696294;89.43061869;37.90882373
67;0.729899929;1760.824223;0.02638446;10.68147933;0.003323438;0.536345791;0.001253805;7.970645458;31.96661029;-0.666523289;0.529800696;0.727912536;-0.623952461;-6.167984326;-5.304876549;0.882508818;-0.105823161;27.6762411;51.91559771;35.93257607
68;0.201004776;607.5957085;0.016193959;10.52888627;0.002350191;1.184148136;0.043939656;5.769248364;33.69853367;-0.447401544;0.018616267;-0.15982409;0.164718391;-5.645599155;-3.97211468;0.091792303;-0.416984529;27.8043202;68.60162364;40.47586752
69;0.109842537;367.1647078;0.004088868;49.8976048;0.000306461;0.001405208;0.009770555;1.595662235;36.25980369;-0.676747673;0.388805181;-0.663282162;-0.220700004;-6.543390264;-5.049954039;0.553215906;-0.229007724;27.5114798;82.24579749;37.37955289
70;6.179495551;3238.660268;1.128576365;7.019292674;0.00603623;1.398794895;0.000923339;39.4929901;10.71964498;-0.028077142;0.133670986;-0.135045369;0.115059869;-4.185012351;-4.094230347;-4.795500263;-6.441886035;27.2302275;19.28472277;30.82997519
71;0.111513489;476.9376339;0.004156765;60.27406105;0.000325696;0.000932121;0.007404717;1.64452351;36.21784105;-0.318613428;0.151982319;-0.379719011;-0.016237754;-7.160801793;-6.077598635;0.528156396;-0.5360355;27.3846306;82.10041226;44.1668412
72;8.705324218;4213.739805;2.030086112;11.40629205;0.011316988;7.624825967;0.009275287;50.9960083;2.087465867;-0.037232541;-0.019989381;1.024252032;0.08893496;-4.057990276;-3.863410348;-0.084846711;-3.009288639;28.0554296;21.64252648;35.52047922
73;9.125105518;4506.421568;1.994775542;7.896654865;0.008155418;2.898437653;0.012893444;20.15420811;10.7932719;-0.01953201;0.030823731;-0.098789708;0.026294894;-5.465365489;-4.394176467;0.517587308;-0.681723569;27.9990038;16.75025569;35.67050803
74;4.141477201;3175.547241;0.228339233;10.52888627;0.004280584;1.560042871;0.025039856;10.53259013;29.19400802;-0.404370908;0.288094722;0.335734985;-0.230810437;-5.699525123;-4.398093947;0.46820062;-0.493792072;28.0041003;26.56345766;37.23679948
75;2.618545182;2556.293203;0.090028061;11.52069034;0.003599838;0.779620702;0.001938902;8.652789995;31.17617219;-0.412001358;0.545671046;1.437953412;-0.14268375;-6.08522704;-4.915195717;0.576525637;-0.54018249;27.8820546;32.37362635;37.03555492
76;3.581953045;3199.700227;0.270295526;10.52888627;0.004426889;1.714742279;0.025485723;9.555103651;29.1398467;-0.286874389;0.026550762;0.136589244;-0.220699364;-5.509247591;-4.019501265;0.496528012;-0.71521829;28.0720357;29.91788586;35.70116581
77;9.323031813;4260.287222;1.794612266;7.019257516;0.007032186;2.752041406;0.001452083;46.53203582;6.732763444;-0.077211749;0.034181223;0.263728813;-0.006574927;-4.854467944;-4.654177645;0.844266567;-2.685701787;27.4555896;23.35538132;31.87358788
78;9.146680035;4608.165731;0.691705845;10.5288723;0.006870688;2.723883072;0.009293051;15.79101145;19.17323112;0.00305182;0.029907902;0.199255552;-0.001650831;-5.2027315;-3.608535353;0.203646136;-0.966394671;27.9387919;16.9369402;36.14321453
79;0.105017643;362.3237048;0.005048757;31.1289341;0.000332174;0.001437928;0.007542588;1.628258682;36.19724097;-0.506912142;0.162053102;-0.459970395;-0.013071114;-6.207855237;-4.484828046;0.617631555;-0.385396888;27.4180525;84.6367509;35.41254691
80;0.121990128;414.779889;0.005690752;45.93087194;0.000374951;0.004491114;0.009875928;1.746821058;36.33533702;-1.005277136;0.690328859;-1.161311105;-0.269496167;-6.555466439;-5.512761449;0.436828099;-0.710746013;27.6151066;81.42417935;37.88281722
81;0.128446186;569.9571206;0.00594357;13.65702054;0.000774997;0.052824252;0.009242956;2.372141611;33.97395341;-0.551773476;0.513625674;1.768919763;0.392066779;-5.655657906;-4.05159376;0.290011551;-0.147179767;27.9710591;82.45683053;42.68191307
82;0.142009162;483.893014;0.008048487;45.12921502;0.000842938;0.00201978;0.001767971;2.97221219;36.1297186;0.497452563;-0.557420741;-0.365525706;0.094050253;-7.259162133;-4.498460406;0.041223185;0.127643398;27.3576052;79.13946791;44.46493082
83;12.710687;5053.98284;2.007103522;10.41443823;0.008772779;8.661685529;0.004855747;36.78530556;5.932788737;-0.01327576;-0.016480247;0.293123621;-0.016459226;-3.577110738;-2.329702795;0.325893357;-3.703369079;28.0987837;17.43828344;38.35168487
84;6.352774598;4144.364091;1.358945711;7.095551677;0.005919221;2.153358249;0.00225784;37.17383965;14.35207176;-0.212102413;0.227057244;-0.239824948;-0.213016997;-4.350650029;-2.569977127;4.988487188;-5.050221925;27.6187501;21.25699099;42.25969243
85;0.10391469;413.9532721;0.004005416;21.59183547;0.000354036;0.001908783;0.010604608;1.507803249;36.09729314;-0.219733502;0.033570524;-0.332908155;0.013280848;-5.262257747;-3.64626857;0.423137217;-0.16810691;27.6978054;85.65277625;43.18778706
86;10.23121286;4954.769267;1.892936708;8.545205486;0.011610252;7.6396795;0.01363859;64.0118492;1.08264586;-0.043335967;0.10406849;0.558321368;0.294801974;-3.847215878;-3.356558959;-0.116230361;-1.526157715;27.7673493;19.14775312;38.64161805
87;3.682104244;3015.659661;0.223184373;10.52888627;0.003931303;2.052424037;0.058763454;11.40068737;28.38680453;-0.38575495;0.15320274;-0.15501207;-0.247101801;-4.732954523;-3.584592046;0.357821768;-0.625344409;28.2496382;36.02464873;39.02507865
88;0.124410519;504.9239063;0.006863826;43.33627155;0.000354296;0.001229576;0.006468607;1.642001266;36.21936696;-0.180974899;0.139469659;-0.532354603;-0.009824607;-6.661081539;-4.231990856;0.427440923;-0.167122447;27.5648362;79.88202342;46.15358034
89;10.75831264;5004.858004;0.817508444;9.38445034;0.006733796;3.059695734;0.000724412;56.86797833;5.371267294;-0.069582327;0.115665298;0.469537473;0.050712031;-4.918763989;-3.569560354;0.771681515;-0.421619082;27.7608269;16.89188093;38.46306609
90;0.113885405;502.958399;0.005747195;28.91631019;0.000383867;0.001652914;0.006460037;1.688615127;36.09118927;-0.442517828;0.33417743;-0.510156376;0.203612031;-6.449109527;-4.237064034;0.418870343;-0.217962427;27.4195315;84.00370984;47.52994971
91;0.107208557;417.0100991;0.004198041;28.68734275;0.000361612;0.001684191;0.008801918;1.565414061;36.13162623;-0.30762652;0.07812723;-0.212906903;-0.024527179;-5.531283357;-4.028850335;0.377674163;-0.269305089;27.4875652;87.83229753;41.84805243
92;16.80710546;5649.630232;0.456379739;10.52888627;0.007650231;3.700811757;0.061822298;20.64900361;19.10423833;-0.294961846;0.374767464;0.299590725;-0.043150411;-4.905988013;-3.701361715;0.396103758;-0.406747895;27.9439918;15.63036047;42.16507347
93;0.128578711;788.8372753;0.005929631;10.68147924;0.00180342;0.30689323;0.002697743;4.737433799;32.85774528;-0.617083625;0.550553598;0.319732161;-0.601423535;-5.911202792;-3.960794857;0.441625563;-0.171015847;27.9684088;79.29487875;45.28881478
94;11.30873238;5182.39919;1.260906701;10.29999744;0.010275433;5.96532875;0.025235913;25.43148958;8.377737557;-0.044862277;0.048066639;0.1086717;-0.115287917;-4.231558423;-3.130545817;0.207899052;-0.705923629;28.1676422;15.09252937;39.2684485
95;0.103307916;463.8913675;0.004952561;27.46665905;0.000389565;0.001568101;0.003533724;1.712296048;36.04846343;-0.474867972;0.107425102;-0.129278656;0.092264578;-5.981536681;-4.206264186;0.3152412;-0.073862166;27.352126;86.57458014;45.69716624
96;7.256407961;4586.955925;0.562532994;10.52888627;0.005047411;2.760110688;0.004363434;9.102438514;21.51630062;-0.205694764;0.111697722;0.121848425;0.057627727;-4.292103129;-2.818629698;0.006215243;-0.745322194;28.4455308;23.95556239;41.04911261
97;0.105482689;394.880442;0.005495019;20.59992274;0.000313353;0.002382674;0.016231094;1.452645783;36.13544264;-0.824610521;0.439771404;-0.67883374;0.199186531;-4.900022938;-3.522791062;0.554418288;-0.528405852;28.2602847;86.70850361;37.20540414
98;0.127053825;511.6423444;0.007148214;45.93038504;0.000518804;0.001198776;0.005371285;1.950463473;36.19342639;-0.05737412;0.037842677;-0.651285244;0.03132446;-6.887865258;-4.427758715;0.364724359;-0.330827952;27.3593064;82.23356346;49.71243846
99;11.5055652;5938.479677;0.8625816;8.31628218;0.009020675;4.553362969;0.000876398;42.11913411;3.937664025;-0.084536636;0.122989702;0.065838996;-0.095697807;-4.863704326;-3.614171794;0.650737733;-0.451175368;28.1044262;19.20438781;42.10103626
100;0.11019833;469.0357184;0.00573244;32.50235865;0.000358934;0.001479756;0.005749803;1.638908425;36.03320491;-0.45777768;0.224005776;0.038953802;-0.023637411;-6.264530646;-4.113412843;0.400113372;0.00082372;27.4677431;83.86847976;46.82127349
101;12.03958481;4631.94502;2.271832113;7.019257516;0.013925824;8.711782912;0.014002867;52.81375719;0.660726911;0.000915806;0.021667819;0.133375411;0.051055621;-3.654866018;-2.682776774;0.102811964;-3.169204161;28.1235062;16.31369173;35.58668121
102;0.195347702;723.3032649;0.005670885;16.17482844;0.000467963;0.044507675;0.014355255;1.808152499;35.20196756;-0.727563152;0.60701402;1.126376025;-0.811745237;-5.214950803;-3.873245064;0.277637485;-0.480167087;27.9917703;81.21220699;43.61599809
103;3.322270482;3399.977836;0.159579315;10.52888627;0.005124807;1.912014463;0.000519359;19.17291053;25.55617208;-0.586565374;0.725730001;0.104662888;0.357426023;-5.79767125;-3.808248124;0.666053482;-0.666186481;27.8728726;46.44150828;41.70450364
104;0.115073504;501.6273658;0.00594986;38.14811507;0.000479637;0.00118473;0.00611186;1.85950652;36.13391512;-0.24414853;0.188604792;-0.614430253;0.054046815;-6.943409473;-4.411702812;0.283713295;-0.128625795;27.3430632;82.55794274;46.36575875
105;0.235086239;1290.941798;0.013841368;12.43631235;0.001890423;0.357127319;0.00148499;4.800224175;32.90430186;-0.573137363;0.673848846;0.182229271;0.233986102;-6.477457449;-4.12758411;0.240139446;-0.344101019;27.8458326;70.61522133;44.22508199
106;0.109363473;455.1244847;0.005336813;22.92703517;0.000329498;0.002013635;0.014046722;1.463971842;36.16023742;-0.635853498;0.351268391;-0.879984528;-0.036163487;-5.121418936;-3.792804205;0.532201915;-0.11706621;27.9577886;83.41729148;44.05486214
107;2.445355868;3422.625977;0.046827143;10.52888627;0.005420909;1.878192275;0.001009123;14.17144421;24.86953099;-0.631122766;0.514541979;0.411412689;-0.2843178;-5.523234899;-3.903888834;0.637760671;-0.00863377;28.0143158;49.0408262;42.47427681
108;1.430348208;2550.85213;0.025281325;10.52888627;0.003179148;1.82437246;0.056594237;7.906986991;30.31402715;-0.386974654;0.059511179;-0.332736121;-0.075747258;-4.549970202;-3.290786678;0.171389693;-0.484842748;28.2491805;54.55219602;41.64710871
109;0.10403756;445.9287708;0.004979071;36.50774466;0.000343334;0.001597461;0.011333434;1.516444743;36.19876707;-0.442670605;0.24079043;-0.649874848;-0.187525076;-5.658726853;-4.115664335;0.40155591;0.068088499;27.6214517;85.08536625;44.90298271
110;7.960175273;4585.977174;1.161553132;7.019292674;0.006376095;2.336981536;0.000560767;50.23777272;5.871773251;-0.046998898;0.185552705;0.076121404;0.141033385;-3.783032763;-2.686367433;-3.050789182;-5.728257317;27.6637863;21.18006264;39.62431406
111;0.102118109;432.2824549;0.004663945;32.65482948;0.00034446;0.001293251;0.005797227;1.618902172;36.13086328;-0.370494811;0.218512596;-0.297066005;0.039722375;-6.533331287;-4.223057656;0.522974537;-0.503299975;27.4027104;86.27499879;45.62222232
112;12.1886273;4566.658403;2.426139425;11.06296451;0.01100525;7.212276891;0.0105174;62.94357082;0.849559078;-0.027619198;-0.015716851;0.790419488;0.111988408;-3.456671952;-2.912952137;-0.06662303;-2.048066467;27.9678921;13.6384233;37.15926023
113;13.59931724;5417.309036;1.0017838;7.896654865;0.011253333;6.134411986;0.016915585;28.36172156;3.601957526;-0.015411972;0.055085964;-0.105371333;0.046057336;-4.44932307;-3.430058763;0.435281935;-0.669451073;27.9631807;14.50163934;38.18947738
114;11.02547768;5219.186292;0.762357838;10.52888627;0.007094344;3.434098982;0.068082491;19.50575517;20.87237543;-0.321054422;0.290535688;0.146393451;-0.082508873;-4.654975577;-3.551985695;0.48166171;-0.493440365;28.2752582;22.66886351;43.6219152
115;5.258908132;4164.782236;0.288668075;10.52888627;0.005429571;1.898433571;0.001844188;13.49476574;23.20856557;-0.407727641;0.494400237;0.571377997;0.23351174;-5.269569926;-3.843924421;0.434165355;-0.527254998;28.2049722;25.11934131;45.35373692
116;9.679380764;5401.58184;1.21233912;10.52888627;0.00689936;3.473946454;0.052302363;17.44082536;21.43621397;-0.237434153;0.124515386;0.067454378;-0.009917144;-4.401161679;-3.222141365;0.324197053;-0.705069007;28.3048709;20.97023394;40.75756495
117;8.510639544;4886.754926;1.665286264;7.019257516;0.007926032;4.440733337;0.001163463;60.38756427;2.082123462;-0.090182077;0.074770744;0.135221193;-0.00328916;-4.302238156;-3.315858114;0.830353111;-1.709539068;27.6560956;20.80505711;38.33049496
118;12.08914597;5177.420085;1.80897533;10.5288723;0.007542333;5.86623137;0.008824563;21.33605446;12.80325423;-0.023193989;0.015259051;0.003294729;-0.148207572;-4.171401108;-2.794721475;0.006957964;-0.83892461;28.0568438;15.76544533;37.76712261
119;0.101915458;390.3757796;0.005103981;23.19410283;0.000350874;0.001852224;0.011043203;1.502416234;36.1728262;-0.301827884;0.093691718;-0.36919554;-0.085536856;-5.297717211;-3.800264938;0.488303529;-0.312954964;27.8677661;85.19479541;39.57757248
120;0.116597806;466.0403883;0.00606098;16.63262728;0.00062473;0.035055952;0.008369085;2.127396708;35.58610382;-0.778830007;0.550554298;-0.547849713;-0.125227847;-5.921013162;-4.019991353;0.24685661;-0.098375812;27.8027896;85.45449964;46.07744809
121;0.309828911;691.6917328;0.007859913;11.59702615;0.001159073;0.086806133;0.008846174;3.224121076;31.93913327;-0.536209257;0.560624143;1.48890535;0.19135108;-5.551732555;-3.031277906;0.256689593;-0.407429367;28.0969777;73.96699479;37.39659764
122;0.143302511;584.6444623;0.017882901;23.65183811;0.001128962;0.117410156;0.00161284;3.455100345;35.99963422;0.265511339;0.213019537;0.245720594;-0.012187757;-7.06956587;-4.041952275;0.194317482;-0.157187806;27.7055646;78.81322371;47.9742613
123;11.79769163;5376.950649;1.898786876;10.45258764;0.008866294;9.234639609;0.003899933;53.64094491;4.052852253;-0.018158598;0.003356628;0.536837594;-0.154783837;-4.370030773;-1.555429059;1.907620544;-3.548291625;28.5966721;18.64159335;38.43082467
124;7.006713428;4586.600195;1.511261585;7.095551677;0.006364669;3.268546503;0.003009225;49.81850703;9.448515234;-0.229497825;0.249641052;-0.310898226;-0.17208198;-4.008534307;-1.648770051;4.910860435;-4.40820364;27.834188;20.86353205;38.20639056
125;0.10842689;432.7376681;0.006002097;15.18294199;0.000407902;0.002284748;0.011288528;1.493267034;36.01412998;-0.244758762;0.073244662;-0.525584554;0.079157795;-5.355301577;-2.161932016;0.340551279;-0.173613187;28.0744191;84.12821267;45.84570907
126;9.033020922;4691.728766;1.976242836;8.545205486;0.011448633;7.640135901;0.010769487;67.77095609;0.453200665;-0.045472262;0.141300993;0.475962138;0.355718082;-4.310012693;-2.238981042;-0.256277379;-1.599474897;28.3792496;17.00818199;36.48353738
127;1.746543768;2202.035216;0.045306792;10.52888627;0.004422517;2.482611105;0.079973939;12.94435353;27.46514306;-0.425428109;0.256965948;-0.210985435;-0.118673198;-5.274866453;-2.188970225;0.329590745;-0.380058522;28.5698803;50.35256374;41.10322915
128;0.106465227;387.5224503;0.005550345;37.9192467;0.000571213;0.004010766;0.003462439;2.031022801;36.23538934;-0.397961624;-0.02502464;-0.723453949;0.020488226;-6.413179266;-3.691246931;0.258228334;-0.451203314;27.6559795;87.45226659;40.23363763
129;11.01541613;4620.717532;0.973761993;9.38445034;0.007017563;4.235899627;0.000714275;68.20969216;1.413016792;-0.070497926;0.137333553;0.65249454;0.167601503;-4.846737818;-2.470025127;0.206941936;-0.15906563;28.0958169;17.90199317;36.07023877
130;0.739186553;1086.498774;0.026046448;21.21032922;0.001132907;0.179072519;0.009649713;3.285895233;34.62859245;-0.488295807;0.409557698;-0.73218141;-0.090326385;-6.227962452;-3.394290695;0.320359146;-0.203191841;28.0257998;60.95044001;41.55693168
131;0.089249543;358.2550168;0.004809363;18.53999799;0.000407653;0.002137582;0.01478003;1.477444655;35.98513721;-0.239875227;0.09826952;-0.720078742;-0.009503171;-5.618235413;-2.755654735;0.453264335;-0.427741853;28.1064818;89.73020367;36.229037
132;11.04839962;5219.613735;1.575344965;10.52888627;0.0084452;4.148462796;0.076886293;22.71238664;16.50292206;-0.299844857;0.470443147;0.342447621;-0.118966492;-5.165827427;-2.50274079;0.1871064;-0.601586773;28.291958;20.61989377;36.36773203
133;2.360662696;1881.313396;0.052037297;10.68148053;0.002923913;0.675479474;0.00216523;7.210970215;30.3689585;-0.587175825;0.614032352;0.263389921;-0.505685826;-5.589244527;-3.1361505;0.19559112;-0.371926221;28.0283788;62.99485556;40.28442437
134;13.42978406;5703.448399;1.762739752;10.29999744;0.010037955;5.369268753;0.038649272;25.03071155;9.397432722;-0.074465264;0.085909667;0.141605293;-0.062601137;-4.991768995;-1.945491953;0.100818532;-0.502522533;28.4271426;14.1241189;38.37476186
135;0.104725956;395.3493982;0.006274114;20.59997841;0.000533071;0.00175164;0.007228361;1.878652129;35.99505587;-0.319223629;0.008850349;0.140937201;0.039664856;-5.891091259;-3.338636141;0.307529301;-0.501529291;27.6591056;83.64801271;41.11259658
136;5.522151337;4108.871923;0.385092756;10.52888627;0.003699412;1.327981526;0.004206784;5.409966381;26.73344197;-0.333872404;0.185857708;-0.026364228;-0.151507736;-5.10617033;-1.649719102;-0.221847895;-0.51086205;28.8414263;31.56827723;44.5626415
137;0.093263613;384.4282251;0.004203113;15.18284288;0.000385021;0.003032334;0.018869579;1.408172284;36.06448628;-0.886257714;0.548417293;-0.629467841;-0.10552923;-5.281220347;-2.031839855;0.389745379;-0.228921264;28.3017217;90.43973579;43.19445189
138;0.124650652;426.3614917;0.010296322;36.0118599;0.00051675;0.001319062;0.004968605;1.829018092;36.28727091;-0.19623389;0.263984721;-0.605551027;-0.038189188;-6.627735626;-3.701143271;0.385425342;-0.352134383;27.359722;79.52723919;42.93412199
139;15.3105763;5758.755432;0.923734468;8.31628218;0.009454566;5.575763022;0.001055549;48.19049688;0.807222098;-0.085147007;0.146183842;0.075739838;-0.098994464;-4.914571978;-2.556749264;0.367338701;-0.590802208;28.3577005;14.29144587;36.57149
140;0.1312042;465.9510669;0.015487096;21.97329353;0.000552796;0.010453987;0.009112861;1.931677232;35.5693237;-0.440076994;0.208746445;-0.182323491;-0.026451967;-5.94505988;-3.379825781;0.250793367;-0.164536097;27.7282475;76.72375733;44.8268833
141;11.81164469;5708.618955;1.774472814;7.019257516;0.013244779;8.453743496;0.010950788;61.0499239;0.226602325;-0.025940582;0.055848516;0.215708884;0.077400314;-4.462700092;-1.710238496;0.639899147;-3.268209104;28.3416681;13.09024214;39.22647605
142;0.242299454;637.3996433;0.008605797;12.66520473;0.000634637;0.104012493;0.019358335;2.133530817;33.33271332;-0.512103373;0.58504142;2.174269042;-1.04940766;-5.357747317;-2.63251874;0.192762567;-0.776388221;28.2984761;79.00591868;37.17406678
143;6.689575395;4297.329292;1.284686251;10.52888627;0.006062993;3.009620468;0.000511374;25.65655799;20.79528159;-0.580461652;0.769066141;0.342129997;0.51870405;-5.463621497;-2.800737387;0.418630376;-0.472658198;28.0672115;27.11090357;43.39099058
144;0.223572029;825.3908194;0.045673313;29.90809958;0.001110754;0.151279799;0.005680959;3.208688034;35.47013577;-0.175787094;0.259407618;-0.570926089;0.09001432;-6.705706114;-3.749738554;0.378875271;-0.56891351;27.8685781;69.26851333;47.15772041
145;1.917504146;2688.890591;0.034485366;10.75777612;0.003383591;1.110179397;0.000912259;9.432663779;28.99106686;-0.567643587;0.691854498;-0.33276008;0.364113648;-6.164360448;-3.218255304;0.178781928;-0.852619765;28.2383843;43.80762283;40.61490452
146;0.096904973;392.6405583;0.004594161;19.64630523;0.000395937;0.002491785;0.015538852;1.4287419;36.0618153;-0.682699456;0.445876051;-1.08112806;0.046149528;-5.419449637;-2.372670899;0.369990329;-0.195038127;28.326814;86.88753853;42.5288185
147;3.244287358;4058.134892;0.604375716;10.52888627;0.006635491;2.690366778;0.001072523;17.40085384;21.18747198;-0.615863638;0.618304695;0.457641031;-0.215244228;-5.331491761;-2.911100962;0.278051851;-0.190583616;28.1770169;32.76602145;39.36296566
148;0.633116022;1235.030257;0.028874915;10.52888627;0.003005914;1.792702015;0.070039411;7.740477468;31.2921448;-0.458082778;0.201727399;-0.392033999;0.062543883;-5.176646723;-1.940978186;0.005161211;-0.267479444;28.41462;55.75860844;44.39855241
149;0.100005069;372.7338215;0.004823134;20.63813675;0.000409715;0.002326165;0.016795687;1.488880715;35.97178599;-0.477003584;0.303353285;-1.002403044;-0.019238314;-5.658782179;-3.007329501;0.467059673;-0.267233075;28.1044469;85.80899434;36.62452215
150;5.837505913;4246.489317;1.214341289;7.019292674;0.006638699;3.445051883;0.000581947;65.78129566;2.040167777;-0.05371309;0.209357268;0.204832483;0.157280201;-3.648754154;-1.802679771;-2.353838725;-5.762889521;27.9519347;21.92591776;36.62982879
151;0.154094356;533.5373918;0.025975439;25.17775675;0.000467398;0.008321465;0.00851289;1.750271289;35.63798855;-0.448011725;0.259407569;-0.290966104;0.003072353;-6.169102612;-3.475857339;0.400500488;-0.326831016;27.7492181;77.1181096;41.61232372
152;10.17043554;4968.98785;1.798171695;11.44444076;0.010886754;6.912485055;0.008598537;69.14362018;0.288018475;-0.032044397;-0.006866424;0.951803933;0.135039241;-4.017242465;-1.973047656;0.5496883;-2.178655007;28.391642;13.73116245;39.31821867
153;11.53034314;5517.4192;2.197601127;7.896654865;0.011447995;6.242125207;0.019964913;29.13424631;1.419502484;-0.015411972;0.090029661;-0.088901404;0.055924947;-4.93418092;-2.249703356;0.24651337;-0.619508774;28.2920921;15.14166729;37.44332843
154;10.17502862;5636.645571;1.866635046;10.52888627;0.00725926;3.625770931;0.08816434;20.71023791;19.76531462;-0.330209817;0.397960426;0.118391536;-0.072654123;-5.195068662;-2.255473904;0.3082883;-0.499627005;28.5422169;21.15708748;39.63966803
155;6.685552039;4269.584501;0.49940232;10.52888627;0.006407269;2.359428981;0.001923039;15.91089669;20.15747091;-0.396435895;0.572832875;0.576268802;0.264810348;-5.27956722;-2.763328355;0.207095417;-0.690286163;28.2981109;25.17697442;37.55864797
156;8.157493487;5108.894677;0.9353026;10.52888627;0.006176642;2.940095129;0.055723563;15.73892846;23.24215094;-0.248420946;0.181584423;-0.28003455;-0.093923194;-5.098842614;-1.931400087;0.195719824;-0.466827713;28.6843947;24.75798054;41.89622471
157;12.57528914;5231.757568;1.647847476;7.019257516;0.007443589;4.589839083;0.00157235;75.0281952;0.521102675;-0.101626479;0.104984047;0.118737789;8.87E-06;-4.397008795;-2.221074167;0.446892863;-1.539335953;27.9839105;16.99897165;36.62465732
158;12.05721941;5542.949438;1.495808906;10.5288723;0.006388578;3.8455211;0.011048602;15.48659346;13.95533412;-0.099490263;0.096743467;0.144910608;-0.05928821;-5.083167086;-1.722997624;-0.069052215;-0.488783998;28.5244558;18.27170356;43.01025784
159;0.102097941;417.2491992;0.005413917;15.79334318;0.000404224;0.00212772;0.014721364;1.436386726;36.04007102;-0.337229194;0.155339097;-0.662375832;-0.004786438;-5.456424644;-2.369842967;0.424672381;-0.138907527;28.1078945;87.94736604;43.65260001
160;0.326995953;813.3662232;0.011501487;16.63253968;0.001223256;0.122633701;0.008413786;3.443181122;33.88775187;-0.719015078;0.589007183;-0.580977485;-0.346231139;-5.697797132;-3.182190841;0.164225354;-0.511318251;28.028967;74.23487823;40.08842197
161;1.193710891;2702.31333;0.022541313;13.7333252;0.004529397;1.679166903;0.001149739;11.02258687;27.92747477;-0.543839454;0.526138932;0.12149558;-0.114284089;-4.773380277;-1.379105125;0.412626072;-0.381749799;28.5518002;52.50920522;37.78337263
162;0.244150444;816.8959649;0.013192978;13.96221862;0.001345796;0.177194357;0.002202048;4.021742551;34.34782058;-0.105746455;0.06485166;-0.086657358;0.033632815;-7.531426103;-3.418984194;0.255162522;-0.444734561;27.9815838;67.32244728;45.98418592
163;12.50326049;5588.984809;1.140080801;10.41443823;0.009033933;8.276177965;0.003369784;50.71421385;4.015464858;-0.018158301;0.030060452;0.434738016;-0.217363245;-3.71681165;-0.849001349;2.187866943;-2.747225631;29.2630903;14.80463534;39.46548139
164;8.685979103;4608.287974;0.759568029;7.095551677;0.006440204;3.383996412;0.004254844;48.62204918;11.07744603;-0.254828118;0.271309265;-0.316073018;-0.098044591;-3.740969485;-0.680022699;5.359477923;-3.379765755;28.1241356;16.64616072;36.98677734
165;0.095265361;382.5903812;0.005242633;14.6488876;0.000473149;0.002771201;0.013815722;1.404549472;36.05990736;-0.173040351;0.08056922;-0.594734113;0.220882248;-4.758537389;-1.019841552;0.19890877;-0.30252216;28.5332743;89.2378236;40.6008181
166;10.23808324;4665.599017;1.833906069;8.545205486;0.013635483;8.931187476;0.015963707;60.65406741;0.187689543;-0.042115243;0.17578682;0.373841772;0.3803982;-3.510059991;-1.228811226;-0.108728589;-1.109543947;28.5034514;14.08041533;34.35898681
167;2.473278618;2608.155758;0.054152245;10.52888627;0.008656132;5.096516446;0.128594248;24.56285268;23.35887429;-0.34974207;0.208135966;-0.355890678;0.042763752;-4.560921367;-1.214642375;0.19692298;-0.330325974;28.7255207;45.37802997;41.96317434
168;0.119104806;481.5526359;0.005987292;22.04963418;0.001527292;0.187672265;0.000506108;4.294989092;35.37018853;0.050965655;0.03051875;-0.372771978;0.049963007;-6.572346669;-2.707136455;0.513369621;-0.561305468;28.136761;82.98122601;36.32501158
169;7.259481049;4355.198538;0.720532422;9.38445034;0.007566475;4.701650165;0.000569767;65.72108339;2.468190905;-0.110172;0.207220805;0.588159944;0.015901502;-4.110262;-1.122306132;0.565134787;-0.259348864;28.3140235;22.09736559;37.89107742
170;0.423533393;1027.787935;0.008394159;13.19924749;0.002400833;0.933563148;0.004583495;6.758237972;31.80639614;-0.271919597;0.470289983;-0.41100023;0.008302958;-6.337530408;-2.304147921;0.68714423;-0.71954394;28.2787594;68.85471571;37.53492692
171;0.374118289;987.2057892;0.00643127;14.57260732;0.000882427;0.059756638;0.010775121;2.323960112;34.85137782;-0.254219043;0.180364518;-0.265447927;-0.01969945;-5.028740275;-1.52147608;0.480807346;-0.637756725;28.4485973;77.705014;36.78378265
172;8.314734024;4687.571726;0.579372097;10.52888627;0.012693926;6.49323867;0.038725454;30.08826342;14.23881889;-0.286721935;0.481887204;0.134855546;-0.128863441;-4.18584604;-1.279793372;0.090119756;-0.254451271;28.607514;21.02753248;36.45384057
173;1.785412676;2233.564223;0.112140869;11.29184032;0.005272302;2.399399222;0.00036924;14.07350921;25.49667708;-0.557268189;0.60914964;-0.382854857;-0.112376059;-5.176827635;-1.610743661;0.649346864;-0.332903436;28.3462688;43.55310206;35.08743215
174;14.36902327;5405.821664;1.344950759;10.29999744;0.012133488;6.680081987;0.068542981;30.19006058;11.20985219;-0.109256431;0.120700693;0.049378744;-0.082372893;-4.284283684;-1.114891234;-0.213296559;-0.569333143;28.8714523;14.01301406;36.35743956
175;0.258443796;1080.174371;0.008556369;16.17478415;0.001477295;0.159558239;0.003784481;3.880977139;34.95513897;-0.380870983;0.145573262;-0.409155204;0.090725489;-5.585926298;-1.780078546;0.566506788;-0.780666464;28.2727476;78.25078779;37.24013074
176;4.312370664;3161.254238;0.161482614;10.52888627;0.003927298;1.439651498;0.004083637;6.40232139;27.8412637;-0.27466652;0.180974679;0.014805969;-0.136687203;-4.801031127;-0.781798238;-0.266859223;-0.828816489;29.282038;28.64250088;40.33939313
177;0.21488372;734.1297054;0.01027787;14.87773378;0.00044102;0.004086059;0.020195513;1.367494966;36.01793346;-0.86763962;0.586869438;1.170600836;-0.290316287;-4.693652116;-0.96001031;0.284972674;-0.26294421;28.6596135;76.46609687;43.84327033
178;0.314986396;741.7299671;0.012513276;13.35185762;0.001587412;0.340572156;0.003059038;4.533719634;34.71175413;0.087893355;0.157475273;-0.148652543;-0.065910188;-6.999131976;-2.928120282;0.48265073;-0.626895666;28.1440491;67.83721468;40.25658602
179;13.79180364;5401.230898;0.562947896;8.31628218;0.010847608;6.719634756;0.000752203;43.92816411;0.822479676;-0.102237126;0.188299331;0.2321335;0.204076167;-4.048478717;-1.158987382;0.236267824;-0.156034495;28.3869096;14.92910019;33.73415231
180;0.202342062;852.2814235;0.008507998;15.5644583;0.002343011;0.637410728;0.000489731;6.155280755;34.24634486;-0.443738875;0.32105452;-0.577770203;0.069305905;-5.749051198;-1.899773843;0.681813514;-0.80429126;28.2193541;78.28327046;35.13447055
181;14.01645654;5333.793249;1.801207026;7.019257516;0.016155935;9.885519621;0.015119699;50.83892601;0.020600731;-0.036011785;0.058595232;0.255230145;0.093864861;-3.742856443;-1.067183435;0.865578146;-2.726904707;28.844178;12.00954673;35.77541845
182;1.31262465;1904.266248;0.024637905;10.91037018;0.003586493;1.142070279;0.007271483;8.91243296;28.76141824;-0.500199197;0.444349941;0.941836786;-0.125961873;-4.442145313;-1.316630959;0.203811747;-0.732475317;28.7759823;57.48665899;37.45059858
183;4.457182851;3155.034943;0.186823311;10.52888627;0.006658489;4.128182338;0.000421472;35.22609867;16.7409108;-0.553605446;0.749534419;0.193757292;0.354238888;-5.090971168;-1.409258155;0.788852603;-0.618107036;28.6666658;28.49136047;33.34762419
184;0.232413244;938.1996049;0.012792722;13.88591728;0.001769515;0.601278368;0.005252672;5.306876114;33.1507278;-0.105594267;0.241096465;-0.046842385;-0.124912135;-7.072594188;-2.938986617;0.387692611;-0.488713572;28.2500879;72.51337709;42.85053206
185;2.540834253;2763.513857;0.060487977;10.52888627;0.003750318;1.979854599;0.000722795;14.0936335;24.94736465;-0.502333786;0.695211261;-0.458469912;0.657733417;-6.313559484;-2.16804715;0.511567805;-1.039844897;28.2981814;56.35062994;36.76101206
186;0.172992364;606.3300993;0.008488836;14.11481123;0.000686209;0.036820527;0.014969011;2.025945808;35.34538726;-0.690633546;0.439619179;-0.464813236;-0.715192335;-4.673713458;-1.100908722;0.250090308;-0.24460936;28.7217389;76.66021557;37.35588774
187;6.137495899;4362.798403;0.653851177;10.52888627;0.008221775;4.47142925;0.000457587;22.71236283;16.63563607;-0.549943601;0.606097168;0.526884043;-0.129429006;-4.508070047;-1.303785319;0.57783656;-0.162186038;28.4501756;28.22915698;35.78204074
188;1.242785917;1817.835276;0.022782903;10.52888627;0.005321402;3.231054155;0.102168564;14.55780842;28.19604218;-0.36042375;0.131840041;-0.355775853;0.115272442;-4.697857371;-0.99051416;-0.188526718;-0.310750468;28.8730121;52.3341956;41.66790079
189;0.545411524;1088.151513;0.010192471;14.07662925;0.001854546;0.362696529;0.006114729;4.636852221;32.95198276;-0.381786343;0.280769688;-0.521361133;-0.276662933;-4.903169171;-1.501667577;0.60486108;-0.283576714;28.5448393;75.99751501;37.44928681
190;7.775696772;4562.534793;0.381507941;7.019292674;0.007101257;3.628796689;0.000556927;65.12500619;2.7222678;-0.051271661;0.233772148;0.155396869;0.088106142;-3.109799171;-0.82915752;-0.631502872;-4.954621872;28.2571823;21.58463553;38.45625552
191;0.213085765;682.4983039;0.00440241;14.80147834;0.002005348;0.567967028;0.003003277;5.43570662;34.35621018;-0.200811901;0.349132073;-0.758991816;-0.065851277;-6.334873738;-2.380215935;0.721688287;-1.022886215;28.0817709;78.54622926;36.02763168
192;11.87587637;4861.765424;1.76962866;11.44444196;0.01243405;8.086143317;0.009453368;60.92977234;0.077440748;-0.021820726;0.004883177;0.760787959;0.128446274;-3.31076955;-1.240848476;0.650287724;-1.315504038;28.7332231;13.18739938;35.01427736
193;12.94280845;5637.915753;1.87498158;7.896654865;0.013586638;7.477368868;0.02018052;33.34080154;3.200645499;-0.022889003;0.137028467;0.256972946;0.078961549;-4.012271959;-1.263641535;-0.042256697;-0.262414245;28.4846447;13.6987534;38.48537784
194;6.589043696;4245.291814;0.684750244;10.52888627;0.011342986;5.563195582;0.053284208;27.92943827;17.85256593;-0.326853096;0.351877847;-0.038068855;-0.056169833;-4.303961459;-1.282570253;-0.009644653;-0.340174139;28.7860986;27.36126806;38.32891401
195;7.499470516;4430.905712;0.50782982;10.52888627;0.009092256;4.571506309;0.001001346;21.82429827;16.72184932;-0.372021115;0.595111306;0.355465306;0.131266094;-4.358998474;-1.258137724;0.271245904;-0.336873878;28.5783381;23.79713911;37.71082946
196;4.745774158;3920.64312;0.24748083;10.52888627;0.009073631;5.034300612;0.104849317;23.82135253;21.95808012;-0.278939311;0.145267833;0.011450191;0.041125813;-4.526579611;-1.10633723;-0.097161577;-0.522389768;28.8474468;26.98105712;39.33898485
197;11.62481667;5248.847351;0.715629334;7.019257516;0.008427244;5.280354274;0.001206527;70.43566755;0.313576968;-0.094454609;0.124210665;0.036381179;0.003298093;-3.584184333;-0.991715784;0.760865181;-1.211724509;28.5984725;15.44544391;38.86368697
198;10.92434664;4886.913289;0.72690068;10.5288723;0.006851939;4.060718326;0.009633358;17.01694664;18.09287776;-0.124210289;0.131229328;0.085629828;-0.115276017;-4.561222006;-0.900361394;-0.03786722;-0.555719937;29.1443932;18.71887795;36.97688508
199;0.099081498;380.9565722;0.004977773;15.18297669;0.000458468;0.002681221;0.01481779;1.40803923;35.99658121;-0.341501678;0.1959286;-0.692049666;0.17479493;-4.793370423;-1.180509523;0.452677925;-0.505533535;28.4419005;89.2453861;38.57630456
200;1.01096578;1353.20342;0.061515774;15.56438921;0.003776304;1.42573375;0.000947863;9.571727519;29.68383066;-0.51393133;0.51087971;-0.3204649;-0.092525736;-5.152203257;-1.59080265;0.708700547;-0.50925708;28.3445005;56.44498353;35.23619175
201;1.162210354;2151.518033;0.025760947;12.58887211;0.003254348;1.006361356;0.014585104;9.316251891;29.71281413;-0.448316089;0.490737614;0.383317408;-0.36172543;-4.02387082;-0.89379457;-0.134523076;-0.06612102;28.7463784;53.68937361;46.84783973
202;0.727150614;1468.114845;0.02288402;19.68443426;0.001858795;0.234285172;0.000121017;5.467167859;35.13214354;-0.105136144;-0.141148267;-0.429120795;0.000947632;-5.690635552;-1.594085523;0.456982154;-0.225560962;28.509046;57.95147831;46.72375933
203;9.406026091;5622.146145;0.923210306;10.41443823;0.007200301;3.415297512;0.002276375;43.0168627;8.473067097;-0.034180205;0.055543316;0.546716307;-0.217368627;-4.016097952;-0.936339652;2.072454267;-2.695121571;28.9664002;17.00017333;44.12853137
204;8.858526341;5301.471492;0.825231138;7.095551677;0.007074671;3.547561247;0.003397888;53.05207583;12.14560453;-0.250860748;0.277413054;-0.301307114;-0.028836163;-2.783097627;-0.316942795;4.202667371;-2.234060167;28.50552;17.95356806;43.16545385
205;0.120014264;501.5301268;0.006737704;13.12302125;0.00069139;0.002804778;0.012169823;1.920266191;36.11636729;-0.311594566;-0.29999614;-0.606465926;0.020391416;-4.116843593;-0.634557581;-0.14537266;0.066800827;28.3349203;80.7077734;48.58922861
206;9.594449114;5441.551396;1.900561141;8.545205159;0.014498143;8.582288365;0.018436216;56.00636047;0.604270304;-0.043030754;0.202337985;0.464426239;0.391925125;-3.944987554;-0.897938635;-0.272334172;-0.489136983;29.0278558;15.12752884;41.84030833
207;2.23994342;2798.201988;0.024500957;10.52888627;0.005542122;3.233468872;0.101193473;16.36698662;28.98038727;-0.48219246;0.168461908;-0.11221421;0.069105418;-4.409917595;-1.023554244;-0.182997995;0.000459488;28.3783218;58.61406796;46.5185201
208;0.648451855;1156.546227;0.014372738;12.20740752;0.001306758;0.059805134;0.004740064;3.617419892;34.31119592;0.06775061;0.220953958;0.063075576;-0.026935712;-4.137978838;-1.00378128;0.641405506;0.02770012;28.4219822;66.47571542;46.06814053
209;9.752296782;5757.886145;0.719023472;9.38445034;0.008013458;4.309915992;0.000520027;58.79073889;3.597379788;-0.125431215;0.258186581;0.393645945;0.020854715;-3.806325694;-0.674733003;-0.251239092;0.009702571;28.9196789;18.13561461;45.61393217
210;1.644840643;2017.125694;0.038378526;11.90221745;0.003634633;0.883661107;0.000425311;9.669152983;32.48008885;-0.355540632;0.298470619;-0.092132262;-0.044808843;-4.386614408;-1.160690749;0.378654199;0.18245814;28.5352162;49.97334645;44.87278584
211;0.772565531;1385.183715;0.010229189;14.03861655;0.000590022;0.002930799;0.013676157;1.671963445;35.69673713;-0.606097413;0.362254411;-0.720410545;-0.115254254;-3.977548326;-0.730029991;-0.139649759;0.146095746;28.3640464;69.04348594;47.56009249
212;9.094285867;5655.548095;0.827613352;10.52888627;0.009804898;5.294669039;0.126705155;27.85697158;20.09876122;-0.241402368;0.547197205;0.230502246;-0.362858697;-4.197156911;-1.016200997;-0.266787866;-0.11170302;28.9742573;19.26386697;47.21920818
213;2.152743536;2552.649649;0.066452216;10.98667698;0.005262172;1.551641961;0.000897896;14.71480804;28.88576059;-0.443128275;0.477919749;-0.132189167;-0.356727095;-3.853911973;-0.969503034;0.046054271;0.116980453;28.828145;39.11691591;46.26974161
214;12.35494219;6134.670952;1.285079852;10.29999744;0.008918002;4.377831802;0.108366578;23.1386193;18.92798434;-0.135960106;0.11658064;0.029610006;-0.069196168;-4.442628961;-0.986058314;-0.384297597;-0.464499123;28.8798439;15.24907436;43.649458
215;0.614360638;1194.40156;0.013048237;12.13110542;0.000677735;0.014962307;0.011474671;1.957479588;34.20743481;-0.332346377;0.287178973;-0.869370757;0.10538959;-3.854059053;-0.793323913;-0.057117722;-0.064633248;28.4956051;64.57051125;45.6287253
216;1.349179577;2268.032461;0.040705659;13.04667834;0.002365622;0.210466908;0.005948776;2.839780192;34.94063991;-0.242011568;0.108035584;-0.111989863;-0.214079037;-4.949958006;-0.96544545;-0.440052086;-0.437848194;29.1326773;42.92212211;46.03420564
217;0.112285503;479.6606506;0.005805765;21.51549355;0.000444785;0.003618675;0.020616363;1.4218363;36.1934269;-0.943022325;0.553606501;-0.003714118;-0.407006925;-4.484528717;-0.803873973;-0.022723403;-0.019167061;28.2839558;83.5787997;49.2981167
218;0.902425545;1537.512825;0.017221525;12.97036627;0.002183347;0.297119141;0.000822078;5.895070061;33.74889512;-0.204168294;0.06988734;0.14302395;-0.024625253;-4.810693592;-1.235106774;0.6070336;-0.092211535;28.3791205;61.98284885;45.21125819
219;12.47671176;6431.495515;0.810033758;8.31628218;0.010529359;5.06023237;0.000677056;36.94450269;2.025682165;-0.086062402;0.189215006;0.256859476;0.317735466;-4.000074861;-0.795176421;-0.188421441;-0.064825693;28.7105739;14.61256489;45.70414272
220;0.196746429;712.9478156;0.008927718;12.35998316;0.001554277;0.174931097;0.005284705;4.373607369;33.02713062;-0.228278234;0.359508043;0.052789926;-0.039361934;-3.93713195;-0.895805265;0.342772847;0.089018481;28.4437337;72.38181746;46.36227375
221;11.78429886;6365.091551;1.610775215;7.019257516;0.015864852;8.036659382;0.016615725;51.77842909;0.162521274;-0.03906373;0.078127167;0.339215348;0.166318151;-4.191832182;-0.954330786;0.72182498;-2.250533248;29.1307506;12.95619752;45.29920137
222;1.372159802;2767.550948;0.011557017;12.47445774;0.001190283;0.343815494;0.02462569;3.622238318;32.11272902;-0.541856695;0.544450592;0.418126084;0.042097458;-4.128042708;-0.965294137;-0.141967065;-0.128179183;28.3665145;66.62301577;48.07572356
223;5.572365335;4315.031955;0.455027572;10.52888627;0.006662761;3.34996972;0.00040297;36.92852466;20.72967226;-0.394909545;0.643330569;-0.090063799;0.381258013;-3.964235959;-0.804837036;0.076780194;-0.151073589;28.9650767;25.81307627;47.68972369
224;0.867816007;1534.443654;0.019495107;16.93777753;0.003193669;0.773040354;0.000321446;9.027502508;34.11206457;-0.458998562;0.25757676;-0.421220193;-0.118413116;-5.042565146;-1.140019095;0.696790579;-0.23631495;28.5707115;59.79078522;46.73829675
225;2.441440965;2932.148937;0.052554291;10.75777374;0.00517476;2.221567821;0.000256758;23.75089492;27.34840681;-0.42786917;0.539567016;-0.410208004;0.061506467;-4.485252324;-0.925283255;0.209136471;-0.095669465;28.9165009;40.16448037;48.36897222
226;0.66774463;1732.355101;0.008444759;16.28924474;0.000500879;0.003435233;0.017618293;1.502570003;35.96110288;-0.802788886;0.436566996;0.434452604;-0.336586334;-4.230182111;-0.861108973;-0.109266024;0.280775027;28.4275344;72.31621413;49.01894506
227;6.172772797;4507.838367;1.060999328;10.52888627;0.007071645;2.486552742;0.000781066;20.73408327;21.03183219;-0.424817121;0.437635368;0.45762206;-0.089581532;-3.973330883;-0.889609373;-0.145769424;0.058063123;28.9250964;22.23281255;45.61581804
228;0.58331346;1794.232484;0.015480201;10.52888627;0.003043274;1.801495184;0.079739797;7.990081286;32.17107991;-0.401623967;0.121158522;-0.217459167;0.321148188;-4.719799856;-1.02185021;-0.517449252;0.124219354;28.5765316;63.06407311;47.01672624
229;1.491749073;1866.000931;0.010674336;15.3355217;0.00053977;0.00326196;0.015876507;1.567434139;33.39717258;-0.537278677;0.409863645;0.029218534;-0.399211545;-4.016513011;-0.827412183;-0.08033014;0.23985594;28.6019206;68.91004464;45.10918377
230;7.990198798;5275.933101;0.624817414;7.019292674;0.007599096;3.840241047;0.000470539;67.43813351;3.012198937;-0.055544266;0.289315819;0.092824922;0.111137671;-2.773089265;-0.399828211;-0.528397021;-4.224670511;28.8962888;17.3355102;44.69038475
231;0.634039332;1353.926461;0.014174036;11.59703412;0.002230718;0.334295873;0.002124409;5.917596598;33.03476048;-0.241096425;0.221564274;0.187785456;-0.002879755;-4.293740208;-1.103719887;0.757984384;-0.137073122;28.4743426;64.95439162;47.20270193
232;10.96099683;5733.997821;1.623103827;11.67332699;0.013484701;8.40648476;0.009555294;56.24696903;0.04615924;-0.033265158;0.011444693;0.892526255;0.148206281;-3.824634461;-0.957085371;0.760775417;-1.225100966;29.0802546;13.74653455;43.3215382
233;14.19516904;6679.385044;1.358435207;7.896654865;0.010847755;4.965745785;0.066476793;27.39541245;7.547248239;-0.032349762;0.152135161;0.187818939;0.055900019;-4.234136447;-0.972622976;-0.279513999;-0.203212105;28.9458925;13.25141038;44.73433198
234;6.47774824;4988.8696;0.485262441;10.52888627;0.008141855;4.10025787;0.098581495;24.05400359;24.17218971;-0.407422778;0.406506397;-0.113874501;-0.015067155;-4.397223328;-1.084577566;-0.211823124;-0.016340628;29.0915104;24.20216837;47.71123914
235;8.450735457;5400.820623;0.602828564;10.52888627;0.007138935;2.721271952;0.018976901;19.1230066;20.05906344;-0.210883238;0.528886017;0.395300272;0.200670231;-4.088389694;-0.913420461;-0.166588757;-0.06900098;29.1104771;19.2244894;46.21695698
236;3.876261661;3974.199906;0.148141587;10.52888627;0.005491233;2.568108929;0.068495007;14.22575936;28.04652086;-0.341502202;0.105898777;0.115160179;-0.044498904;-4.662716334;-1.08500931;-0.305623673;-0.238612068;29.1020899;31.53166035;45.91783663
237;10.26792509;5842.184505;0.991984773;7.019257516;0.008948067;5.137861423;0.000887071;64.43248132;0.333033483;-0.103457557;0.133823988;0.036373034;-0.003287;-3.703484238;-0.577980371;0.127489703;-0.673022367;29.0837485;16.63855855;44.41940426
238;9.27508228;5542.981978;0.63005293;10.75775763;0.00443589;0.811369338;0.014381694;8.070730657;28.1426193;-0.090334879;0.162663274;0.195964455;0.036220254;-4.694781104;-0.941535433;-0.290146989;-0.67292071;29.0465728;17.18560853;42.93535191
239;0.173510769;641.845516;0.007613205;14.41998385;0.000616911;0.002776243;0.013841109;1.736979524;35.99276752;-0.615862936;0.015563676;-1.127522832;0.194757555;-4.080781863;-0.724623473;-0.128463226;0.144433884;28.3981281;76.92631085;49.61943978
240;0.6861689;1345.507949;0.022900607;16.02212324;0.003771197;0.963795554;0.003137106;9.766476768;31.17618294;-0.354625356;0.39124728;-0.530793187;-0.026320302;-3.907453962;-0.926466782;-0.054232011;-0.169380093;28.584018;56.46948082;43.28256535
241;1.062261368;2157.76186;0.014725048;11.97851105;0.001934684;0.366455289;0.008404039;5.763339315;34.20055834;-0.575577713;0.526444818;0.567116663;-0.889441944;-4.521218544;0.154088305;-0.335725978;0.092087902;28.6111356;62.31665267;50.44225438
242;1.101448979;2514.512805;0.038611326;11.59703171;0.002617873;0.603318574;9.72E-05;7.847570699;32.83600904;0.304880178;0.18631455;-0.902979271;-0.074760812;-3.691150963;-0.255815023;0.357959093;-0.285083318;29.2569054;47.83172668;48.29384877
243;10.65862;6107.537224;0.893196547;10.41443823;0.006502612;1.47182927;0.001346669;24.25228523;15.69145757;-0.086214055;0.065308878;0.945233812;-0.227255826;-4.834294061;-0.759066086;3.153872957;-2.825966591;28.979234;15.56541587;47.73457387
244;6.715041356;4933.476747;0.832298293;7.095551677;0.006619329;2.414760774;0.002865291;47.45634034;12.59271187;-0.240789705;0.274361139;-0.265017074;-0.007358632;-2.524197221;0.450464873;3.877950774;-1.67047631;28.8686406;18.6136798;46.79057314
245;0.119615391;521.6158651;0.0061467;14.80145439;0.000598983;0.002389794;0.013888342;1.884926914;36.10415964;-0.653707005;0.122379857;-0.779706039;0.051336474;-5.137345636;0.91503594;-0.261897004;0.172098471;28.3042594;81.78775252;51.5113021
246;9.434613703;5718.077889;1.854880722;8.545204832;0.014070527;7.359930809;0.017308436;46.79512617;2.850439757;-0.063478152;0.316782737;1.022750742;0.321070786;-4.710265416;-0.259467665;-0.369691538;-0.737946763;28.9052902;14.97652968;46.04487141
247;0.529472678;1225.551858;0.013151489;10.52888627;0.004124923;2.380530928;0.081196629;12.00757772;31.08005079;-0.608538357;0.298470834;-0.267052471;0.174509151;-5.503316143;0.066928159;-0.075934688;0.177547817;28.2595946;68.51293575;50.78825957
248;0.530745294;1214.814876;0.0222261;10.6051815;0.00188273;0.288395958;0.000113739;5.632687228;34.14258317;-0.196845107;-0.186772696;-1.12013343;0.199692751;-3.378537415;0.302036166;-0.240526021;-0.085303167;29.1981881;58.83164292;48.35424272
249;10.66987688;6064.770913;0.842583136;9.38445034;0.007825316;2.996700935;0.000612042;47.26473067;3.989543252;-0.133366059;0.30945779;0.634314011;0.159116018;-4.234423894;0.31806702;-0.621087824;-0.022305047;28.9989255;15.34993015;47.55218241
250;2.111789687;2808.799382;0.034908778;10.52888809;0.002253669;0.468939292;0.001187783;6.203119076;32.62352942;-0.603045971;0.676289575;-0.381159654;-0.299747392;-3.577502125;0.109099914;-0.251120846;0.135943498;29.2516459;51.27201035;48.816235
251;0.134012231;558.9296676;0.007258131;13.65705963;0.000653822;0.003027267;0.011881502;1.996188259;35.79668599;-0.793481189;0.448621758;-0.625417003;-0.051131501;-4.609757342;0.528351855;-0.312239193;-0.066606448;28.477257;78.46221498;51.2300981
252;6.566302045;4914.271826;0.856361953;10.52888627;0.007494417;3.694102798;0.097373212;21.65470276;26.37754854;-0.380414191;0.69551683;-0.280144437;-0.517737681;-5.146938346;-0.085802318;-0.359323193;0.012124796;29.0730916;22.52082138;50.10903677
253;3.366525958;3292.345986;0.063076538;10.52888627;0.003767461;0.900463503;0.001915965;9.418511598;30.76264907;-0.568864706;0.713522615;-0.1520307;-0.564646147;-4.115387633;0.102997841;-0.528510463;0.005064649;29.2176965;37.13543357;48.31028892
254;11.42124389;6297.666339;1.16517704;10.29999744;0.007057797;2.695945369;0.065098322;16.44333543;26.35770585;-0.225989634;0.144199995;0.085586016;0.01313463;-5.606809927;-0.324914732;-0.076633603;-0.3681687;28.8180583;15.65854769;49.25079257
255;0.151555861;582.8306311;0.009178876;12.28368849;0.000984683;0.044548872;0.005202228;2.92845406;35.2748189;-0.648212833;0.254523468;-0.597501134;-0.001321962;-4.065840623;0.27860689;-0.34188237;-0.04742906;28.7582421;76.06727333;49.79983995
256;0.429170347;1321.589035;0.02507443;14.42001133;0.002513932;0.05049449;0.003755864;2.501738494;35.65553648;-0.273445635;0.126957057;-0.10210834;-0.202551788;-6.126711975;-0.153182984;-0.229406449;-0.261219193;28.9690796;54.16353061;49.13127929
257;0.110065672;489.3604216;0.005690973;19.07411336;0.000416643;0.003033698;0.019266764;1.553561836;36.27201102;-0.915553953;0.570695188;0.74568116;-0.234290336;-5.605928843;0.471879955;0.041573869;0.137861264;28.173834;83.90693188;51.02279441
258;0.744625262;1688.588785;0.040201932;10.60518431;0.002276841;0.427923738;0.000113188;6.53472363;34.23337492;-0.217290852;0.247809391;-1.004211153;0.344626509;-3.33446565;0.08359579;0.098688376;-0.087570605;29.3849194;50.49359679;47.63862429
259;10.78453256;6384.161944;0.915482147;8.31628218;0.00955562;3.450255018;0.000780008;27.04931662;8.555887887;-0.128177991;0.24140157;0.200828024;0.009661718;-4.643218139;0.073801336;-0.333286812;-0.342574492;28.8362803;16.30648098;49.88451864
260;0.461936647;1185.973796;0.014322726;11.74965216;0.001356155;0.165572059;0.003793944;3.998755054;34.59883555;-0.714132674;0.429089966;-0.225579256;0.032841269;-3.877004378;0.200000366;-0.423321017;0.18341329;29.0755364;66.26104214;49.43663923
261;12.30525188;6314.10183;1.752191701;7.019257516;0.014397175;5.984605012;0.014062398;39.84424386;0.585226211;-0.055849283;0.135197247;0.884281591;0.421546645;-4.957172397;-0.589253231;1.380768041;-2.307195511;28.8935054;12.72870365;45.10661847
262;0.24931192;861.8778419;0.007323952;13.08487588;0.000922731;0.231275771;0.02151095;2.929600288;35.10124776;-0.611286198;0.523850664;0.200760404;-0.050048048;-4.9067616;0.22517388;-0.233491867;-0.04313792;28.352271;77.44623477;49.94318674
263;6.241041141;4736.166107;0.292084202;10.52888627;0.006328916;2.161858126;0.000519471;26.73209613;20.17728393;-0.408337465;0.734275349;0.144451589;0.403748317;-3.956979735;0.276847802;-0.415811726;-0.006799589;29.2759904;21.6506387;46.45950893
264;1.506625217;2220.846565;0.018719769;10.68148294;0.002018017;0.347624899;0.000413591;5.705960557;32.2626398;-0.212408922;0.685446265;-0.990827114;-0.149774684;-3.488762373;0.014412726;0.132592648;-0.084464264;29.339356;53.41250314;47.70325681
265;4.570489516;4088.742833;0.204552566;10.52888627;0.004552667;1.377342269;0.000455556;15.44539645;26.18794075;-0.438550722;0.739463376;-0.065348446;0.161234649;-3.685117832;0.131113059;-0.313282268;-0.239345287;29.3192847;28.53487275;48.87535316
266;0.117513993;512.6531201;0.006417162;16.36555409;0.000471165;0.003016895;0.017337174;1.615369385;36.14993675;-0.889919421;0.622424894;0.174098168;-0.280561988;-5.138097608;0.460306793;-0.218033715;0.234096183;28.2612465;81.36101518;51.27778791
267;6.581056838;5100.267841;0.491390514;10.52888627;0.005776255;1.569721239;0.001163191;14.0487288;25.58518298;-0.583512625;0.714132439;0.480959801;-0.38679147;-4.541208415;0.070102809;-0.480579448;0.156278875;29.0376701;22.88097735;48.8892039
268;0.16296473;613.483633;0.010340777;10.52888627;0.002588133;1.395134455;0.065168809;6.60070941;33.54899271;-0.489822637;0.198065352;-0.451333706;0.569809634;-5.897927641;0.092225142;-0.493175512;0.20888404;28.3307385;74.0323688;48.52835793
269;0.133407113;550.9355495;0.007124966;12.32187274;0.000595814;0.003661723;0.013488977;1.876267477;35.48616111;-0.781884524;0.54628117;-0.053567487;-0.389455073;-4.524822009;0.347650962;-0.349478384;0.04217463;28.4642507;78.47524189;50.47778945
270;7.906350064;5285.09258;0.611786717;7.019292674;0.007254336;2.478345977;0.000563837;60.4723763;3.289912607;-0.064699887;0.314341243;0.244602646;0.110988361;-2.925327088;0.471544606;0.185948406;-4.581441156;29.2165269;17.45683864;46.48141661
271;0.861685574;1655.766767;0.021315391;12.05482768;0.00182585;0.330189547;0.001286914;5.192387961;34.33942622;-0.66042053;0.458998636;-0.601386249;-0.062688042;-3.500459743;0.175880487;-0.223215195;0.051405794;29.1739323;57.37677205;49.5814109
272;10.51936765;5693.187823;1.639279344;11.63517948;0.014093329;8.157504877;0.01130935;53.71207253;0.038911092;-0.04303109;0.014344026;1.09342953;0.151498473;-4.597529803;-0.445084191;1.102179423;-1.085025219;28.9555596;13.24165848;46.3213062
273;14.02941552;6976.802284;1.227765594;7.896654865;0.008938171;3.812061038;0.078382682;22.17989581;18.00098175;-0.107883156;0.193792836;0.148247302;-0.089046912;-5.276811739;-0.285767596;-0.27405051;-0.087726448;28.9386486;14.26176137;47.88907971
274;2.99338008;3513.698922;0.08204163;10.52888627;0.005916828;2.492674177;0.050894951;16.81097868;28.61873585;-0.584429734;0.481582129;0.078732233;-0.053019349;-5.501037284;-0.183948858;-0.163065413;0.193102851;28.9628836;34.9673071;50.92039239
275;7.146991558;5173.643447;0.387766327;10.52888627;0.005639113;1.816419247;0.015507857;14.73283333;26.82958878;-0.341198625;0.74831475;0.465949009;-0.190044005;-4.832427072;0.028618243;-0.27085478;-0.034684728;29.0940158;23.92726508;49.71767689
276;0.886085971;1832.208662;0.034399808;10.52888627;0.004374672;1.759014645;0.050076836;10.18647616;31.26545749;-0.48646502;0.151371498;0.391787221;-0.064265625;-5.835492851;-0.211138264;-0.145679718;0.095259073;28.8171183;45.74331137;48.40313748
277;12.03626621;6349.12747;1.117497981;7.019257516;0.009003628;3.9627231;0.00081621;51.07912726;1.325649245;-0.130466343;0.183264032;0.000170406;2.35E-05;-4.155437807;0.263799855;0.273786273;-0.737178328;29.0146057;14.32581635;47.06820345
278;7.912441438;5270.329978;0.424604238;11.36812423;0.00419587;0.412590434;0.010210378;6.288579689;33.39333541;-0.144963194;0.17883819;0.171263543;0.217360428;-5.882077292;-0.337478919;0.092965574;-0.309721097;29.1374803;18.07707213;47.29827005
279;0.119186116;525.1529139;0.006418896;13.96224649;0.000578117;0.002606217;0.014476331;1.819535433;36.07593016;-0.848414226;0.447094698;-0.918308029;-0.093881982;-5.0112653;0.723549374;-0.21580626;-0.049762704;28.392404;81.97017901;51.64486171
280;1.384458487;2139.26108;0.019401695;10.83406671;0.002292708;0.493372688;0.006061768;6.606924754;34.17157043;-0.734274333;0.50416692;0.123927897;-0.551520712;-4.233534556;0.128147481;-0.361505565;0.059809175;28.8875565;58.42545866;50.56082768
281;0.706434075;1449.525007;0.018254776;12.89409305;0.002349591;0.390942166;0.004506732;6.810457725;34.12884329;-0.295724337;0.490433034;0.466909728;0.017479753;-4.52925229;0.765304613;-0.348994035;0.626934973;28.2055921;60.79558035;53.15362506
282;0.677760146;1352.652632;0.040445099;10.52888627;0.002443222;0.415942543;0.000101205;9.370368671;33.67678934;0.192114321;-0.329448488;-1.210581935;-0.175631711;-2.493866592;1.003588295;-0.255342352;0.08645897;29.1387489;48.45133457;47.41590039
283;10.07955462;6321.205858;0.963335883;10.41443823;0.006129429;0.65240867;0.000866157;13.70203548;21.49150178;-0.108797688;0.06088362;0.836559153;-0.276658885;-5.467075261;-1.266519329;3.045098607;-3.207704597;28.9768599;15.74412223;51.25459852
284;5.548477406;4629.441363;1.068024397;7.095551677;0.005942375;1.634554049;0.00239589;33.22837698;15.28673308;-0.271002843;0.314340222;-0.243223143;-0.010942937;-2.776617052;0.770030598;4.074738301;-0.639046363;29.1505789;20.07654068;49.30819982
285;0.139449655;585.3516363;0.007851836;20.52366146;0.000484527;0.002184696;0.016187464;1.851140385;36.26132984;-0.843531885;0.429395749;-0.598398674;0.024565452;-5.638856552;1.482371441;-0.130741816;0.21917355;27.9854816;78.04326099;53.59180363
286;9.880725737;6126.73163;1.96059874;8.545204832;0.012614065;6.036709802;0.012981238;41.84242371;7.03606151;-0.070497515;0.326853756;0.910752802;0.271637993;-5.275700496;-0.627959924;-0.214974226;-0.453363138;29.263564;14.32434555;48.42154368
287;0.174541119;674.580136;0.013331795;10.52888627;0.003101687;1.843438229;0.069560614;9.308467504;32.56783206;-0.662250839;0.380870963;-0.395522369;0.233747363;-5.728177708;0.140423888;-0.06935962;0.441458669;27.6154783;71.78966087;53.80837573
288;0.39115284;1093.660731;0.019321104;10.98666243;0.001475524;0.149863017;0.00517793;4.806629203;34.02127283;0.214239155;-0.479750579;-0.603075358;-0.122202891;-3.310396756;1.382446842;-0.353400276;-0.0834062;28.9762882;61.04706512;48.56703808
289;9.951368822;6155.847623;1.029848043;9.38445034;0.0073909;2.298478079;0.000603949;41.88308466;7.777657983;-0.129703845;0.314645926;0.607906688;0.23818845;-4.511821032;0.330754074;-0.591760794;0.546758938;29.3736445;16.309292;51.43619722
290;1.238521636;2057.265415;0.045600051;10.52888731;0.002139879;0.259300477;0.000160588;6.328648214;35.17563315;-1.096834797;0.510878851;-1.046931189;0.052845502;-3.423351498;1.164661132;-0.386013194;0.399181913;29.144112;46.46752914;48.19327945
291;0.136757749;563.4130562;0.007835571;20.52363755;0.00044162;0.00246221;0.017722957;1.744468702;36.23920417;-0.730002434;0.533158344;-0.769935574;-0.023160361;-4.936938203;1.250963482;-0.274086345;0.111214546;28.1937214;78.29189812;52.20921752
292;5.950880058;4492.626039;0.365319268;10.52888627;0.005833397;2.488196073;0.065516779;15.654011;29.6514163;-0.374158145;0.655995582;-0.00342818;-0.590243534;-5.463163475;0.020670808;-0.394175139;0.492365674;29.0125821;22.30854444;50.94469148
293;3.394439487;3937.076722;0.141123713;10.68147537;0.003822953;0.579374924;0.000834432;8.85798435;33.37808653;-0.698873137;0.687276557;-0.119659342;-0.439354028;-4.151344516;0.831264406;-0.434241776;0.541310055;29.0198708;33.54311453;50.24226704
294;11.74314596;6284.763229;1.391271366;10.29999744;0.005920477;1.754261129;0.039384627;11.73614846;30.01687088;-0.220191083;0.132145238;0.088883552;0.042778917;-6.101506953;-0.613928893;-0.099942845;0.175511919;29.1546851;14.59238901;48.80009633
295;0.156942256;593.5159766;0.009500843;15.03038449;0.000561456;0.020566366;0.016283549;2.14304274;35.52201869;-0.238044004;0.293892954;-0.924485933;-0.086272987;-4.121692601;1.356358014;-0.313976462;0.090525967;28.6527412;74.65864694;49.96311083
296;0.460902528;1279.857445;0.02617502;16.708913;0.002290194;0.024547195;0.007531071;1.898273319;36.20868527;-0.293282552;0.143131887;-0.159742086;-0.303002229;-6.520151038;-0.433198075;-0.192997444;0.232118178;28.9409806;53.42315198;50.1180718
297;0.119032121;514.2556904;0.006710332;16.63266161;0.000311026;0.00313779;0.020745773;1.548657043;36.28421903;-1.495405111;1.011077113;0.15091832;-0.076227296;-5.962176623;0.673988992;0.15097448;0.348537125;27.6323148;81.9754431;52.54199461
298;0.502875484;1258.760684;0.02736357;10.68148029;0.0021307;0.307310089;8.92E-05;7.620586439;34.09680273;-0.089418003;-0.174261751;-1.099994686;0.446783204;-2.905635521;1.229136757;-0.581077508;-0.060149164;29.1218869;54.47750833;48.19184272
299;11.60744162;6574.494319;0.956692159;8.31628218;0.008582446;2.578110492;0.000803303;24.72403708;16.68524993;-0.134281673;0.236518478;0.09710411;-0.311515583;-5.052011411;0.034103058;-0.265409396;0.181181809;28.8767725;15.07821195;50.5036283
300;0.261633976;817.3937224;0.015004094;11.29185486;0.001621182;0.148243953;0.003533489;4.769436713;35.32212233;-0.640278021;0.330820254;-0.917435161;0.120535161;-3.783509984;1.195193858;-0.37444762;0.280310203;28.7160212;67.91658939;50.99569044
301;13.36082808;6870.460877;1.670747116;7.019257516;0.012872341;4.579183752;0.011432378;30.22363736;2.214973273;-0.081179507;0.17761744;0.829924335;0.596092722;-5.629915704;-1.107224129;1.085820803;-2.458207441;29.2069939;12.60607014;49.52793961
302;0.149360542;601.2595732;0.008961409;13.0848557;0.000627348;0.171265534;0.023508835;2.415720041;35.82759257;-0.895417122;0.908233494;3.221957807;-0.800087859;-5.073979454;0.661850417;-0.212931273;0.017731063;27.5441113;75.68647523;52.83754186
303;4.275636928;4211.83053;0.267541233;10.52888627;0.005377837;1.374070446;0.000456423;20.4172995;25.62178047;-0.485244289;0.822779573;0.068040587;0.77261591;-4.036808894;0.870942844;-0.269531493;0.466528514;29.1590754;25.53864049;48.97603377
304;0.996560629;1831.376176;0.058613728;10.68147472;0.001747809;0.223479247;7.28E-05;5.94259911;34.80941314;-0.603657003;0.553606897;-1.385564517;0.430602073;-2.912004774;1.13968304;-0.175579984;-0.114042417;29.1508398;49.88092519;48.80784875
305;3.088767487;3722.467219;0.217374657;10.83406586;0.003002285;0.553865356;0.000201805;9.03521334;30.58413615;-0.610981054;1.042206871;0.105881939;-0.309584868;-3.52857285;1.041340679;-0.422194679;0.076101057;29.0926935;32.98914578;51.39158486
306;0.121973079;527.3512565;0.006290727;19.64629509;0.000387645;0.002829524;0.019439294;1.659423314;36.31588168;-1.230964497;0.938444478;-1.143799598;0.141368952;-5.468821874;0.865914927;-0.143335759;0.400371951;27.7133153;81.44182346;53.00270939
307;7.075390931;5364.024767;0.406388736;10.52888627;0.005105063;0.940949721;0.000984513;12.00501667;29.86235821;-0.582291869;0.633563913;0.355688382;-0.046963884;-4.667004725;0.492434105;-0.441002211;0.798146955;28.9159622;20.65123203;51.40844667
308;0.166554795;648.6021212;0.011173536;10.52888627;0.001921061;1.029032473;0.051988361;5.218553431;34.45310465;-0.536210701;0.214850506;-0.350893764;0.360671537;-6.230962328;0.043507439;-0.506731462;0.357569181;28.1909443;73.23995181;52.58224588
309;0.132289401;551.5624774;0.007508508;21.85881171;0.000389663;0.002874712;0.019603485;1.653881517;36.24187441;-0.863978647;0.756095448;-0.920332045;-0.26703964;-4.649831166;1.062796704;-0.254604165;0.140451517;28.0113968;78.7681164;51.10311501
310;8.609646448;5864.257303;0.779702076;7.019292674;0.006905996;1.797866185;0.000555701;47.15777325;5.529977065;-0.074465859;0.352794558;0.333676969;0.203073708;-3.196867353;0.624028442;0.297229504;-4.140981151;29.4366021;16.63070138;49.93906352
311;0.628416137;1272.286658;0.031645038;10.68148171;0.002144438;0.261364087;0.000450602;6.255524442;34.97878958;-0.628681831;0.080569357;-1.056664494;0.397652158;-3.397342948;1.238216333;-0.287428756;-0.02342559;28.9999156;54.20915317;48.93006406
312;11.74819797;6149.413401;1.644302308;11.71147088;0.013218617;7.23938278;0.009106568;51.5535667;0.349437244;-0.03692739;0.02517815;1.202116187;0.214071272;-5.118562077;-0.96252931;1.192292406;-1.12317669;29.3590465;13.06469114;48.20486779
313;13.27547818;6981.314465;1.480849482;7.896654865;0.007718849;2.819612;0.060142804;17.66504901;23.79033787;-0.119937934;0.182806037;-0.019751295;-0.092328858;-5.762956011;-0.438056344;-0.218543527;0.176734978;29.0715779;14.03898949;50.53340145
314;2.435936367;2953.44994;0.068052489;10.52888627;0.004292602;1.646472659;0.037899217;11.46013854;31.45543001;-0.59968905;0.505081166;0.233552909;-0.25729087;-5.860746269;-0.205302003;-0.21510783;0.702679095;28.9040565;36.48405593;51.14600589
315;5.359543811;4914.466433;0.236779506;10.52888627;0.004782626;1.132362728;0.006435268;11.10733099;30.15916263;-0.326549809;0.732140028;0.690206978;-0.190055313;-5.009240153;0.305989209;-0.30709318;0.461558339;28.9743777;22.81344475;52.30820838
316;1.14068523;1813.959189;0.031583817;10.52888627;0.003254015;1.189791648;0.043632914;6.773909535;33.22932252;-0.523087051;0.152287023;0.581145318;-0.15482701;-6.203536508;-0.393931197;-0.144749599;0.4060811;28.8460916;46.14379228;51.86867611
317;10.67913182;6484.93355;1.239390985;7.019257516;0.008407329;3.087587242;0.000718459;45.81472994;4.300823549;-0.133823318;0.18906255;0.000173182;5.54E-05;-4.617732118;0.007371869;0.161087374;-0.313355895;29.2563544;15.34814034;50.39242161
318;7.733742304;5411.516076;0.561007539;11.59701416;0.00399263;0.280270604;0.007699374;4.199166472;35.27633396;-0.155339472;0.180974392;0.232189192;0.263467289;-6.385508728;-0.764648552;0.059670736;-0.002126666;29.0464224;17.27490787;49.11342131
319;0.137191835;578.8103241;0.007600278;21.36303435;0.000457509;0.002346053;0.017113357;1.781937151;36.27277459;-0.890224569;0.518509161;-0.600227894;-0.095713105;-5.428342728;1.266374961;-0.107887453;0.131882993;28.0525784;78.57059638;53.87554915
320;1.463496246;2001.003675;0.029722424;10.5289151;0.002854686;0.408002518;0.00221628;7.110414084;34.6140949;-0.653097361;0.450455751;1.667265289;-0.33199058;-4.185641458;0.933501408;-0.300988296;0.297327438;28.586826;56.0434972;51.45232459
321;0.364764312;1102.968599;0.016732843;11.82588925;0.000906965;0.048753605;0.005669608;3.217368942;34.82695229;-0.358285145;0.66377661;1.374198016;-0.730620322;-4.057429443;-0.575998974;-0.171062609;0.458690926;28.3486388;65.18797535;55.40274428
322;0.781539903;1581.220281;0.050371324;10.64332669;0.002403004;0.340352505;7.32E-05;9.434830013;33.35672586;0.162968957;-0.361490347;1.090216085;-0.133877022;-3.472397712;-0.623420435;0.116673644;-0.264217299;29.9323674;49.32069108;49.09033056
323;10.12807154;6358.693999;0.635102315;10.41443823;0.006110839;0.396124612;0.000588424;9.515113914;25.63134584;-0.099336987;0.031891355;0.421581861;-0.316183381;-5.36872657;-2.501139958;1.590741927;-3.451190855;28.7189635;15.33037563;53.76718511
324;4.831036221;4654.094793;0.812818397;7.095551677;0.006241833;1.643390889;0.002073735;34.88382374;17.28491813;-0.260016322;0.255745274;-0.403987;-0.046791797;-2.978440537;-0.365897814;3.86050031;-2.069925226;29.6142503;20.62324327;53.01275071
325;0.144220127;614.960157;0.008455358;13.6570548;0.000392631;0.002715123;0.013783887;1.77289875;36.10950025;-0.88351108;0.504165887;-0.448612049;0.217193556;-4.818827364;0.122362465;-0.15227181;0.02683634;28.3161668;76.31393483;55.55438897
326;11.47376828;6879.494643;1.920362407;8.545204832;0.011467603;5.080475619;0.01122633;36.46411228;11.46659771;-0.062868085;0.310373524;0.610997296;0.204082574;-5.04676958;-1.875348962;-0.520885292;0.261258436;29.6052882;14.15026026;52.74958612
327;0.192419125;720.5695867;0.015383168;10.52888627;0.002881254;1.615666246;0.056627785;8.904607521;33.63750449;-0.743429982;0.369273593;-0.211131366;0.134928689;-4.911783206;-0.97044396;-0.132011106;0.348244456;27.7488956;69.30447346;55.48138554
328;0.137611545;635.2816731;0.008647111;12.89406691;0.000370141;0.002942869;0.012897524;1.67887621;35.87450813;0.321359567;0.411694913;-0.997809844;-0.228657963;-3.354781205;-0.189900624;-0.041400913;-0.063591527;28.7630998;77.03339411;52.09352339
329;9.845370502;6454.530052;0.922035693;9.38445034;0.007037085;1.679359726;0.000647332;36.05601674;10.01237316;-0.082094898;0.217596952;0.416779429;0.157712292;-4.37678775;-0.921474384;-0.220457822;0.863784206;29.5336076;15.38352642;54.21544857
330;1.861967648;2608.902437;0.027948805;10.60518453;0.002416452;0.218924572;0.000368155;6.285959568;34.37910269;-0.528274618;0.317087944;0.536317932;0.013031583;-3.6778813;-0.326157023;0.029661928;0.230596597;29.3768825;51.44752125;54.70454075
331;0.133665922;581.0765977;0.008383303;12.43633402;0.000448728;0.003127523;0.011305491;1.837128978;36.14841154;-0.890530221;0.78798742;-0.60714203;-0.06640298;-4.226829255;-0.192250438;-0.20562714;-0.063264772;28.3474886;78.23798354;55.33996985
332;5.322280352;4774.56715;0.203100448;10.52888627;0.004853612;1.852753624;0.037644384;13.67987032;31.25592449;-0.325939078;0.685446723;-0.13819875;-1.067864522;-4.792769393;-1.111706249;-0.271861952;0.79042927;29.2578322;20.81221029;55.02395096
333;2.309853916;3427.637191;0.07675014;10.52888627;0.003155538;0.393522077;0.000956498;7.642568843;33.23312603;-0.389415882;0.559709037;0.217688211;-0.300925406;-4.005819924;-0.542446421;-0.278259617;0.422472416;29.3873447;38.31711056;55.50589657
334;10.57308543;6463.070036;1.25289092;10.29999744;0.005599157;1.343575199;0.020620757;10.2524822;31.73658582;-0.24491106;0.070803017;0.108638576;0.023031212;-5.450972814;-1.886768064;-0.257218398;0.486886833;28.9803098;14.86832105;53.05002207
335;0.126418015;562.1675657;0.008017214;13.73327801;0.000380544;0.003234702;0.012076241;1.694297529;36.1728261;-0.465407335;0.825525361;-0.895385213;0.073857111;-3.701628463;-0.223059224;-0.178781329;0.144163139;28.4138549;78.86494076;55.92293817
336;0.334097428;1026.535277;0.021117784;16.55631645;0.002503996;0.020076145;0.006183226;1.673583966;36.26667076;-0.301217354;0.135502298;-0.181151055;-0.317822126;-5.860658799;-1.630696458;-0.359117467;0.522818056;28.6081849;57.09664688;52.89038439
337;0.13990508;587.2515232;0.008376716;15.56434825;0.000323645;0.002942977;0.016876723;1.643174363;36.15756736;-1.201513637;0.66011605;-0.458391649;-0.000244809;-5.188369603;-0.493469118;0.073240339;0.096392024;27.7995442;76.69034304;54.96247882
338;0.555629474;1350.35716;0.034816644;11.52073114;0.00130364;0.058384822;0.001525296;4.115434199;35.18784256;0.46846008;0.160222673;-0.127904187;0.081550545;-3.485036773;-0.23942079;-0.005406288;0.11266827;29.6248228;54.5584203;51.34043705
339;10.54456737;6807.280299;0.904412704;8.31628218;0.007386063;1.639985626;0.000834865;18.35543365;20.97386115;-0.088809021;0.187688887;0.008244954;-0.372395916;-4.619672244;-1.156605737;-0.118892218;0.353879663;29.4204275;15.44596863;54.10061414
340;0.127976831;569.8369798;0.007450466;15.10659548;0.000538106;0.005340607;0.010173816;2.073331841;36.17358893;-0.471816187;1.054719264;-1.042468826;-0.158810608;-3.630593156;-0.324431183;-0.145587731;0.413470751;28.3992778;79.83469788;55.28178589
341;9.68430708;6283.070511;1.550308274;7.019257516;0.012164957;3.979074131;0.010094665;23.60019626;7.581715175;-0.073855109;0.14526732;0.33919933;0.47423581;-5.447705827;-2.46372648;-0.065594763;-2.21400389;29.220935;15.15456754;52.94374105
342;0.156318294;640.402709;0.009324087;12.32190554;0.000494625;0.084535219;0.017513959;2.126007831;36.058385;-1.125372381;1.087986808;2.071961704;-0.005461912;-4.360033336;-0.537219017;-0.299569095;-0.062485748;27.9537322;74.27313286;54.66625851
343;4.290714913;4573.979687;0.309916762;10.52888627;0.005470116;1.140052646;0.000422089;20.05674401;27.36439405;-0.266121542;0.419935094;0.018912026;0.068635764;-3.978722727;-0.463171779;-0.062424446;0.231182777;29.6787791;25.74784575;55.2663949
344;0.93915778;1798.889196;0.043751668;10.52888627;0.002516551;0.326485442;0.000100779;7.9506954;34.31501401;-0.231331728;-0.118411955;-0.156942227;0.667401601;-3.53961633;-0.506648143;0.06697463;-0.154864956;29.7324104;51.31352107;52.46633937
345;1.851936922;3051.755226;0.048144623;10.5288879;0.003626831;0.591852621;0.000182929;10.59658622;33.05383655;-0.59327993;0.395519674;0.597732868;-0.286600914;-3.868506258;-0.51956245;-0.065014102;0.020938062;29.7693888;43.35563987;54.57315932
346;0.141542694;599.6641534;0.008903989;12.51260226;0.000353667;0.003232344;0.015427534;1.700550182;36.16176337;-1.14169749;0.833918447;-0.491548664;0.009419325;-4.688326445;-0.37002929;-0.158715137;0.302673506;28.0944372;76.55620758;55.44014311
347;6.168091206;5364.96058;0.284680283;10.52888627;0.004358635;0.686104596;0.001272847;10.05870335;29.97069824;-0.364390758;0.4980617;0.599779243;-0.12946745;-4.308009539;-0.801935725;-0.236073931;0.781740146;29.2058123;20.09017177;55.12437121
348;0.182653758;701.1689725;0.01360488;10.52888627;0.001881483;1.002416115;0.04870953;5.350980405;34.71556433;-0.571612224;0.164800125;-0.273498195;0.321160582;-5.454472224;-1.02962207;-0.478079415;0.367247544;28.0832558;69.43705419;54.98660755
349;0.126380768;563.6770045;0.007418291;12.09295359;0.000414278;0.003142072;0.012607131;1.780995227;36.16901142;-0.9366129;1.009856834;-0.857831446;-0.066589449;-4.069838338;-0.365750945;-0.125203108;0.077161186;28.2933227;78.97126771;56.02110193
350;7.912966931;6283.40956;0.378760187;7.019292674;0.006609909;1.337110852;0.000681736;44.55708129;8.549780811;-0.043947159;0.238044609;0.112593901;0.078339445;-3.287923019;-0.443892845;-1.051600186;-3.947128928;29.8296997;16.26643;55.3015838
351;0.279229508;961.1011037;0.017172301;11.29182887;0.000947702;0.01723342;0.004276182;3.001962052;35.62578078;-0.195318928;0.593279618;-0.216254739;-0.01898527;-3.571690154;-0.226565514;0.034720106;0.206626457;29.0442784;63.49100062;53.79325551
352;10.67407475;6334.656333;1.614068767;10.4907399;0.012236994;6.752041339;0.007429841;44.95728047;2.605524431;-0.040742265;0.020905393;0.51378243;0.059272153;-5.139763394;-2.160463436;0.573621353;-0.485824073;29.4671759;13.5631679;53.48959483
353;14.42709933;7582.500556;1.598907753;7.896654865;0.006905972;2.521317405;0.064410397;15.7792682;27.27326084;-0.136418001;0.156712729;-0.03621898;-0.121978548;-5.194243013;-1.656425718;-0.216109889;0.62142779;29.0773469;12.81491752;51.86341837
354;2.766369873;3399.908099;0.068507809;10.52888627;0.003908965;1.425637538;0.025019585;11.33667096;32.39921211;-0.706197532;0.495010062;0.391616271;-0.013584577;-5.066916836;-1.35313613;-0.078081812;0.963646492;28.8656762;32.17927331;54.49207262
355;5.71452889;5159.307155;0.235155431;10.52888627;0.003673451;0.864905256;0.015442376;9.59281521;31.105237;-0.219430165;0.639974179;0.858361337;-0.506274336;-4.484915172;-0.895534124;-0.118311778;0.491429685;29.3487179;19.51109144;54.556331
356;0.659069405;1493.868747;0.035460483;10.52888627;0.003203187;1.114774685;0.036311863;7.145574682;33.63064131;-0.558793578;0.100405793;0.744170004;-0.212439967;-5.418120221;-1.552661363;-0.164713216;0.565027632;28.6592606;47.74994361;54.92397711
357;11.62039537;7011.072501;1.266503143;7.019257516;0.007960609;2.381946901;0.000669746;37.03247069;7.476653452;-0.108187728;0.160222564;-0.042618383;-0.016373294;-4.568423683;-1.279560871;0.011088617;0.670806608;29.7767411;14.07636132;53.69523824
358;7.090370312;5310.644911;0.528537677;11.59701359;0.00429963;0.255176035;0.005586577;3.27465954;36.15755898;-0.153203179;0.169072044;0.326051834;0.274992858;-5.818265432;-2.056867121;-0.15667661;0.159323433;28.9727181;17.7681459;52.75581191
359;0.141544589;602.7491591;0.008870008;12.36006823;0.000402539;0.002871204;0.012732456;1.777470496;36.12781165;-0.961637804;0.644855769;-0.511358354;0.118288173;-4.624349305;-0.093493154;-0.121355866;-0.014600128;28.2519781;76.56533019;55.17411043
360;0.269347;930.1186555;0.017102158;10.68147352;0.001508906;0.118559498;0.003499059;4.386754689;34.63546046;-0.269177205;0.479145597;0.85748639;-0.109887091;-3.898558243;-0.495275113;-0.224640606;0.438821243;28.55806;68.98595519;56.11644606
361;0.098405425;475.5951913;0.005086741;16.70875258;0.00048036;0.008240716;0.008684881;1.9961873;36.1285739;-1.115756553;0.810571752;0.517746152;0.87062648;-4.301962035;-1.072479848;-0.038980452;0.098269541;28.5367676;87.36494259;52.9390314
362;0.319294406;1033.161693;0.007160897;14.95407294;0.001472282;0.069368141;0.001981752;4.086974388;35.46937633;0.651417799;0.749381395;-0.884192025;0.059002573;-5.520997429;-1.403105698;0.474981572;-0.022598607;28.8253464;76.18490387;44.19524967
363;9.320083251;6272.082558;0.518676234;10.41443823;0.006298838;0.416775639;0.000553055;10.4040815;26.68155953;-0.068055594;0.011749381;0.121873168;-0.37875872;-4.995415948;-2.817674093;0.999627329;-2.871585538;29.2171754;16.56293646;54.08589452
364;6.407817193;5168.747258;0.780441001;7.095551677;0.006013497;1.475705894;0.002472299;29.77068474;17.8838416;-0.208745406;0.213324158;-0.195869492;-0.036686942;-3.643914942;-0.747793371;4.576859893;-2.606795703;29.2613444;19.38125884;49.81872313
365;0.108900911;511.5167958;0.006054883;23.49922963;0.000331202;0.002560176;0.011596548;1.637743649;36.14383373;-0.286264035;0.130924586;-0.630894129;-0.08546695;-4.901670179;-0.722882113;-0.079324057;0.158894718;28.3525954;84.58331657;54.66392912
366;12.15897505;7100.337089;1.909739203;8.545204832;0.010571432;4.592501875;0.008554533;33.06779939;15.93298697;-0.079348143;0.282296411;0.561563563;0.161263222;-5.124171826;-2.361254369;-0.485728546;0.568318104;29.8386502;13.50074796;52.49731201
367;0.169771693;683.3791341;0.012759308;10.52888627;0.002397456;1.105602855;0.033230441;7.462450232;33.87859842;-0.631732741;0.225836422;-0.122121967;0.141595619;-4.846573719;-1.54215197;-0.00789824;0.264375284;28.1382691;72.97034558;55.72113617
368;0.084725321;408.9724384;0.004594645;14.19110816;0.000358092;0.002280034;0.005755621;1.669251927;36.13238926;-0.279549957;0.097965267;-1.070041143;0.155742358;-4.544148298;-1.199257008;0.461465295;-0.225109856;29.0221479;90.9651019;49.63855651
369;10.22130967;6464.11449;0.780699527;9.38445034;0.006847969;1.443849274;0.000753402;30.98474008;13.3816223;-0.069277124;0.194098037;0.604866847;0.393370048;-4.726049041;-1.521021254;-0.017775457;1.029234275;29.7874636;16.3466517;52.52610374
370;0.139175665;646.3158919;0.00703052;13.88586991;0.000771292;0.01420939;0.004432141;2.565484103;35.7989768;-0.52125638;1.162755163;-0.397660569;-0.252971108;-4.638407374;-1.252720094;0.342993329;0.264778606;28.7434335;81.68724805;47.13201196
371;0.096365497;472.7350932;0.005293364;15.8696427;0.000378751;0.002716857;0.008359826;1.711005228;36.16977436;-0.508437884;0.096438179;-0.591971434;0.3118665;-4.565292036;-0.781732734;-0.012158397;-0.308131076;28.6859952;87.52030598;54.02178549
372;2.697314821;3359.039188;0.12356097;10.52888627;0.004280308;1.465370756;0.027001441;11.62126318;32.17986695;-0.428328194;0.589007656;-0.319554731;-0.695510692;-4.788827316;-1.663262296;-0.131180495;0.908222072;29.1941209;28.1870572;53.74965726
373;0.329553789;959.855025;0.015624989;10.52888627;0.001547217;0.080385833;0.001451761;4.101410163;34.77431446;-0.600604549;0.986968159;-0.28067296;-0.14969022;-4.329791759;-1.172038117;0.039421547;0.646165137;28.8065037;67.257263;52.80563604
374;11.32902286;6668.02388;0.767348673;10.29999744;0.005522998;1.169935881;0.015331877;9.629653235;32.01888076;-0.229499193;0.000152597;0.161331634;0.049395663;-5.278920016;-2.350765913;-0.154899768;0.374829093;29.3197353;15.70874026;52.44270306
375;0.084431974;428.0155997;0.004146472;14.57260312;0.000412445;0.00263851;0.004275954;1.765148732;36.15756686;-0.599077963;0.163883825;-0.813981316;-0.083373507;-4.335702677;-0.922812576;0.042007283;-0.124351547;29.0768661;91.21537777;52.54149407
376;0.327421374;1057.207829;0.021540032;15.94594577;0.002437122;0.021662217;0.00433934;1.696419388;36.21860396;-0.242316695;0.103457869;-0.174561972;-0.242071874;-5.491198385;-2.149571689;-0.260468466;0.502138502;29.015761;60.18313835;54.56530792
377;0.102883696;496.457043;0.005669308;16.40363935;0.000327036;0.002803458;0.012005065;1.656849447;36.12323417;-0.997955674;0.585955427;-0.57189142;-0.067683478;-5.06514853;-1.198630064;0.148610279;0.09539956;28.0804645;85.10602428;55.02199078
378;0.086779479;410.0877533;0.004523319;16.48000441;0.000370012;0.001856533;0.005836843;1.70112276;36.143071;-0.062257447;0.72878092;-1.309251918;0.144363393;-4.880111844;-1.386420744;0.492006885;-0.115363812;28.9671293;90.20729894;48.3049676
379;11.67450839;6994.454461;0.793087725;8.31628218;0.006606452;1.240991559;0.000918803;15.74858878;25.89191201;-0.15778112;0.222785222;0.204205832;-0.500989278;-4.818959979;-1.701038245;-0.000142764;0.454299548;29.6034902;15.40510358;52.50702491
380;0.088880293;436.4332524;0.004604682;13.12301056;0.000376083;0.002472767;0.005559988;1.70699857;36.1552778;-0.764183421;0.653095969;-0.772863727;0.194287749;-4.299819558;-1.067270472;0.331904926;-0.126420487;28.9784825;90.0873407;51.73123304
381;9.50109279;6521.995089;1.623365962;7.019257516;0.012114175;4.065904919;0.007363437;23.44437796;25.41508392;-0.095523463;-0.008850379;-0.041168598;-0.200908246;-5.294746754;-2.801392565;-0.136624559;-1.912530561;29.82774;14.75593667;52.57552147
382;0.111251999;507.0576818;0.005845116;14.80150555;0.000465723;0.065266057;0.011471039;2.101804217;36.11522294;-1.087680151;0.74282054;-0.139052592;-0.11276488;-4.535746184;-1.095947481;-0.115445392;-0.019435952;28.2448013;84.79778495;53.82170209
383;6.055192313;5026.648277;0.188577808;10.52888627;0.005004851;0.841506285;0.000621072;16.33307701;28.85216695;-0.325327206;0.676289768;0.527622692;0.285183768;-4.610887548;-1.114144531;0.144806244;0.219702696;29.5719552;23.27586633;50.61919808
384;0.655314784;1313.655536;0.011746799;14.03851998;0.001227452;0.039794211;0.002666399;3.443802862;35.2534539;0.022583359;1.024200858;-0.351346585;-0.004087334;-5.137489431;-1.377562464;0.372149033;0.129795173;29.1993853;71.93259219;47.15908836
385;2.721091057;3414.020856;0.070274836;10.52888627;0.00361945;0.456429814;0.000375774;9.79912716;31.90405507;-0.352183417;0.620136309;0.021632872;0.197381605;-4.961560184;-1.16766787;0.168935359;0.045193554;29.4537254;36.05772416;49.4175848
386;0.104019737;491.1817537;0.005384365;15.79334237;0.000325256;0.002871031;0.011907305;1.637195609;36.13124479;-0.878322993;0.392468315;-0.725295268;-0.079050877;-4.770409613;-1.029938195;0.021833231;0.402643632;28.3885113;85.7791491;54.81785847
387;2.327218203;3274.262337;0.074935935;10.52888627;0.003195401;0.351800591;0.001108899;7.315789599;33.19956756;-0.709248538;0.733053238;0.418217783;0.988242909;-4.508164822;-1.342003119;-0.042534758;1.113930515;29.3106292;34.08376925;53.75746377
388;0.177629951;690.0333562;0.012772812;10.52888627;0.001734359;0.839609006;0.039069045;4.902500704;34.79796474;-0.460219638;0.090945279;-0.275109331;0.408445482;-5.196559383;-1.647275019;-0.326856799;0.429543271;28.4508819;71.98030059;54.56663795
389;0.095928514;468.8169506;0.005151552;13.92407943;0.000359634;0.002848925;0.009468578;1.67938339;36.16786696;-0.825982681;0.354929621;-0.755643871;0.366097653;-4.41791584;-0.916655184;0.050892331;0.036017546;28.6031852;87.35797741;53.55182351
390;7.149660401;5424.287433;0.611745464;7.019292674;0.006638664;1.344627784;0.000961214;38.57956801;11.02177511;-0.048830174;0.242927633;0.33032439;0.147404375;-3.661443031;-0.904574599;-1.467433564;-4.298631561;29.962645;18.40281986;50.9619224
391;0.08704409;404.6080183;0.004804865;13.88590909;0.000368789;0.002301583;0.005749869;1.694429233;36.10644859;-0.567644545;0.806299567;-0.971097959;0.157733058;-4.488707466;-1.23793082;0.496035427;-0.295504135;28.8760946;91.2072159;46.54233668
392;9.673328523;6250.032601;1.541278722;9.880373802;0.011405508;6.520162742;0.005294909;41.22827959;4.541159641;-0.03067118;-0.004730166;0.368872283;-0.019765978;-5.21025772;-2.561682239;0.52260506;-0.199034005;30.0324448;13.87456904;53.8444076
393;12.78313762;7309.958929;1.246180696;7.896654865;0.006321371;1.867501392;0.031457222;13.56127156;29.44274132;-0.167241704;0.11108749;0.052671813;-0.138430137;-5.1428195;-2.190112432;-0.10077897;0.717781692;29.5944324;14.64984866;54.45423334
394;1.193856077;2139.594271;0.04551599;10.52888627;0.00352891;1.124166427;0.015876011;9.802297186;32.76085959;-0.632343496;0.350352916;0.322488361;0.014485813;-4.944650132;-1.901170187;0.04175531;0.898921614;29.0131053;39.62787519;55.01572875
395;1.4272056;2400.161742;0.048357231;10.52888627;0.002952218;0.48300723;0.003763272;7.324568604;33.59858544;-0.428481962;0.715660267;1.744536384;-1.266627817;-4.574859863;-1.406089181;-0.034949164;0.696651744;29.1203171;38.4264423;52.61410585
396;0.607642193;1457.468697;0.032626432;10.52888627;0.003105324;0.891351584;0.019102918;7.072265411;33.6100386;-0.533768283;0.025330207;0.465882975;-0.082328548;-5.218537394;-2.046927705;-0.088583749;0.564167645;28.9593339;49.47616354;53.03096574
397;11.47434802;6991.25521;1.157351324;7.019257516;0.007476735;1.91796199;0.000771754;33.68844923;11.94036627;-0.131076507;0.196387107;-0.11171904;-0.045991734;-4.804175661;-1.854297493;0.191044052;0.568702538;29.9358233;14.91315422;52.68207053
398;7.356859834;5496.144347;0.438727183;11.44442339;0.004552678;0.250395042;0.003327265;3.241846898;36.08354921;-0.107425373;0.116885349;0.451201478;0.177837208;-5.508767124;-2.468449403;-0.074310589;0.112256024;29.4044472;18.85650041;53.58699797
399;0.104187404;498.2876104;0.00575516;19.83702459;0.000331888;0.002709113;0.012021181;1.626766275;36.16061907;-0.444654117;0.109866541;-0.59985305;-0.042488876;-4.792839311;-0.782094365;-0.001523916;0.183394325;28.4263555;85.72956746;54.44073816
400;0.093544297;469.499218;0.004867775;16.32736325;0.000493506;0.005317062;0.007945388;1.997231194;36.14154356;-1.079134118;0.922879;-0.822125286;-0.405861813;-4.218178461;-1.067421457;0.10507499;-0.036376669;28.5705922;87.58092888;53.63528873
401;0.079731412;397.1838956;0.003464334;19.53170762;0.000509647;0.007831715;0.006399639;2.06822996;36.04693529;-0.748924219;0.535904973;0.821306072;0.780064765;-5.061986347;-2.161851774;0.185681078;0.129579345;28.5847653;95.08074077;48.57789952
402;0.079241921;363.3765372;0.00407798;26.6273893;0.000424043;0.001350982;0.007351012;1.809264379;36.34487437;0.179754139;0.100252273;-1.199977756;-0.094953642;-5.826680559;-2.360985391;0.294557295;-0.000204636;28.5693327;92.60510118;44.45540863
403;11.50086895;6407.062971;0.561436714;10.41443823;0.006395484;0.538215453;0.000660915;13.92122836;25.19340069;-0.038758125;-0.00335729;0.039537737;-0.35569818;-4.77543305;-2.613373455;1.030301766;-3.537730986;29.3763485;14.90166838;49.27877523
404;7.698650934;5200.658523;0.69365431;7.095551677;0.005770958;1.143547145;0.001775659;24.94082986;20.15593748;-0.191044682;0.209356411;-0.1359185;-0.142175478;-3.65427033;-1.492101571;4.409505866;-3.807182463;28.9528573;18.27636823;45.12872431
405;0.088428095;422.2513814;0.004415839;18.76881593;0.000320977;0.002350464;0.008244482;1.687784292;36.16214473;-0.415967492;0.520340605;-0.598079828;0.082075302;-5.222324488;-1.610917267;0.147460533;0.032472844;28.6657334;90.0059908;49.54244196
406;12.2422328;6585.401293;1.797169459;8.545204832;0.010316318;4.91955432;0.008737517;36.10835437;14.69316349;-0.072328888;0.183416402;0.444634018;0.088842273;-4.767971696;-2.886518146;-0.420344479;-0.531790625;29.5672882;13.7756418;47.16990795
407;0.147517343;601.682206;0.010153106;10.52888627;0.001973909;0.880460784;0.028287026;6.168366102;33.95794627;-0.545669952;0.087283007;-0.17148839;0.079085329;-5.136640615;-2.204819576;0.124986352;0.110482435;28.3881224;76.7886154;52.28669793
408;0.083127882;382.9899142;0.003820598;24.41480025;0.000358839;0.001932423;0.006009636;1.70237049;36.28955968;-0.116886538;-0.377208141;-0.627764731;0.135808723;-5.333883077;-2.132914225;0.223581641;0.069336146;28.5955954;92.50001357;46.50261462
409;10.14317663;5795.634669;0.841503111;9.38445034;0.006594003;1.419284069;0.000750652;30.90382888;16.53265733;-0.067446023;0.174566201;0.560367528;0.32422101;-4.745357407;-2.378422864;0.399815764;0.082530938;29.5522727;16.03724107;45.9303676
410;0.081539123;384.4947089;0.003815903;20.52363486;0.00035934;0.001751995;0.006824471;1.720626731;36.24835938;-0.694295819;0.6817826;-0.889468958;0.012827231;-5.333273521;-2.328688001;0.330420393;0.062054208;28.6999155;92.16000939;46.53291799
411;0.080783935;411.1556973;0.003813552;17.47182541;0.000357568;0.002329071;0.007428465;1.720679361;36.20334475;-0.35004678;0.358592356;-0.501063402;-0.083752419;-5.180617924;-1.923191364;0.227346571;-0.279637605;28.6463328;93.56019382;51.0954544
412;3.139751893;3515.276936;0.124856052;10.52888627;0.003811513;1.09199709;0.017574029;9.694145489;32.05398066;-0.403608159;0.436414698;-0.187932334;-0.445107833;-5.128542193;-2.483718087;0.101547831;0.154334805;29.4971624;27.12167567;50.77907519
413;0.089161938;417.1927833;0.004443777;11.44445951;0.000966411;0.02706469;0.002557563;2.929821508;35.57695023;-0.713522426;0.786766915;0.510283209;-0.170110713;-5.041550889;-2.22291675;0.21599439;0.251110983;28.5574978;90.29370841;46.5884129
414;12.51550893;6720.910889;0.807754194;10.29999744;0.005690488;1.18091135;0.017219332;9.645456643;29.97872245;-0.160374865;-0.019074131;0.144873693;-0.039526427;-5.280880435;-2.70505868;0.039474936;0.025034941;29.5701208;14.76247072;49.41586884
415;0.078317356;388.3261485;0.003684052;26.24593217;0.000381198;0.002116797;0.006333581;1.733221894;36.27124837;-0.140079594;0.002136066;-0.669447565;0.050468559;-5.261268849;-2.008416125;0.144075344;-0.027135625;28.7449553;94.14276699;48.12393303
416;0.396177557;1093.412813;0.019548414;16.09853832;0.002648687;0.025154367;0.003383663;1.729235282;36.15070024;-0.197759673;0.097049002;-0.207493949;-0.212431157;-5.42717401;-2.496428678;-0.1499833;0.039736379;29.5204702;59.07873232;50.49363674
417;0.079201858;405.9732794;0.003490384;17.39553832;0.000300181;0.002556317;0.011564091;1.655370551;36.16443395;-1.083406515;0.708943371;-0.084367241;-0.204519532;-5.290005409;-1.940083835;0.268606451;-0.009297066;28.5923654;95.280427;50.89402283
418;0.082678156;382.8260888;0.00394568;24.26222323;0.000333021;0.001620522;0.003741273;1.674281771;36.37119657;-0.301522375;0.002440399;-0.988439368;0.025840738;-5.502827907;-2.270192155;0.350728687;-0.058081237;28.6212714;91.78601621;47.28294399
419;11.54092921;6367.307856;0.489675456;8.31628218;0.006470391;1.269417903;0.00098767;16.61689692;26.49542426;-0.155950121;0.191350949;0.105292725;-0.441710749;-4.921784209;-2.521120153;0.283035877;-0.096738698;29.4312552;14.61546337;46.81755387
420;0.079168598;369.7214302;0.003962072;27.0087537;0.000346656;0.001940635;0.004738693;1.688608912;36.27430034;-0.456556795;0.238043928;-0.578175114;-0.042085477;-5.253597398;-2.188937391;0.229950528;-0.049986535;28.6648788;92.72588997;45.94882015
421;10.45082739;6141.483436;1.777367407;7.019257516;0.012708408;5.098354368;0.00723745;27.20839956;17.12014885;-0.044557219;-0.004577749;0.107036288;0.057629708;-4.851275523;-2.757232088;0.03118165;-3.220763005;29.7432069;13.57634337;45.62304533
422;0.085022118;418.6147206;0.003623632;18.84513257;0.000423039;0.048735131;0.010198476;2.021721137;36.16214488;-0.807674214;0.639058778;1.294485193;-0.505454704;-5.068008154;-2.114257849;0.115585765;-0.300194418;28.4605548;92.42612195;50.06382608
423;2.90007377;3229.718735;0.111440494;10.52888734;0.004002659;0.569325142;0.00057274;12.04917513;32.67461368;-0.424206602;0.831933801;0.685947809;-0.196677231;-5.105259862;-2.260897337;0.448104529;-0.171984172;29.1976432;31.51780769;49.11698746
424;0.079224966;365.44315;0.003729323;21.36296351;0.000379608;0.001629354;0.007255422;1.758008017;36.32465566;-0.381481335;0.733665762;-1.038252421;-0.057465966;-5.64653077;-2.388038959;0.292772966;-0.017871736;28.527412;93.10706929;44.86095423
425;0.247329435;766.138256;0.015352917;11.67332174;0.002322536;0.190027845;0.000372925;5.962875855;34.90860138;-0.538041873;0.874355804;0.574289261;-0.258430783;-5.422858493;-2.398543783;0.240390505;-0.06980479;28.8121657;69.18954295;45.23660102
426;0.077766148;400.2963779;0.003414507;20.98150535;0.000304629;0.002484574;0.010858698;1.660600784;36.16862998;-0.845667879;0.597400097;-0.899820433;-0.168338098;-5.208305138;-1.921859315;0.239010662;0.224945093;28.5681684;94.16367433;51.30886824
427;0.519173913;1305.600964;0.030627181;10.52888627;0.00288881;0.296500734;0.000880093;6.727674406;33.69854393;-0.784324824;0.633562917;0.170953902;1.084174033;-5.032556109;-2.338530787;0.340630655;0.606313619;29.2015715;53.10053126;48.86796144
428;0.1652929;639.2066729;0.011746771;10.52888627;0.001637042;0.765500644;0.034204702;4.58731369;34.83534993;-0.425733588;0.057985191;-0.18616897;0.27506512;-5.328406854;-2.240576638;-0.173399135;0.248702614;28.945474;73.22872184;51.64916916
429;0.080418559;399.9975965;0.003681208;20.82888384;0.000349134;0.002315189;0.007828311;1.708214041;36.19037453;-0.54444978;0.468611298;-0.643166252;-0.009831458;-5.159571448;-2.095071524;0.301243189;0.260485016;28.6364068;94.83453836;49.99615983
430;8.086637116;5424.17524;0.793840938;7.019292674;0.006433664;1.143417749;0.00101303;34.08489713;14.79690678;-0.058596135;0.229499687;0.343387664;0.196721971;-3.560382823;-1.644101452;-1.954831471;-5.287982506;29.5483438;17.40809263;44.47397539
431;0.075702339;376.6447229;0.003789479;26.24590621;0.000337742;0.001800718;0.003798809;1.677369906;36.32923358;-0.513931813;0.234993052;-0.608869013;-0.039153901;-5.328150903;-2.259027909;0.330552148;-0.141694085;28.6872848;93.98035496;48.13813005
432;11.68901797;6247.272941;1.737122263;9.842226298;0.011065873;6.764121609;0.005546156;42.44203582;5.066463226;-0.027314146;-0.023956932;0.151502053;-0.131739012;-4.591172784;-2.749983805;0.313579816;-1.520638478;29.7106133;12.56892908;47.43034395
433;13.09992675;7081.292496;0.892617218;7.896654865;0.006173046;1.621268568;0.020393349;13.05651609;27.43348066;-0.137028293;0.059816329;0.013145464;-0.098869409;-5.179569704;-2.719555786;0.148300851;0.066671473;29.5008983;13.92367594;49.87635678
434;2.10943578;2929.207835;0.068858593;10.52888627;0.003118909;0.841872041;0.009701974;8.058886362;32.80663693;-0.52613982;0.232856697;0.136405239;-0.339499226;-5.220933264;-2.501195113;0.203970492;0.401350443;29.3990071;34.64295438;51.52906106
435;0.953107912;1791.605553;0.048315728;10.5288886;0.002891928;0.42589605;0.001406079;6.905632501;33.53602976;-0.45381151;0.58534423;0.63236939;-0.432415354;-5.0494493;-2.401670052;0.119790631;0.219002439;29.3299621;43.56617264;48.85870981
436;1.795122689;2733.1556;0.058554312;10.52888627;0.002976361;0.751117958;0.015241871;6.120198873;33.48414935;-0.52308692;-0.002441574;0.398371977;-0.248653603;-5.295144447;-2.535151578;0.085606965;0.261317526;29.3720839;40.10690461;51.16985321
437;12.60431427;6532.335159;1.051555202;7.019257516;0.007368733;2.098855751;0.000738344;33.1878477;13.11990645;-0.143589073;0.166021185;-0.523407012;-0.029533542;-4.494430028;-2.450758241;0.373437019;-0.719275442;29.6048889;14.41707264;46.59166491
438;8.571863896;5886.345858;0.556815704;11.13923893;0.0050198;0.381668829;0.005020968;3.783701554;34.16315997;-0.038453576;0.07721124;0.581294558;0.06915485;-5.388963175;-2.685153237;0.040382482;-0.157709088;29.6312382;18.04755368;51.47338871
439;0.0844335;421.6469153;0.003937339;18.38738455;0.000313787;0.002429393;0.009502362;1.672632733;36.16824864;-0.454115216;0.50599692;-0.599669888;0.149841405;-5.203404387;-1.728473654;0.198241449;-0.017776796;28.5651185;92.62026639;51.72332253
440;0.080812201;385.5769398;0.003872742;18.15859845;0.000437351;0.003568039;0.006877769;1.901643606;36.16901164;-0.858178546;0.584125609;-0.561105739;0.03986199;-5.117644788;-2.15369733;0.226121032;-0.335594891;28.559796;92.6685959;46.65958102
441;0.102146938;377.9044798;0.005646281;23.04145953;0.000561519;0.008656405;0.010652958;2.128895838;36.11483963;-0.997647362;0.854821795;2.966816625;0.24387305;-6.161500375;-2.893890256;0.396289579;-0.163780574;28.1224682;85.8646799;36.89150964
442;0.122813845;400.1981053;0.00584104;49.36366447;0.000411278;0.002280121;0.010704007;1.792457587;36.17015569;0.304269921;-0.782800803;-0.761786779;-0.102072428;-7.421964117;-3.236138073;0.173024392;-0.081840571;28.2282339;79.75446261;39.6873059
443;11.73585105;6110.190427;0.727396251;10.41443823;0.006469123;0.911600433;0.000941646;17.39037595;23.92766773;-0.083009972;-0.003052364;0.540144276;-0.309593174;-5.194586713;-2.490067114;1.635271912;-3.539840346;29.5644273;14.61955086;43.55047469
444;5.233121776;2997.346986;1.465936018;7.095551677;0.005352925;0.986688687;0.00194272;24.13195595;18.66586569;-0.25452285;0.267646708;-0.241379914;-0.215034771;-4.467816308;-1.670920363;5.306700046;-4.659937693;28.2163066;21.0815602;30.56395092
445;0.108522322;423.2946239;0.005243077;18.15851753;0.000310835;0.001700216;0.006745426;1.733693964;36.12704854;-0.766625091;0.417188227;-0.468284931;-0.108868549;-6.378880196;-2.110400498;0.320949389;-0.210809642;28.3606927;84.72176679;43.16860812
446;10.53685288;5399.611627;1.770204589;8.545204832;0.010508102;4.953149568;0.009999082;35.86242644;12.77048815;-0.07446498;0.198065437;0.610992065;0.225558743;-5.130217886;-2.97710526;-0.223977765;-1.603450392;29.321225;15.56151033;42.07625678
447;0.203421919;679.2443239;0.015794827;10.52888627;0.001628601;0.741546628;0.034224567;5.047084432;34.4019892;-0.634784032;0.216070694;-0.039788509;-0.023074568;-5.981913769;-2.530020681;0.224296012;-0.208917227;28.3408251;68.54636622;45.76414462
448;0.102968136;379.3540024;0.005458467;48.21929551;0.000441964;0.003225214;0.010153507;1.833361094;36.20181894;0.491347273;-0.342112346;-0.498376817;0.112731538;-6.877303608;-3.374484463;0.217959219;-0.17051673;28.2826773;85.0447165;38.48606509
449;10.28046759;4603.216696;1.034709402;9.38445034;0.00668581;1.58669687;0.001092806;33.28368537;13.65551966;-0.066225256;0.147709825;0.43339103;0.133190889;-5.65060911;-2.896964328;0.487830263;-0.275836358;28.9164999;18.79779463;34.76467785
450;0.117612847;395.1207448;0.006413178;30.74747652;0.000305826;0.00174389;0.012336551;1.662800367;36.17435214;-0.778831259;0.664997542;-1.139363282;0.370612301;-6.761175905;-3.20516404;0.292144086;-0.087205705;28.2288708;81.16557466;36.76832535
451;0.105309757;368.8880821;0.006244995;22.58360734;0.00029653;0.00168916;0.008577679;1.680647913;36.1682486;-0.734580069;0.545060351;-0.781552759;-0.202659862;-6.355817734;-2.586542472;0.394011269;-0.412482188;28.1942314;83.74219257;38.8396061
452;3.422552709;3290.197374;0.124478408;10.52888627;0.003641879;0.914732959;0.018417204;8.26250894;32.73988327;-0.359661515;0.440992997;-0.042837365;-0.748107321;-6.002274893;-2.880463069;0.209774646;-0.028877465;29.2270329;25.97642544;43.56567939
453;0.12263229;378.9046769;0.008587767;12.20739548;0.001115236;0.010515611;0.004631096;2.890785948;35.58000242;-0.714133065;0.684835175;0.586232988;-0.123716678;-6.346106195;-3.050370147;0.287180704;0.046459623;28.096881;81.63401296;33.63547367
454;10.55754329;5572.752837;1.678144544;10.29999744;0.005686103;1.053187802;0.014014339;8.553590033;30.75198627;-0.147251805;0.017090349;0.108650438;0.009872231;-5.908782197;-2.879193818;0.110691176;-0.435058004;29.4794002;14.66284512;41.55280498
455;0.118893551;364.9725722;0.005483509;37.91924642;0.000297737;0.001700365;0.009580856;1.6565995;36.1461228;-0.339670695;0.220648698;-0.865458445;-0.068511876;-6.549596007;-2.978541359;0.238570571;-0.497601099;28.3070961;83.3053806;34.30824268
456;0.493234794;1149.875375;0.026790968;15.41186971;0.002693844;0.042213817;0.001309477;1.757862686;36.09805568;-0.254829233;0.119022329;-0.1910297;-0.281593553;-6.280814215;-2.442708158;-0.01388304;-0.382187177;29.6049283;51.81152532;44.92698244
457;0.08623127;405.9285968;0.003419814;23.34671971;0.000240379;0.00198493;0.015293268;1.567487082;36.19876732;-1.291542949;0.767845031;-0.782812052;-0.449797095;-6.230166033;-2.177899288;0.469864392;-0.2696542;28.3914285;91.38510808;47.97534403
458;0.100610724;368.5181693;0.003646348;57.45103678;0.000322196;0.002825941;0.009785884;1.678693748;36.22089284;0.267343359;-0.421461783;-1.103114957;-0.007261807;-7.079811965;-3.326369935;0.215954586;-0.118623916;28.1428002;84.47105419;38.48456056
459;10.70539441;5450.360636;0.685720053;8.31628218;0.0068392;1.376545778;0.001179087;16.7563014;22.35864932;-0.139164919;0.194402928;0.130068868;-0.446635967;-5.821797161;-2.963447011;0.483966572;-0.448192561;29.2280321;17.21392723;40.32260784
460;0.113238887;348.3279809;0.005756095;40.28452039;0.00028663;0.00175833;0.011390104;1.63007923;36.14001922;-0.567643667;0.397960926;-1.15166759;-0.101033832;-6.570609728;-3.176684008;0.317532142;-0.061229969;28.1776863;81.02485794;32.8734758
461;10.63015382;5362.940909;2.081613902;7.019257516;0.012336877;4.545704378;0.00881996;26.36655717;11.8175763;-0.044557246;0.039673951;0.123499634;0.082330722;-5.19707773;-2.646739649;0.264723986;-3.735571067;29.3734626;13.90606765;41.32066475
462;0.096058637;408.5694579;0.004161569;18.73074995;0.000315494;0.040428182;0.016648546;1.763196215;36.18846691;-1.249429431;1.037172426;1.043687347;-0.327760905;-6.078456069;-2.669568239;0.210888275;-0.597263938;28.2553453;88.96852256;43.22657714
463;2.373641465;2249.174792;0.07251638;11.13925069;0.003595016;0.438166105;0.000682731;9.908217543;32.95842707;-0.547501675;0.796532841;0.787151039;0.30086732;-6.278235135;-2.871611162;0.484531155;-0.40889924;28.5542895;30.64111006;31.26492025
464;0.097403142;376.9473812;0.004909051;41.65774183;0.00029461;0.00122071;0.012083747;1.64931918;36.18274474;-0.292368082;0.299692962;-1.200481453;-0.037273247;-7.120232681;-3.239232044;0.185810813;-0.019068601;28.1498395;86.53119071;38.17357741
465;0.219765827;530.4069103;0.013299331;16.86144601;0.001261293;0.037727627;0.004494066;3.170246194;35.64943435;-0.88869932;0.936003096;1.113660383;-0.266565705;-6.687275963;-3.092784552;0.132930941;-0.110308474;28.3661552;71.509285;36.9556975
466;0.084187463;381.0761289;0.003638469;23.61372759;0.000262129;0.001821472;0.012049748;1.614445092;36.16748559;-1.128421857;0.697500833;-0.824259279;-0.171706651;-6.215007742;-2.42240138;0.438020155;0.020943516;28.3125911;90.73414805;43.92358435
467;0.653536258;1191.32279;0.029931075;10.52888627;0.003022483;0.254363327;0.001098864;6.259615703;34.23718463;-0.859399328;0.654926198;0.470698928;0.493691013;-6.142347341;-3.057493601;0.468960011;0.367176543;28.64313;50.65028714;35.81134903
468;0.230077838;732.5490337;0.017812561;10.52888627;0.001523107;0.70115041;0.038029518;4.133275757;35.08865449;-0.495926194;0.093997143;-0.276763436;0.28329436;-6.216279762;-2.385976252;-0.262202055;0.003280158;28.8545555;60.70408359;47.02437016
469;0.092121031;350.7117397;0.004429472;21.7062621;0.000278533;0.001679101;0.011194567;1.633582318;36.17549659;-0.910061454;0.733969491;-0.884181865;-0.006691522;-6.344462318;-2.763467694;0.44756022;-0.064882564;28.1031564;90.15275568;37.89613106
470;5.577421696;3492.298661;1.005761876;7.019292674;0.006337027;1.310594884;0.001252173;36.28144735;11.91595448;-0.056154572;0.199591512;0.175075751;0.157324259;-4.216568184;-2.046126143;-2.34369147;-6.499371;28.6263986;20.17949809;29.44150557
471;0.106963802;376.7728983;0.005898356;58.59555256;0.00029943;0.001694049;0.010882701;1.64372309;36.1873225;-0.311899683;0.181891043;-1.304067824;-0.044049584;-6.794560803;-3.262177999;0.331500467;-0.185528961;28.2781214;83.54365076;37.10183204
472;10.22787904;4937.043848;1.974146294;10.26185005;0.011343053;6.979407274;0.007011615;43.433593;4.443113245;-0.036469737;-0.01678478;1.037444753;-0.128441407;-4.702788318;-2.77542054;0.472450917;-2.416888675;29.3051003;13.42473358;40.0150625
473;9.875104087;5652.09232;1.147896367;7.896654865;0.006490352;1.657575599;0.018856257;12.60190251;27.00088532;-0.115970557;0.092776341;-0.019773755;-0.105476946;-5.860998361;-2.982847816;0.27833562;-0.124627158;29.4665525;15.64668581;43.86330809
474;3.619735695;3170.619574;0.079138635;10.52888627;0.002968536;0.689214599;0.011742619;6.58819159;33.55815296;-0.546586716;0.343638316;0.355454232;-0.189729176;-5.992288438;-2.845037867;0.329988582;0.091545945;29.232752;32.81027827;44.85526022
475;1.212591788;1757.707329;0.05486685;10.52889093;0.00290304;0.319927077;0.001717198;6.069545084;34.09602971;-0.526749578;0.608234298;1.997978111;-0.610962558;-6.04957897;-2.978379098;0.257442687;-0.0551121;29.0237051;37.54181562;40.89926457
476;1.212492888;2195.048285;0.034073826;10.52888627;0.002798061;0.671358023;0.018817694;4.905913647;34.07926045;-0.525223095;0.0366219;0.400004791;-0.306290181;-6.101839731;-2.705564227;0.138474614;-0.134364126;29.3404567;42.73387829;46.56176404
477;11.29176133;5053.774017;1.183445188;7.019257516;0.007310982;2.08669597;0.001087767;35.95570206;10.57122976;-0.117343341;0.147557445;-0.045884564;-0.026287801;-5.140568771;-2.722955676;0.602501858;-1.68984556;29.0989545;16.41942781;37.24566898
478;8.446381069;5492.594547;0.741793363;11.2155369;0.004818846;0.366956317;0.003506363;3.381387801;35.39916719;-0.07171869;0.124514941;0.510483867;0.111966705;-6.072396138;-2.652259269;0.106470625;-0.946933226;29.5235913;16.75221723;44.31840587
479;0.103853484;413.1570516;0.004966402;20.2948711;0.000298609;0.001723731;0.008159986;1.702753719;36.14841149;-0.8166752;0.519424773;-0.56889238;-0.08909821;-6.314750937;-2.29770397;0.453836031;-0.299011086;28.3240919;85.22562035;42.95089863
480;0.096893488;344.1859012;0.005001718;19.83758209;0.000500181;0.003545983;0.010555993;1.988523771;36.14612242;-1.173738287;0.971098911;-0.069921108;-0.007088933;-6.346052059;-3.028638347;0.396926308;-0.309924154;28.0997408;86.23271168;36.22564672
481;0.345058753;634.4325198;0.008761577;21.97323931;0.001055951;0.071413584;0.006322184;3.237542874;34.82695335;-0.653704887;0.512709986;1.54666252;0.04264387;-4.886987905;-3.40292289;0.547417738;-0.552459421;28.1851881;69.94080201;34.83179158
482;0.283115055;708.1887954;0.011973071;35.82112093;0.000855028;0.002741561;0.006699433;3.117800847;35.74976431;0.34028183;0.195776106;-0.016481931;0.090590445;-6.322158697;-4.459288504;0.204213025;0.034643864;27.643236;70.60181063;42.89708132
483;9.718692153;5175.100888;0.955286997;10.41443823;0.007550014;3.502036428;0.002492972;24.7428282;16.24994511;-0.036622444;-0.041810793;0.44133639;-0.138318626;-3.802423945;-1.782750537;0.997629956;-3.656476732;28.8282731;16.45963383;41.70823739
484;4.568278537;3480.340824;1.32341478;7.095551677;0.005225397;0.966507378;0.001836398;21.17238247;20.37183877;-0.117800838;0.133670874;-0.169327206;-0.045683308;-3.314257673;-2.718216526;4.226283085;-5.350247993;27.4303168;21.76796418;37.59854988
485;0.092767034;371.7437401;0.005227726;29.29780748;0.000358879;0.002516897;0.003238031;1.742856045;35.82491553;-0.571001349;0.138248923;-0.06791616;0.069079636;-5.264100826;-2.558369768;0.278402593;-0.603321795;28.2179047;86.25630329;39.50487693
486;9.471570652;4232.236913;1.724736295;8.545204832;0.011869781;6.351579589;0.015616707;41.1168057;6.705688449;-0.031433918;0.090945367;0.383727997;0.171256647;-3.514611816;-3.076704077;-0.201153896;-1.738705124;28.2939676;16.40019711;31.96783417
487;1.552441958;1753.020417;0.01969598;10.52888627;0.003315265;1.669676349;0.050452673;9.810171707;32.09327088;-0.52247624;0.102542063;0.036022318;0.032921139;-4.854901028;-2.536793006;0.254935202;-0.654003108;28.4786355;51.22606817;35.75126962
488;0.10518755;399.7886749;0.006033675;43.6414589;0.000495027;0.001530538;0.011180714;1.980942668;36.01413001;0.025330086;0.186468171;-0.648909952;-0.02431129;-5.651385224;-4.226861952;0.306699095;-0.408939695;27.9620005;83.95812318;38.66569573
489;8.744484479;3956.494441;0.537216785;9.38445034;0.006176272;1.45581606;0.000703917;32.85167309;14.84650021;-0.048219286;0.081789714;0.319641591;0.009665019;-4.017774702;-3.598859251;0.936698495;-0.616300067;27.9139354;18.01064167;30.64225562
490;0.384800473;728.5892071;0.020377839;46.46445644;0.000846136;0.044367532;0.009227265;2.830372912;35.49684366;-0.410168485;0.588091521;-0.529485316;-0.023404086;-5.486734723;-4.206190729;0.389756354;-0.364320362;27.9657906;67.2391698;38.12906814
491;0.103455215;344.4751586;0.004523026;25.86441576;0.000344865;0.002403542;0.004386864;1.725590199;35.84017401;-0.620441244;0.245368634;-0.186719017;0.116880874;-5.151690155;-3.131729914;0.339639903;-0.751237575;28.1773805;85.40346625;32.08095728
492;6.346547499;3653.925846;0.345690939;10.52888627;0.005879371;2.489754834;0.049358434;15.47263458;26.92497748;-0.274362307;0.404217865;0.09542348;-0.497795481;-4.593100227;-3.027903537;0.42234914;-0.735686686;28.3932706;24.46293903;35.49975657
493;0.88598265;1137.393117;0.025077545;12.20740648;0.00173721;0.210470067;0.004188562;4.733916976;33.91826781;-0.556047;0.526139108;0.091716326;-0.179027224;-4.956648673;-3.868226299;0.407732775;-0.475214452;28.0565276;57.55065536;36.86427961
494;10.31226676;4055.142202;1.32201228;10.29999744;0.008407291;3.434096371;0.034768474;19.16680136;21.03375513;-0.085909693;0.038605918;0.125133846;-0.105404279;-4.389037168;-2.37557723;0.255605748;-0.671779148;28.3035602;16.33941114;30.23029323
495;0.111438759;372.2065285;0.005234739;36.01188326;0.000316475;0.00219543;0.007055953;1.684501497;35.84856688;-0.517899056;0.287484353;-0.30868666;0.052643366;-5.270129191;-3.709851479;0.369257021;-0.538230877;28.1827736;82.88073996;34.3976704
496;3.952785535;2690.065672;0.101284336;10.60518444;0.003530263;0.497015246;0.001411801;2.983120491;34.00295594;-0.238959788;0.099795565;-0.051059703;-0.111985702;-4.753047791;-1.916763606;0.070815031;-0.66676956;28.7249336;30.76999011;38.52931778
497;0.170097969;535.0078522;0.005593141;26.39855963;0.000232113;0.00282844;0.014861875;1.556140589;36.06296125;-0.7681515;0.342418634;-0.731588969;-0.12681891;-4.974962887;-2.348568875;0.372917743;-0.436722747;28.3976556;81.99165932;35.38064773
498;0.12595399;424.7752165;0.006617038;37.53775498;0.000766381;0.009714987;0.008838801;2.551785866;36.02786328;0.204779518;0.202337407;-0.522610647;0.054846146;-5.864940681;-4.374955641;0.410397915;-0.242659984;27.8733174;80.98062793;38.43241091
499;12.45395053;4608.093878;0.549245026;8.31628218;0.007353799;2.182319726;0.000874019;27.18311329;15.38668853;-0.060732065;0.103457847;0.047762486;-0.118729213;-4.206326762;-3.327761441;0.718754444;-0.808219718;28.1243922;14.13118369;30.71169862
500;0.119200961;371.8062533;0.008577086;33.57054066;0.000392731;0.002034618;0.009722169;1.800376569;35.90197455;-0.538956852;0.381481178;-0.554671184;-0.065887765;-5.306662175;-4.018827001;0.394360558;-0.24149168;28.1087948;82.82595129;34.75121481
501;10.83345578;4324.012425;2.448883584;7.019257516;0.013995412;7.292229276;0.01357702;36.74744123;4.128394407;0.001526004;0.021667953;0.102092675;0.013177737;-3.707509676;-2.310794384;0.442006304;-3.591182945;28.3927371;12.07066286;31.78265083
502;0.288854758;1064.252946;0.008400122;20.52378182;0.000805226;0.201306751;0.014652759;3.133681654;35.18479158;-0.721916214;0.574206285;0.493831295;-0.356616511;-4.861194635;-2.936981246;0.089053518;-0.726281103;28.1425835;78.37748411;37.25452634
503;2.93799812;2389.107918;0.128009521;13.73331896;0.003427631;0.690756156;0.001178663;9.857156305;29.60141413;-0.415051354;0.541398164;0.236852972;0.242443068;-4.741585644;-3.801503294;0.591768886;-0.536375084;27.872237;37.99050008;33.30424
504;0.272986361;750.0310626;0.010851099;39.52148118;0.000465402;0.003835469;0.012639694;1.971216911;35.52201803;0.07080228;0.408337858;-0.231185057;0.202661117;-5.939679714;-4.44013475;0.398033554;-0.276318001;27.7307631;70.33438878;40.94970433
505;0.69475167;1129.884374;0.042026031;25.63546896;0.00141494;0.195401309;0.006445942;3.908097709;32.98440835;-0.492263406;0.561845896;0.028154023;-0.010676436;-5.264184328;-4.155153945;0.397666544;-0.666618847;27.8806778;59.16012132;35.14591331
506;0.103206868;376.0659382;0.005316792;25.10143844;0.00027394;0.002559798;0.009925514;1.633178653;35.96453761;-0.708792651;0.285348368;-0.478205845;0.062608925;-5.019876055;-2.724001274;0.304039949;-0.416041257;28.2017972;84.56606483;36.84640713
507;4.576992904;2604.81437;0.546971328;10.68148358;0.004001408;0.849737113;0.00098264;10.02108381;30.00732401;-0.584733072;0.492568341;0.596041742;-0.18542472;-4.668167733;-3.578699854;0.919575028;-0.16291193;28.028684;30.16917075;36.8455337
508;1.215160323;1542.699126;0.023848436;10.52888627;0.002390528;1.286711965;0.054321793;6.351994076;33.7939042;-0.440077201;0.034791135;-0.2783925;0.228946323;-4.902830926;-2.233822487;-0.090019179;-0.475275135;28.5058585;54.82768524;35.67448555
509;0.11515546;372.576426;0.006051233;21.93514317;0.000334286;0.003330819;0.006682869;1.755883594;35.86535213;-0.716727171;0.354166886;-0.369967209;-0.132020943;-5.06721177;-3.357805743;0.415496972;-0.313986056;28.1409993;84.58966345;34.69623886
510;8.011969138;3989.006819;1.365720321;7.019292674;0.006112053;0.980312782;0.000719554;32.24358743;11.93733495;-0.015869768;0.13672286;-0.138281007;0.134868836;-2.89440781;-2.758782043;-3.01991553;-5.22439503;27.5915924;17.63084669;31.00602253
511;0.126309171;412.3649208;0.007505027;45.625194;0.000530959;0.002706355;0.010395506;2.023947213;36.00115958;-0.311289079;0.356456494;-0.792001725;0.069719346;-5.532127819;-4.211610032;0.381883049;-0.255445704;28.0487385;80.05716211;38.59644752
512;10.3132685;4082.085058;1.929938484;10.41444609;0.012017774;7.564875581;0.012555078;47.30996638;2.877514166;-0.026398538;-0.019531611;0.714679455;-0.029633836;-3.207909403;-2.768785153;0.064812985;-2.667526458;28.3993193;14.43736942;33.01176956
513;11.51543426;4651.671652;1.50072377;7.896654865;0.008538898;3.346891114;0.022581938;20.88725768;15.19747369;-0.033875667;0.044251976;0.05272358;0.039474734;-4.244311563;-2.881007268;0.587969044;-0.817411618;28.2727629;13.87124282;31.36942662
514;6.988157912;3485.383999;0.243480482;10.52888627;0.005245329;2.013320879;0.031305279;13.28216395;28.78811404;-0.410474863;0.313730182;0.103521584;-0.15010019;-4.643213366;-2.688672737;0.50022799;-0.821321984;28.4880754;21.58196231;32.19363739
515;5.005228925;2615.73902;0.249322458;10.6051825;0.004069635;0.998191697;0.003448037;10.06126893;29.29853106;-0.335094319;0.488601792;0.953711527;-0.003922644;-4.626916475;-3.318043009;0.367498738;-0.592523436;28.2395259;27.78857223;35.33588055
516;5.941835365;3190.152043;0.228239801;10.52888627;0.005141773;1.904111008;0.027928804;11.4710559;29.79141451;-0.351878731;0.058290021;0.365467882;-0.176245461;-4.654101806;-2.263258927;0.22053892;-0.761342426;28.7852683;22.00203613;36.01312655
517;10.70417726;4399.151996;1.189125078;7.019257516;0.00728343;2.50209309;0.001028449;37.84075289;8.678705145;-0.066530209;0.050661074;0.03970146;-0.026320378;-3.533490933;-3.27491999;0.793274655;-1.974709758;27.852258;16.35666065;31.58642354
518;10.03819616;4600.1402;1.412175072;10.5288723;0.006762329;2.312045707;0.007082687;12.0236009;24.77337905;-0.036011852;0.049744887;0.301351868;0.008228992;-4.503219787;-2.070661779;0.183123176;-0.631543074;28.71785;16.66378993;34.57299425
519;0.1127836;355.0599573;0.006981523;28.07701695;0.000347748;0.002522171;0.003928193;1.735461218;35.83864838;-0.592059002;0.175481365;-0.094328184;0.115241676;-5.200252491;-2.725910128;0.460079571;-0.560774037;28.2895262;82.7887408;34.83004032
520;0.382407238;456.4567284;0.012654565;22.43124744;0.000938675;0.045567707;0.00525297;2.960618933;35.26871494;-0.785545582;0.58534525;0.085211016;-0.106166035;-5.071512504;-3.805336883;0.315053905;-0.667890982;28.1154861;71.77321897;30.23641178
521;0.105267835;401.7269732;0.004938661;29.06875519;0.000613157;0.010825652;0.011791749;2.186010816;36.03549109;-0.784324871;0.518508903;0.739163435;0.208251957;-6.266216919;-3.478031776;0.251603961;-0.465478146;28.1421071;85.31076313;38.69584901
522;0.115175991;472.4033822;0.004572854;50.8896388;0.000774518;0.001209308;0.006552361;2.513791002;36.07860046;0.105899708;-0.343639062;-0.648398339;-0.029970086;-7.544712295;-4.866012742;0.192654462;0.223236584;27.7069795;81.56912146;43.8696486
523;14.16020397;5968.209703;1.973040873;10.41443823;0.007893907;5.889736869;0.002994318;32.30687485;13.52465031;-0.042573322;-0.010529312;0.375466928;-0.138322429;-4.692335274;-2.436047919;1.095474618;-3.78210165;28.4461479;12.37119099;41.29628784
524;6.968362858;3735.537267;1.070998948;7.095551677;0.005925083;1.959357945;0.001914338;36.16918731;14.04841664;-0.236822283;0.238044082;-0.284519294;-0.200024792;-4.298171658;-2.210755495;5.116325885;-5.414102889;27.4415915;19.30360811;31.52968025
525;0.103029665;458.5662742;0.005191815;34.10440743;0.00036073;0.001680199;0.003136222;1.715189174;36.01718189;-0.275582275;0.003967453;0.189130947;0.036262875;-6.178865079;-3.175911684;0.212716706;-0.202922342;28.0118939;85.18812493;46.21922298
526;11.04311629;5125.522098;2.019397123;8.545204832;0.011567304;7.103856717;0.012373488;51.9255615;2.950383388;-0.061647051;0.17273513;0.609354762;0.339232453;-4.804171619;-2.948105127;-0.279727828;-1.398016662;28.1171363;13.8777381;39.78870574
527;0.375972015;1008.641605;0.017804569;10.52888627;0.002352686;1.203727411;0.05296373;7.222943981;33.50016851;-0.650042342;0.018310966;0.049094304;0.013173046;-5.96916736;-3.1997444;0.232976511;-0.382296222;28.073793;67.3530619;45.75614037
528;0.118259771;387.7128292;0.004471708;47.07482123;0.000375925;0.001170812;0.003305638;1.6871092;35.94470049;-0.191656493;0.146794021;-0.484384535;-0.044042306;-6.915537101;-4.389548666;0.416963281;-0.582600264;27.9884678;80.10559341;36.65298685
529;10.31528613;5005.736634;0.744700121;9.38445034;0.00689346;2.9393163;0.00076467;53.33557863;5.731387968;-0.083315742;0.169988412;0.716788605;0.141172092;-5.279058593;-2.959479685;0.456914214;-0.585157496;27.9863863;15.29840425;37.79792566
530;0.112785229;377.9398196;0.006295229;38.68218209;0.00041499;0.001502988;0.007031616;1.834543874;35.96224841;-0.662251276;0.530105853;-0.621855656;-0.029463544;-6.872198435;-4.401811968;0.394378251;-0.527302992;27.875071;80.46034387;36.60062589
531;0.108538783;432.7397495;0.005780897;40.97105735;0.000370881;0.001548274;0.002615844;1.718462977;35.99276687;-0.448316905;0.12329472;0.03241056;-0.046242694;-6.301032466;-3.414847551;0.152814423;-0.322842674;28.0871132;83.80748219;41.45596713
532;6.271947273;4824.465399;0.665795993;10.52888627;0.004859988;1.718100017;0.03737801;12.62889716;29.70940298;-0.42008838;0.490127057;-0.332916633;-0.721850382;-5.922004757;-3.216962132;0.086458984;-0.358735201;28.0341439;22.54127556;44.8253246
533;0.120462828;479.8801964;0.004796809;11.90221653;0.001457793;0.070117181;0.003063632;3.915756656;34.93148372;-0.754417588;0.71657415;0.253113284;0.223033938;-6.36549917;-3.711559171;0.289360328;-0.357868296;28.1443696;83.17259741;38.31841332
534;10.31493727;5541.123137;1.750844713;10.29999744;0.00718776;2.785312944;0.040273541;15.43200491;22.63102143;-0.136875687;0.025482943;0.151470922;-0.15151581;-5.470869733;-3.037540129;0.098251858;-0.571649515;28.4039622;14.2948784;42.90826451
535;0.094311227;374.341548;0.004524633;36.16445187;0.000391451;0.001421739;0.001936068;1.720301071;35.89434487;-0.506302079;0.194097703;0.025687068;0.078752154;-6.524729242;-3.657296924;0.277691464;-0.30685183;28.0666055;89.60538864;36.07915161
536;3.81700298;3173.639389;0.072106966;10.52888627;0.00313361;0.349629753;0.00178613;2.313206318;33.9159801;-0.321054584;0.032960024;0.042794973;-0.177847839;-5.689946237;-2.886133415;-0.044465433;-0.500686227;28.5468445;33.64564123;45.40559992
537;0.095460352;446.9946363;0.005188353;31.5865347;0.000262487;0.001942853;0.020434962;1.491107775;36.10721189;-0.773644497;0.382701893;-0.644203405;-0.013249773;-6.04189251;-3.111792537;0.413937046;-0.166321452;28.2239312;87.19672559;46.92316041
538;0.108962458;414.4566562;0.005874458;58.90075278;0.000376899;0.001025241;0.005022836;1.718163594;36.0812708;-0.157169679;0.017395118;-0.50859167;-0.121720585;-7.134579678;-4.791115634;0.271068292;-0.473492339;27.8485082;83.3963763;39.54169098
539;13.95083261;6067.942842;1.139820006;8.31628218;0.008487897;3.255844262;0.000882739;29.861555;12.02357791;-0.134281906;0.202643111;0.276684657;-0.33957347;-5.503819133;-3.105865727;0.3784739;-0.899271163;28.2619868;13.84632584;40.63223272
540;0.103209884;371.2898346;0.004462572;41.04730604;0.000366386;0.00131952;0.003517849;1.698606421;35.92791514;-0.52980135;0.277108089;-0.287710707;0.009895955;-6.629127919;-3.97333266;0.345986783;-0.413865508;27.9758341;83.07210677;36.7012611
541;10.01981023;5201.224421;2.303045437;7.019257516;0.013844891;7.761817096;0.010912532;45.79959049;1.722775992;-0.038148097;0.0424204;0.210769402;0.090571244;-4.769739311;-2.663461216;0.156662335;-3.475522938;28.5093343;13.42595262;39.88259117
542;0.111560125;474.2483597;0.005121914;24.10972198;0.000362463;0.037306083;0.020035145;1.739571961;36.08928155;-0.7710506;0.564287563;0.253245727;-0.208147626;-6.127133735;-3.301937742;0.034038199;-0.456112012;28.0557736;83.33418777;44.78253076
543;4.501069415;3120.38348;0.22794877;10.68147849;0.004762393;1.295122895;0.000596241;20.51280627;28.95438869;-0.492568649;0.809350485;0.790929558;0.505527373;-6.127324638;-3.509437473;0.536124381;-1.416593057;27.9311682;24.16035221;36.42150568
544;0.107611006;413.8078421;0.005906442;59.66357347;0.000590866;0.001870951;0.00646313;2.137416581;36.0377816;-0.416883168;0.321665876;-0.599561843;-0.078252535;-7.198965619;-4.828944582;0.245360466;-0.216767697;27.7844761;82.23057008;42.93835616
545;0.235293555;785.3144012;0.004482198;16.09847797;0.002095698;0.2211041;0.001350287;5.64444994;34.38444705;-0.671407611;0.855128797;0.487180297;-0.277851886;-6.731910096;-4.365124377;0.174708565;-0.979634409;27.9658395;72.56722389;32.59099142
546;0.107197794;466.9238855;0.005607825;45.05294077;0.000293609;0.001885041;0.014021807;1.571318065;36.08623007;-0.510117316;0.264290794;-1.051286232;-0.01629218;-6.157430008;-3.244819704;0.236998249;-0.025447279;28.1691971;83.93484306;47.81265362
547;1.507985242;1871.066038;0.029648243;10.52888627;0.003993649;0.678407451;0.001420011;9.921587415;32.02459334;-0.893577983;0.613421711;0.365113362;0.691902569;-6.029594172;-3.414566095;0.407580643;-0.091788395;28.2403028;45.30968214;37.97764259
548;0.150284957;613.9538889;0.012241421;10.52888627;0.00214786;1.20939242;0.063883693;5.837352931;33.99685291;-0.488296571;-0.040589605;-0.395320721;0.275083756;-5.882052034;-3.065821241;0.035188832;-0.13697744;28.2482068;75.68422012;49.15526014
549;0.103947068;392.9317186;0.005347027;44.55698081;0.000340082;0.001551532;0.005784521;1.672205841;36.02290395;-0.471663426;0.227667688;-0.149059644;0.003238111;-6.342013691;-3.486992617;0.266591913;0.029697324;28.0527859;83.44968211;37.86536682
550;6.210434027;3858.418753;1.199703111;7.019292674;0.006499247;2.301684913;0.000593426;46.35895094;6.100654363;-0.062258296;0.227668493;0.267491966;0.180264301;-3.895046845;-2.193777832;-2.491163593;-6.409579228;27.8438941;18.40245532;34.20085111
551;0.106213527;364.8687183;0.005817129;48.06656516;0.000364905;0.001171869;0.004005423;1.696296112;35.94775222;-0.482803065;0.269783887;-0.429729114;0.056506952;-6.837171899;-4.328762298;0.470055588;-0.604761508;27.9937978;85.03305149;36.10988756
552;8.825299116;4732.972999;2.11872297;10.9866695;0.011239364;7.52836685;0.008982282;53.81992668;1.351206845;-0.044709609;-0.000457488;1.119766489;0.138328284;-4.426919706;-2.736015121;0.242419966;-2.022340067;28.4424481;15.38188609;40.60178118
553;12.75818713;6020.073448;1.891149199;7.896654865;0.007756616;2.703615317;0.019569003;18.50706924;16.39495284;-0.085146835;0.080721583;0.128448575;-0.108758146;-5.535860561;-3.058168329;0.264990421;-0.575316299;27.9730242;13.47021172;43.6956095
554;7.697005722;4742.304304;0.57159019;10.52888627;0.003938723;1.207770011;0.021819261;10.28187694;30.72527568;-0.534075115;0.319224046;0.111680104;-0.263767223;-5.846165978;-3.224548875;0.313848843;-0.222886584;28.5786418;24.58898005;48.40045844
555;1.591367217;2314.433237;0.048975943;10.68147119;0.003740086;0.714287906;0.002208094;9.119795302;31.73238473;-0.460831507;0.637836662;0.905827287;-0.257869321;-6.016059831;-3.318500858;0.216000977;-0.567362628;28.1976976;36.16939532;40.24604439
556;4.290561369;3976.056773;0.439827842;10.52888627;0.003960346;1.276338585;0.024390783;9.252403404;31.23035861;-0.453199983;0.023804072;0.055865718;-0.032955716;-5.76680316;-3.100137509;0.301512075;-0.372692466;28.5376361;30.13245523;46.0458249
557;11.69748164;5590.901817;1.353986741;7.019257516;0.007908195;3.90881159;0.000935125;54.29485491;3.309349895;-0.120395278;0.13824923;0.003466387;-0.009854693;-4.74421628;-2.717741561;0.601830993;-1.806246799;28.0369209;15.49010267;39.92768708
558;11.90198548;5775.519504;1.308611556;10.5288723;0.005810765;1.890956146;0.010654286;8.183381587;26.77081591;-0.07385484;0.079347687;0.286530868;-0.031293565;-5.514008641;-2.854209471;-0.019894928;-1.030399713;28.5148707;14.0987454;42.21085311
559;0.098614587;460.1209453;0.005327807;34.86739724;0.000352851;0.001658495;0.004089839;1.703741115;36.01718184;-0.345774703;0.060426477;0.113278484;-0.080745413;-6.217600061;-3.272128986;0.261701981;-0.186396613;28.0977451;86.93319766;46.67599723
560;0.109753446;380.0011834;0.005403827;36.16427938;0.000482204;0.004280059;0.009637031;1.965992132;36.06524843;-0.733053861;0.498672715;-0.979779598;0.211757166;-6.394772621;-3.671129869;0.271833889;-0.542579141;28.122908;84.17927819;35.34849698
561;0.108890871;728.9651506;0.004605143;22.73634903;0.00058738;0.011210823;0.015717377;2.0541873;35.41290967;-0.767233234;0.60731772;1.224952371;-0.573700488;-5.611588485;-4.351378222;0.386643409;-0.401283015;28.1598599;82.1365838;37.23188132
562;0.116014856;436.7102775;0.003597231;62.33407938;0.000841347;0.000797451;0.005060118;3.021219995;36.04045231;0.484634271;-0.141911078;-0.3746585;-0.077067992;-7.657149498;-5.71533262;0.090552096;0.008906682;27.4820032;80.52844975;46.486524
563;11.84411615;4923.093253;1.668149563;10.41443823;0.00924702;8.987148721;0.006133389;37.16667651;7.061975983;-0.006866776;-0.001068363;0.210786803;-0.151489166;-2.992048359;-1.73714436;0.75812925;-3.818543878;28.214277;16.24436587;34.2044586
564;6.097577189;3668.432464;1.612165361;7.095551677;0.006098681;2.348961579;0.002450271;35.35636399;13.20838026;-0.19257066;0.206304888;-0.297660035;-0.207994591;-4.32565052;-2.948105479;5.05275311;-6.236828936;27.8382247;18.04124107;30.40747939
565;0.113701057;404.3098468;0.007773141;21.43927197;0.000344207;0.00212045;0.008768346;1.638490719;35.71733772;-0.313120021;0.01922683;-0.112278084;-0.074021555;-5.364470343;-3.894535256;0.605498654;-0.738447683;27.9569507;85.47797496;38.1926979
566;9.502834413;3698.496319;2.065119506;8.545205159;0.012977884;8.343364005;0.020615191;51.83195715;1.430558903;-0.043641177;0.124210721;0.620895611;0.260200762;-3.654645764;-3.11168794;-0.186214208;-1.923834491;28.2082368;17.94438806;29.19254243
567;0.958531032;1521.97739;0.01899345;10.52888627;0.003481892;1.997440773;0.075575561;10.3515948;29.6960443;-0.466933072;0.094607026;0.009620851;0.019739539;-4.698814968;-3.258995723;0.370588506;-0.814322184;27.9438212;55.15924188;32.85716277
568;0.102904686;460.9287882;0.005899178;44.86220594;0.000385379;0.001059126;0.001974647;1.692311263;35.76998192;-0.285653348;0.161443074;-0.407587875;0.003286823;-6.998354993;-4.953748172;0.597943805;-0.514982448;27.7512695;83.09368799;45.04025023
569;11.88946541;4356.742711;1.120519454;9.38445034;0.007318147;3.39941785;0.000759254;46.51229748;4.461058561;-0.065309682;0.115054915;0.532169718;0.103462929;-4.849780429;-3.679241803;0.855230121;-0.726155598;28.0798923;24.68104946;34.05619373
570;0.123479419;406.6352847;0.006919699;39.36881839;0.000354143;0.001057184;0.007440184;1.639700847;35.83025562;-0.555741525;0.417492611;-0.626392975;0.068213187;-6.685750683;-5.13168198;0.553107584;-0.498008067;27.8643377;78.12095746;39.89458747
571;0.10734792;411.1289742;0.005321486;26.32214937;0.000365957;0.001720142;0.004559932;1.670119657;35.72878168;-0.459608855;0.119022094;0.043836605;-0.14834896;-5.677670363;-4.425534153;0.5444851;-0.732749096;27.8261077;84.36725123;37.7589861
572;9.601437019;3900.150753;0.781407971;10.52888627;0.006561632;3.218986175;0.083141361;18.30409929;23.36079415;-0.347911765;0.41932427;0.05249316;-0.369313882;-4.675551358;-3.666110663;0.360602817;-0.819308662;28.0186704;16.32679129;28.48226774
573;0.166893456;542.6705726;0.004983328;11.13926724;0.001006376;0.029195203;0.007739193;2.979450278;34.51643026;-0.722067374;0.620746174;0.226812264;-0.169445874;-5.973507809;-4.434311651;0.560285792;-0.400820727;28.0119021;81.19511683;37.83478813
574;14.12457179;4275.810436;1.525988338;10.29999744;0.009775158;5.211496901;0.043106153;22.1372182;14.9704903;-0.077669679;0.045014814;0.171243777;-0.072471733;-3.94386101;-2.883108321;0.667483234;-0.929964894;27.9398816;14.1034446;31.2930245
575;0.115787675;449.6770157;0.005550906;27.16148163;0.000369085;0.001394473;0.002608486;1.671012868;35.64409296;-0.541703612;0.181279837;-0.210100135;-0.016576864;-6.254542963;-4.639133087;0.415053234;-0.448103234;27.5636869;82.58546589;41.9285689
576;2.005335686;2753.659724;0.264545168;10.52888627;0.004529841;1.983434053;0.005333347;5.730704062;24.66810493;-0.210272534;0.07110809;0.177833702;-0.004943318;-3.84382905;-2.401633719;0.356880864;-0.758941284;28.3177922;28.48583351;29.54625117
577;0.103474747;356.6482209;0.004646245;24.03317106;0.000290021;0.002948043;0.023763842;1.389105965;35.64333202;-0.842616149;0.393993429;-0.787524151;0.032911094;-4.800217596;-3.430916442;0.586741698;-0.706511827;28.3514522;87.90646964;32.13251009
578;0.107222087;396.4886961;0.004739844;46.84590872;0.000381538;0.000939209;0.002736544;1.709504055;35.79287085;-0.107119626;0.159611752;-0.469636158;0.054916522;-7.224298979;-5.441979553;0.598285177;-0.648478277;27.6338853;85.01761647;40.92728959
579;11.40664334;4956.990928;1.16154068;8.31628218;0.009032304;3.737109791;0.000817655;25.30334015;10.23441953;-0.082400315;0.145268193;0.110338087;-0.237377326;-4.748624092;-3.625766465;0.579306687;-0.66187034;28.1938223;17.19923471;30.15497816
580;0.11036101;443.1101788;0.006086504;30.67110795;0.00036955;0.001305099;0.003778326;1.664057194;35.72954531;-0.550553716;0.289315351;-0.208397931;-0.006842347;-6.456373254;-4.66289123;0.652301784;-0.394172512;27.6767207;80.94931168;40.91445458
581;8.891720838;3990.880634;1.574841561;7.019257516;0.015252294;8.793446878;0.021810733;47.4228502;0.502030941;0.00518832;0.029297441;0.115262099;0.049407261;-3.238501546;-2.173107279;0.346377058;-3.460114192;28.1850918;17.65093596;29.82009299
582;0.126440397;865.2541894;0.005744947;17.9296529;0.000442184;0.05320517;0.023410623;1.779148121;35.65248704;-0.818812305;0.620288992;0.121463088;-0.504735678;-5.217385868;-4.102791579;0.313810052;-0.9607271;28.1800582;83.0570933;34.21683166
583;3.292525521;2950.512775;0.118816422;10.6814753;0.004149763;1.025151785;0.000711181;12.86297413;28.5210397;-0.606097285;0.714743563;0.374762563;0.845079926;-5.880251401;-4.340129917;0.834187591;-1.053777367;28.0911611;27.30810278;38.65507527
584;0.121468515;452.4861786;0.005826919;51.11846886;0.000355001;0.000866597;0.005890277;1.66312573;35.85467075;-0.19592931;0.20996762;-0.669861332;0.007705866;-7.221687959;-5.516464417;0.351243971;-0.325599648;27.7201075;83.63666737;43.94823644
585;0.209033572;565.8193245;0.011738625;18.0822472;0.000891641;0.027572508;0.007207317;2.459783213;34.65300952;-0.633259249;0.725730315;0.44436659;-0.10392813;-6.69828702;-5.048588966;0.316842331;-0.571146331;28.0197796;71.30769449;38.33947618
586;0.107908216;442.2897552;0.005304182;25.59740183;0.000317648;0.002262224;0.016989903;1.510364569;35.80469693;-0.613269858;0.349132121;-0.873406314;0.029748776;-5.164344473;-3.86597613;0.566740953;-0.448781724;28.0245706;82.77325968;32.45672041
587;1.07837826;2524.253143;0.023438654;10.52888627;0.00395432;0.816687835;0.001523516;9.92485621;28.58363295;-0.708027828;0.560929853;0.414760213;-0.501891595;-5.44681416;-4.098051954;0.688580635;-0.145457518;28.1313731;45.98097573;34.76304056
588;0.257055841;973.8801108;0.020029017;10.52888627;0.002848678;1.75732448;0.076293005;7.46686238;30.4971396;-0.353404516;0.01892153;-0.194401592;0.049432569;-4.342670203;-2.923106015;0.404488003;-0.801787749;28.1257238;66.97175497;36.09469625
589;0.119320693;430.8634065;0.005923246;34.56212021;0.000352171;0.001705467;0.008055283;1.619512182;35.80355197;-0.502334515;0.25254031;-0.261026095;-0.095568036;-5.71488308;-4.460282516;0.583989528;-0.031062658;27.9618475;81.72129674;38.48540416
590;5.430561947;3725.684499;1.229437939;7.019292674;0.006735792;2.869575071;0.000769774;50.75000875;3.962846196;-0.04455741;0.196539128;-0.05904632;0.13772839;-3.620440491;-2.900809918;-3.200714409;-6.144264924;28.0187964;21.48653665;33.35971934
591;0.134182054;421.9181728;0.007527491;37.99555227;0.000379031;0.001092784;0.002577341;1.686683307;35.73564863;-0.42847996;0.277718474;-0.300590102;0.032957359;-6.771207882;-5.000845614;0.622285812;-0.703476256;27.6990477;79.81920848;40.62601488
592;7.514457184;3635.90695;1.651662387;12.28369188;0.012171814;8.268873699;0.01290599;52.85603721;0.571840618;-0.019836988;-0.005187982;0.724553203;0.118571133;-3.021257707;-2.521628242;-0.013659565;-2.753753662;28.2204988;18.47425037;31.85664152
593;11.60472372;4295.790556;1.5238283;7.896654865;0.010042798;4.73276876;0.033193865;23.47058171;11.60773417;-0.047609039;0.062715641;0.075765661;-0.042877211;-4.239978976;-3.278414924;0.520119907;-0.386172009;28.0660432;14.76328068;29.60429858
594;6.850214892;3657.868298;1.232104558;10.52888627;0.006198103;2.95919494;0.075143816;17.29707446;23.93490731;-0.404370453;0.296945117;0.167764624;-0.064419437;-4.461963882;-3.278902855;0.853201786;-0.918038175;28.0317795;32.69751278;30.05569564
595;1.275397754;3255.924124;0.072624343;10.52888627;0.004171086;1.124132341;0.006569839;10.85017252;27.09051975;-0.420546442;0.555437334;0.769078082;0.141056297;-5.096657513;-3.991944555;0.404824041;-0.690092139;28.0674247;32.10363985;32.82073833
596;3.56235969;3583.291554;0.343429059;10.52888627;0.00606912;3.071194522;0.06452953;14.86368428;24.04630487;-0.292977843;0.095217572;0.097080634;0.019726621;-4.154269975;-2.805059729;0.715672457;-0.856676902;28.1062793;25.83661686;35.72943049
597;11.41895253;4560.665449;2.07582406;7.019257516;0.008523064;4.763610018;0.00104211;49.08764822;1.998961973;-0.08377311;0.086672935;0.102282102;-0.009836469;-4.129328589;-3.204769773;0.683903754;-2.237352159;28.1290168;15.42106432;32.31574806
598;9.944866119;3959.457278;1.144894278;10.5288723;0.007071315;5.145393126;0.011955955;14.29524221;16.98276319;-0.011597031;0.028076851;0.15973295;-0.116920969;-3.726887891;-2.392345631;0.331634007;-0.837683945;28.4191151;15.39598592;31.74464456
599;0.096541813;388.7972229;0.006217881;23.49923673;0.000351432;0.001955432;0.008235219;1.64380094;35.76387748;-0.386974507;0.095522691;-0.158522355;-0.088900612;-5.375529381;-4.046778729;0.697518572;-0.727914059;27.9538336;88.91038173;33.76376004
600;0.104637932;409.3201673;0.005417379;31.28151507;0.000427736;0.003502522;0.01259885;1.776480922;35.84398875;-0.789206783;0.539567958;-1.138266695;-0.256516988;-5.958422939;-4.436139486;0.447533387;-0.324810295;27.9564488;85.0021189;38.12021848
601;2.043735551;2930.473686;0.015671414;10.75777552;0.002585688;0.820923504;0.006991195;6.278413996;28.80793295;-0.481276654;0.454420138;0.474167314;-0.015381043;-5.489954138;-3.316978096;0.268928448;-0.4630387;28.3918614;54.49067512;40.07461757
602;0.126245185;498.2996085;0.004744826;36.54591943;0.000838051;0.00107403;0.003115548;3.096292429;35.72687451;0.130466902;-0.127872514;-0.286173278;-0.054366744;-7.015513247;-4.342205858;0.099569936;-0.085181683;27.7066884;77.87484937;46.57032151
603;13.7685724;5022.120256;1.667710313;10.41443823;0.009171226;9.776388673;0.004612836;43.28644649;2.339618522;-0.014801662;-0.011444786;0.454502801;-0.065859726;-3.575794785;-1.599881064;0.977642696;-3.462751675;28.2633197;14.93924963;33.78297359
604;7.603291384;4342.446945;1.308959237;7.095551677;0.006505698;3.186750177;0.002765432;38.860575;12.2241685;-0.229802939;0.24903065;-0.291013373;-0.224857142;-4.053417853;-1.98883617;4.8711371;-4.604103061;27.6973161;17.67479723;42.37559302
605;0.192379636;568.9721311;0.010143464;14.80148714;0.000383695;0.002552504;0.014162616;1.440759179;35.14053596;-0.1416062;0.028687473;-0.225761981;-0.009708559;-5.050025264;-3.17969428;0.27073581;-0.228888058;28.2641187;72.63320937;43.37521295
606;9.26951205;4666.498196;1.86655901;8.545205486;0.011872625;7.915151547;0.013433808;69.210042;0.367748922;-0.044251547;0.122074324;0.454554326;0.322784018;-3.866247372;-2.292614787;0.057536853;-1.341250074;28.0005201;15.19163965;37.04802739
607;4.591426172;3559.718317;0.171589879;10.52888627;0.006928091;3.908203654;0.083283026;18.89474633;19.05119072;-0.305184965;0.225226465;-0.046240417;0.15143809;-4.701097954;-2.521089547;0.495811478;-0.846388495;28.4085819;31.61557462;45.24621878
608;0.103929273;453.0107401;0.003805821;40.74220359;0.000348686;0.001395156;0.002263425;1.628010782;35.57847822;-0.359813289;0.075380801;-0.287256281;-0.028017646;-6.543856734;-3.783016579;0.302757666;-0.388474806;27.8415522;83.73841365;47.36427318
609;10.24301405;5046.902531;0.765188634;9.38445034;0.007090257;4.011185364;0.000528688;59.38493994;4.316853101;-0.104678625;0.16449484;0.436521061;-0.013632084;-4.65312758;-2.821986294;0.704422241;-0.715411557;28.181483;17.1202221;40.11024418
610;0.131289611;507.129554;0.006698485;21.74447462;0.000505964;0.008852763;0.007733511;1.727246031;34.9391177;-0.520035147;0.308541872;-0.179340676;0.064384933;-6.316989042;-3.781232115;0.613084653;-0.30243108;27.8760331;80.97315122;48.01269407
611;0.182574451;556.9008418;0.010225929;17.85333462;0.000444322;0.005646709;0.01260506;1.526278647;34.44242948;-0.262459313;0.08362063;0.030871242;-0.082431364;-5.436994631;-3.358756079;0.229547659;-0.416739425;28.2260406;77.0872894;48.53562882
612;10.35604041;5110.638892;0.885250131;10.52888627;0.010642925;5.434107134;0.040741025;25.85206696;11.65770956;-0.302896582;0.365764319;0.171088727;-0.072762144;-4.80458196;-2.702645026;0.209640293;-0.75871796;28.3517234;15.59035959;40.52753354
613;0.377857708;1503.44445;0.02636144;10.52888627;0.003589073;1.240134498;0.00129016;8.968725389;29.32675199;-0.631732611;0.520035325;-0.119369098;-0.363334982;-5.712816632;-3.462195768;0.345512226;-0.288788541;28.2698014;58.61562364;44.11347288
614;12.24178145;4721.959658;1.242073286;10.29999744;0.011411486;7.072336705;0.026273138;30.61222781;3.705722891;-0.063936357;0.100863728;0.138312349;-0.052723995;-4.097616815;-2.100539291;0.134573737;-0.313030404;27.8676224;15.3992182;34.9241522
615;0.103848761;428.5201905;0.005730024;22.50739698;0.000421136;0.013224984;0.007771649;1.706771459;35.2748192;-0.404980583;0.099185192;0.017480269;-0.003328663;-5.87192258;-3.605616828;0.372509523;-0.185513694;27.7100723;86.4530645;45.27054316
616;8.077305593;4448.89113;0.674721112;10.52888627;0.005568806;3.933628123;0.004747129;12.68591776;14.3543723;-0.176702147;0.101626548;0.14655139;0.055981505;-4.228212547;-1.847096784;-0.022434352;-0.476884109;28.3578566;19.44954039;37.20792327
617;0.937821941;1215.775481;0.014139048;18.92132229;0.000503913;0.004440453;0.017773947;1.351952024;33.16903053;-0.564591873;0.409863189;-0.103972376;-0.141814714;-4.718572245;-2.658504654;0.376660919;-0.745044653;28.5600077;62.8778869;36.83947279
618;0.116481218;456.0572549;0.005023778;35.47777101;0.000368437;0.001443446;0.003721404;1.619336014;35.42817438;-0.256965597;0.091555517;-0.280448669;0.049880972;-6.687633787;-4.027338367;0.647494149;-0.470067454;27.7474447;80.84738806;46.5030523
619;12.37446717;5457.14167;0.537895868;8.31628218;0.009800471;5.829899679;0.000793898;48.37580362;3.35018484;-0.102847575;0.154423702;0.103663177;0.026189785;-4.678519007;-2.625477769;0.435793131;-0.861500909;28.0455526;14.43994762;39.71073492
620;0.124690678;480.4102391;0.005717856;21.82074456;0.0004868;0.039571511;0.00961609;1.787239937;34.82314589;-0.445570221;0.183721416;0.008951443;-0.056193638;-6.054958881;-3.568938568;0.301860207;-0.086135783;27.8037443;82.68858459;46.46885571
621;10.95731251;4567.531859;1.851650246;7.019257516;0.013868992;8.899457797;0.013635849;59.45981665;0.167851983;-0.015869446;0.042420383;0.13666772;0.067520442;-3.663680038;-1.82173591;0.381529504;-2.861283605;27.9653442;13.5995357;36.16265516
622;4.814702963;2962.709847;0.042996174;12.01667502;0.002109623;0.739363384;0.016537318;5.515023673;28.10603875;-0.411085149;0.385144094;0.974876928;-0.270835823;-5.184747035;-3.095867952;0.214325388;-0.544939327;28.3933152;43.27908997;45.37619303
623;3.337054776;3231.691665;0.115439258;10.52888627;0.00567814;2.906750923;0.000394336;24.73293244;22.45702245;-0.626850195;0.781884587;-0.146530174;0.683916162;-5.527111996;-3.245549076;0.512729396;-0.960783872;28.1694895;32.86423036;41.07181081
624;0.120491126;481.0822838;0.006569804;33.41773674;0.000529674;0.002202443;0.006333904;1.87210101;35.53727819;-0.344249166;0.206915851;-0.518975618;0.040447403;-6.768811488;-4.200989943;0.250984135;-0.41062031;27.7868779;81.26462438;45.15197484
625;0.423119258;865.3371363;0.01308016;12.81779237;0.002453789;0.769492109;0.001322481;7.541216816;30.86566504;-0.622576759;0.677815622;-0.252894318;0.604721919;-6.316575189;-3.730799607;0.354323071;-0.832713338;28.2411163;59.80865826;42.78708686
626;0.800831252;1413.149528;0.007559267;19.98959911;0.000504733;0.019527551;0.015734542;1.526524065;32.68264938;-0.468154203;0.294046085;-0.51094657;-0.055959044;-5.063711424;-3.076446072;0.415304207;-0.128284764;28.4242743;63.33668364;47.15973985
627;8.710226983;4713.167366;1.436142563;10.52888627;0.007116472;3.513458526;0.000656273;19.65781702;19.42960819;-0.600604053;0.498062004;0.302643383;-0.007223057;-5.277221961;-3.142886055;0.565503633;-0.24385759;28.3373294;24.83113348;42.37445965
628;3.574605272;2795.683227;0.153319205;10.52888627;0.004987997;2.934546235;0.065854946;12.31026272;22.05190174;-0.246894871;0.171819328;-0.123573733;0.174533674;-4.447428187;-2.16376557;0.024396303;-0.746852936;28.3577111;31.4811274;42.18345957
629;0.609844334;916.4143487;0.011579723;18.23479265;0.000823905;0.135054041;0.013495126;2.474384365;33.53717459;-0.348215874;0.193334383;-0.511206532;-0.062394169;-5.560303843;-3.421285831;0.335291212;-0.145714029;28.2472672;60.13502704;44.52056387
630;10.82985306;5022.875015;0.892598597;7.019292674;0.006865668;3.413707828;0.000442307;51.85124711;3.839246686;-0.053102701;0.22461641;0.033288877;0.127735019;-3.489857296;-2.076289955;-2.521789371;-5.455602501;28.0928112;15.85683465;39.46967906
631;0.112153355;443.6253151;0.005428473;25.9407261;0.000363206;0.00142247;0.007399131;1.533861071;35.4075743;-0.458388094;0.183111221;-0.274568028;-0.013070117;-6.299164589;-3.688451967;0.501381426;-0.407664574;27.7954698;82.88750942;44.81948694
632;12.16280191;4744.424287;2.127442159;11.29185194;0.011070725;7.038418893;0.009361081;66.61918508;0.223166637;-0.023499205;-0.009002764;0.773957781;0.121866305;-3.570026051;-2.038628351;0.525200948;-1.718835871;27.9916405;13.04539455;39.78879927
633;14.43939074;5608.804564;1.804006493;7.896654865;0.012574667;7.670412305;0.018055058;34.13498509;1.85171556;-0.019837181;0.092471264;0.013225244;0.04603589;-4.366157262;-2.236123018;0.411821123;-0.578203414;28.0296853;15.63828752;39.29842189
634;12.66989726;5506.993508;1.401000561;10.52888627;0.009599784;4.986336484;0.050466831;24.35654913;12.07617644;-0.266426419;0.262764113;0.143129842;-0.047904686;-4.58660593;-2.448168464;0.591366662;-0.895082328;28.22106;16.61162157;42.20478966
635;6.329579678;4344.503909;0.399502406;10.52888627;0.007940923;3.685454922;0.000841886;18.64737067;16.63869063;-0.412610145;0.466933352;0.373533836;0.22699203;-5.088147514;-3.020033878;0.339289913;-0.710602816;28.3653494;25.32769524;41.91853516
636;9.695756413;4959.955893;0.659940022;10.52888627;0.008045186;4.978478657;0.052565281;19.79147156;13.17866949;-0.189825324;0.134891772;0.121813396;-4.22E-05;-4.238167174;-2.107549383;0.421242903;-0.393423896;28.1183672;21.41374788;38.83516837
637;8.661397666;5014.053837;1.133275285;7.019257516;0.008025365;5.061165;0.001209113;63.69116994;0.857950815;-0.086825036;0.091555922;0.154984484;-0.009880569;-3.994450172;-2.400461955;1.220445774;-1.982273503;27.7790118;19.26348067;37.90265688
638;11.68835938;5214.38394;0.89045192;10.5288723;0.008268938;6.6888652;0.008563522;24.81669496;5.687111718;-0.068361398;0.06134201;-0.059282251;-0.036232372;-4.147423252;-1.940581764;-0.043554397;-0.529571858;28.1256238;17.44342986;35.36343266
639;0.189991059;623.4783838;0.008712905;16.09851066;0.000392278;0.002279521;0.014556913;1.427618379;34.61333071;-0.252387829;0.06408879;-0.341152244;0.00342157;-5.154547561;-3.185769216;0.41005843;-0.195880812;28.3872121;69.25692377;43.30126599
640;2.47744877;3067.120787;0.030527909;14.34373842;0.002045716;0.616137494;0.007704059;5.056276084;32.12988445;-0.528580317;0.397350675;-0.683038035;-0.171192939;-5.768726889;-3.471935978;0.329133873;-0.234774481;28.2868953;62.22425188;44.48289012
641;1.308166769;1991.195596;0.075032177;10.75777683;0.003300939;0.946349268;0.001290626;8.245577289;25.7408238;-0.429090563;0.377209088;-0.11595525;0.20088485;-4.844081212;-2.235376557;0.328298423;-0.524750077;28.8457358;41.3121916;38.38352541
642;0.160977365;537.8605482;0.013399071;24.56739524;0.001249271;0.128619241;0.000116898;3.752628257;35.19661567;0.047914131;0.07034514;-0.214103609;0.016729929;-6.75492956;-3.331972415;0.221711013;-0.439200642;28.2880102;73.11930216;42.6631035
643;11.31590805;5458.636243;0.975250351;10.41443823;0.008640758;7.558995926;0.003834439;58.7219941;3.519541936;-0.02197317;0.030975929;0.470969183;-0.194307244;-3.647108627;-0.719557995;1.869718058;-3.217911963;28.6827371;15.28986166;40.26340507
644;6.455410129;4162.230004;1.073821986;7.095551677;0.006761276;3.827845319;0.003998202;52.43902276;9.255493539;-0.287177523;0.314645225;-0.381518167;-0.151082965;-3.758654831;-1.02226723;4.944303635;-3.738098581;28.4819331;19.49201226;39.33359944
645;0.12034944;405.3926143;0.00720556;14.95406655;0.000537291;0.002592256;0.013860192;1.34383544;35.32670019;-0.081484873;0.039979382;-0.621065478;0.138542469;-4.535814169;-1.697374827;0.32560131;-0.607657248;28.8828538;81.64295119;37.3668707
646;8.489847024;4372.316223;1.633813314;8.545205486;0.013019258;8.617539157;0.015826141;64.59440369;0.180059787;-0.037842673;0.156865344;0.367256925;0.342527368;-3.516878955;-1.105045671;-0.41386198;-1.211565381;28.3359842;17.94639918;35.57099097
647;5.646298704;3630.63515;0.21098072;10.52888627;0.007285824;4.056837171;0.109128573;21.06849258;18.72769379;-0.219122767;0.180669439;-0.158213877;0.214046567;-4.248562196;-1.220979652;0.404180196;-0.693117637;28.7733611;32.43857951;38.3308282
648;0.116831239;464.9412527;0.004787089;26.85628973;0.000726667;0.005985407;0.001182459;2.079671141;35.52278171;-0.309762907;0.021973481;-0.341841323;0.014874707;-6.078140227;-3.04193747;0.348554356;-0.126962529;28.2115389;83.97222225;45.49383986
649;8.068672609;4631.247013;0.450108914;9.38445034;0.007746149;4.869796416;0.000542441;65.71631677;2.13019938;-0.11230829;0.185552652;0.566705259;0.045585937;-4.286572296;-1.545899914;0.479326591;-0.43025167;28.7866404;18.03196156;37.8672426
650;0.350797089;1001.128671;0.014551802;12.36000002;0.002263014;0.6267369;0.000887019;5.711590225;31.44475582;-0.369578811;0.351267567;-0.495786131;-0.017707285;-6.019221959;-2.803160043;0.278368342;-0.306249298;28.6439348;59.51889218;45.11784591
651;0.149284175;492.4775457;0.007614603;17.39556647;0.000586377;0.002481909;0.013743924;1.482356653;34.61104222;-0.23071968;0.106509477;-0.453244274;0.092549523;-4.880656176;-2.297013194;0.358355762;-0.82034634;28.7929023;76.95932402;38.09883506
652;9.885826695;4799.992878;1.258892027;10.52888627;0.012558695;6.495634897;0.071163115;31.35327639;10.24737934;-0.287790004;0.43900892;0.372045506;-0.043186827;-4.136813403;-1.575163029;0.313089182;-0.834594577;28.7353252;23.37322373;39.2273158
653;1.728810114;2156.692604;0.064927073;10.68147563;0.005150296;2.173896921;0.00034837;12.73074617;23.99516695;-0.554216429;0.505997192;-0.313705792;-0.155342426;-5.199511318;-2.322989196;0.329348087;-0.283756377;28.8296147;42.36387779;40.37350401
654;12.83533317;5351.374285;1.304516833;10.29999744;0.012323605;6.472242173;0.050247781;30.85163188;6.923907712;-0.049287572;0.117954086;0.059275317;-0.039559881;-3.821270103;-0.901631819;-0.24979724;-0.392647583;28.5064187;14.95017064;35.9604964
655;0.158769798;630.3505443;0.007208327;15.86962656;0.000928679;0.025628763;0.007577906;2.307951969;34.48820503;-0.176091758;0.045777762;-0.087752061;0.011711131;-5.417097259;-2.807114414;0.442544932;-0.312536694;28.6351558;79.67236177;45.73624814
656;5.283190179;3950.653013;0.20362422;10.52888627;0.003614956;1.002428304;0.004404442;5.428430105;23.29781513;-0.26306948;0.207220657;-0.019773599;-0.18608851;-4.353545227;-0.724082953;-0.594380564;-0.533864692;28.6732551;25.61946663;38.31315226
657;0.386703033;886.3000985;0.011057167;14.19106907;0.000460432;0.003750654;0.015915902;1.265803494;34.62476909;-0.643939079;0.432752024;0.352197875;-0.18801278;-4.343257647;-1.209291127;0.415560571;-0.409036784;28.7737131;69.34785868;37.7793701
658;0.165552648;577.1338763;0.015542099;24.94888533;0.000818626;0.007898961;0.001225429;2.515696948;35.38316016;-0.138553903;0.106814607;-0.390970826;-0.016372113;-6.369361934;-3.057847908;0.306722185;-0.211845965;28.395022;72.86448048;45.3609168
659;11.48710782;4822.801395;1.062506212;8.31628218;0.010702465;6.630295978;0.000754846;47.09080992;1.197859245;-0.093692161;0.162663801;0.176139361;0.045935233;-4.081999573;-1.498349164;0.44791661;-0.561397595;28.6402375;16.90812004;34.10263386
660;0.160655355;816.6549821;0.009842692;14.49631445;0.001976311;0.416430138;0.003591522;4.861843347;33.42692347;-0.2642905;0.173345064;-0.129095754;-0.095589502;-5.6779963;-2.777334622;0.447181073;-0.193001158;28.6515683;74.37868502;45.10604235
661;14.46591677;5661.340608;1.822126703;7.019257516;0.015405964;9.173394745;0.020928282;59.53517896;0.118261408;-0.027161378;0.067445589;0.217355868;0.090572209;-3.671004415;-0.805183047;0.795202265;-2.441703344;28.6146395;12.85936652;37.0871658
662;1.848832248;2231.558388;0.059947857;10.94850193;0.002478382;0.80243024;0.021701917;7.123733429;26.28942231;-0.31662947;0.284279618;0.039123105;-0.006734265;-4.488384418;-1.870380386;0.217569955;-0.948905788;28.7385756;39.92120564;39.89139531
663;6.577100188;4305.69663;0.486874842;10.52888627;0.007004535;4.331039578;0.000334076;29.33280402;16.2068358;-0.673238169;0.858790727;0.048281256;0.182994226;-5.241481645;-2.046570799;0.515255713;-0.773658833;28.7957518;24.21500352;39.87738883
664;0.269967261;730.6555637;0.021667469;14.49628146;0.000853761;0.003629485;0.002062442;2.355048339;34.5271109;-0.164189863;0.177617954;-0.373126081;0.020421522;-6.458412197;-3.064926626;0.28693553;-0.350975131;28.3129997;63.998032;43.60955498
665;1.754795537;2259.248337;0.099812869;10.52888627;0.004417136;2.09834379;0.000173957;11.7032067;24.96262148;-0.713521846;0.693990328;-0.61572904;0.558821827;-5.993348411;-2.585208347;0.148191144;-0.511552805;28.5933006;37.7043429;45.19607871
666;0.382259341;974.6953694;0.009993056;13.77147865;0.000482006;0.003105306;0.016222927;1.263741962;34.54542405;-0.534531784;0.3248697;-0.362731208;-0.105520897;-4.577923318;-1.69495144;0.280076264;-0.45209038;28.733038;72.33441739;38.27047128
667;7.491407987;4189.747113;0.284394486;10.52888627;0.008068361;4.154254844;0.000450985;21.14791186;14.89303249;-0.636005453;0.577409949;0.253080698;0.029062432;-4.685325918;-1.994679219;0.376103911;-0.331108623;28.9139693;24.3039541;37.49015371
668;3.552307978;3032.509485;0.094031751;10.52888627;0.003970387;2.309872615;0.077778811;9.837737005;25.56763158;-0.256355277;0.082094888;-0.485847993;-0.192690414;-4.242443095;-0.993461228;-0.293816605;-0.343049074;28.640386;36.57955306;40.28813862
669;0.280509843;717.0527317;0.014076763;13.42815485;0.001215377;0.11646207;0.008123394;3.004285163;32.86882269;-0.373241212;0.228736124;-0.273808435;-0.023082782;-4.922512398;-2.405426899;0.501901963;-0.444171133;28.8180861;65.32806078;38.87871031
670;7.053173843;4016.800662;0.921947288;7.019292674;0.007184228;3.903546392;0.000496016;67.81868566;2.446069542;-0.067141306;0.235603259;0.188295543;0.144013544;-3.316779929;-1.154271346;-1.261021454;-5.388932364;28.7113749;18.66021793;37.30050133
671;0.193853435;661.5211402;0.013840816;17.54815467;0.001577087;0.292628039;0.000962398;4.043654959;34.3378985;-0.319833996;0.17334529;-0.231651856;0.00647525;-6.048220772;-2.894955262;0.345533291;-0.302342068;28.5825152;66.55480944;46.04461964
672;9.414612526;5029.297547;1.470983285;11.90221322;0.011879132;7.653956174;0.010305843;63.59994802;0.069811076;-0.021668118;0.004883176;0.783842784;0.131741272;-3.437155305;-1.025949558;0.731425711;-1.417065976;28.6891168;14.88645897;39.28815021
673;10.62009832;4767.933948;1.890863611;7.896654865;0.013738118;7.603602231;0.02581624;35.26914831;1.005207967;-0.005951205;0.115512828;0.112051656;0.092150058;-3.903162938;-1.137926246;0.178857693;-0.519145995;28.5814666;15.11267598;33.59888742
674;7.5240187;4391.625944;1.134864252;10.52888627;0.011436124;6.448413416;0.135928355;31.17865609;13.22976926;-0.267036432;0.357065898;0.050899457;-0.072634719;-4.073854432;-1.202863285;0.385597753;-0.758688965;28.5806014;22.30242669;37.74408107
675;7.806564568;4326.155328;0.708752585;10.52888627;0.008801751;4.062517394;0.000654871;21.05443929;13.63261401;-0.43763529;0.551164423;0.324021196;0.268157674;-4.44774768;-1.832852685;0.347713061;-0.645496762;28.8751503;26.71316991;36.83830915
676;6.695441147;4220.385197;0.483052701;10.52888627;0.008088353;4.464841243;0.102832607;21.14865825;17.70227423;-0.210882977;0.18555208;-0.228970845;-0.026391982;-4.055569281;-0.911701413;-0.130094324;-0.4720687;28.681344;23.89476678;38.60201184
677;9.945173799;4560.962395;0.760044457;7.019257516;0.007995804;4.966510935;0.001154386;75.81362626;0.339899513;-0.090487234;0.110782531;0.082496491;-0.003295517;-3.597301591;-1.235618395;0.920959475;-1.500055107;28.7525529;15.47966195;32.64744949
678;8.846641255;4978.86124;1.026098505;10.5288723;0.006753639;3.579758763;0.012113999;18.44788888;13.46169938;-0.105899167;0.090945046;-0.008233812;-0.055994188;-4.21305271;-0.807942119;-0.483854349;-0.506221397;28.8034853;17.155439;37.47320001
679;0.109929849;398.0943606;0.005515169;15.18296864;0.000505755;0.002590782;0.015477473;1.301624741;35.1405378;-0.245063248;0.118411626;-0.698560477;0.010121086;-4.655766071;-1.850791129;0.344130514;-0.549493307;28.7167793;82.30162654;36.25421264
680;0.827634768;1471.334645;0.028463694;10.83406786;0.003170713;0.966404066;0.00132476;7.709185646;28.07702846;-0.498061746;0.401623473;-0.313976261;0.105477743;-5.164335547;-2.450146396;0.343704517;-0.587125014;28.8899257;53.48645458;39.82420617
681;1.901272546;2212.342066;0.035510236;11.13923337;0.003301273;0.950426923;0.004573708;9.31237293;28.95747486;-0.350657191;0.527360031;0.202050609;-0.399501452;-4.239297528;-0.088367265;-0.137521001;0.065347313;29.1880925;46.21410822;43.35851555
682;1.021556142;1359.307229;0.038401389;11.67333598;0.002481089;0.84453573;8.73E-05;7.445198723;33.5856218;0.040284657;-0.144047418;-0.210999409;-0.005208934;-4.636778051;-0.563439767;0.876251001;-0.598632724;28.785877;47.42973633;43.456502
683;9.450503293;5736.907531;0.964953053;10.41443823;0.007280173;3.513185652;0.002094033;46.39526768;7.709717361;-0.048981563;0.071107635;0.754205222;-0.227250605;-4.329065065;-0.479990306;2.931671762;-2.562739005;29.0365509;16.06591373;46.21607613
684;7.604139277;5131.777539;0.861278836;7.095551677;0.006925368;3.555647458;0.003462143;59.0526254;11.16748982;-0.262457593;0.317697192;-0.266297177;-0.100085596;-2.450940742;0.28835901;3.753024554;-1.47012974;28.543208;18.54176028;44.91343133
685;0.120078018;492.8085196;0.006703459;14.19110046;0.000602944;0.00233448;0.006642583;1.586055305;35.67842632;-0.118717543;-0.027161067;-0.569997007;0.006933417;-4.604099951;0.522545529;-0.219079733;-0.240967646;28.7375671;80.06684828;48.58993597
686;9.43754408;5452.059467;1.904109843;8.545205159;0.014458069;8.925035676;0.016712021;57.26989094;0.894960119;-0.047608498;0.244453696;0.696656054;0.358979533;-4.210020614;-0.179161923;-0.108779079;-0.915038943;28.9329117;14.83220637;43.23679894
687;0.755943717;1679.385342;0.020381572;10.52888627;0.00603512;3.043635084;0.072892378;17.46452012;27.77795432;-0.562150818;0.41077924;-0.527255308;0.055846681;-5.07295792;0.167195421;-0.113169243;-0.10496009;28.9214348;56.40963815;50.11139937
688;0.192555212;619.6593521;0.01253721;15.10665371;0.001781759;0.303033979;9.43E-05;4.882463376;34.14181812;0.067445808;-0.025635445;-0.263777959;0.066107535;-3.822389551;-0.113050164;-0.156058457;0.098426354;28.8453843;73.00820893;43.263758
689;8.60538218;4970.894159;0.609469135;9.38445034;0.007970106;4.544867066;0.000468502;68.96473464;2.815341301;-0.147709763;0.286568792;0.462817346;0.027336345;-3.942610202;0.03103133;-0.275909268;0.051817291;29.0393718;17.57816431;41.43814036
690;1.493194677;2006.117364;0.050844554;10.60518876;0.004213341;1.497970006;0.000210895;11.14807948;31.52028389;-0.416271991;0.348215478;-0.689181129;-0.071683953;-3.743129701;-0.089745484;0.011304866;-0.225741697;28.9501328;43.39376982;44.80929589
691;0.187141557;618.81673;0.010841552;13.58075164;0.000671474;0.002689941;0.006156249;1.652955769;35.44648589;-0.281380536;0.031738935;-0.837305327;0.117360597;-4.328669834;0.195601814;-0.100258313;-0.23507889;28.8835944;71.16916035;46.64803105
692;8.663452866;5403.851078;0.625965632;10.52888627;0.010577607;5.718166393;0.123859242;28.89471017;20.27081094;-0.29511507;0.703757725;0.461180072;-0.44861027;-4.55813745;-0.079139084;-0.266440592;-0.480992897;29.3005307;17.3367895;45.73717863
693;4.165237841;3460.400688;0.109614684;10.52888627;0.006211686;2.335448006;0.000670367;15.47590717;26.50531499;-0.49501017;0.60487696;-0.250670885;-0.613821594;-4.000173747;-0.013363177;-0.301645411;-0.002005989;29.0361435;30.36989349;42.19384022
694;11.17994585;6251.625273;1.076978717;10.29999744;0.009101485;3.917663925;0.065549663;22.19760048;22.01492857;-0.193945357;0.219428242;0.181110421;-0.075812887;-5.027143835;-0.041962194;-0.073040072;-0.294037521;29.0872575;15.52443714;47.308672
695;0.223182891;669.7374215;0.015086104;12.28369444;0.00089102;0.003173397;0.002382452;2.139322775;35.02532969;-0.089724333;0.050965802;-0.257175694;0.147000174;-4.035482898;-0.09049598;-0.191706205;-0.136190638;28.8074827;67.56515992;43.02792326
696;0.971730488;1738.701013;0.043062019;11.13926334;0.002627122;0.21517903;0.001153387;3.471516173;33.23846873;-0.368968623;0.174565833;-0.051066995;-0.202555051;-5.519521822;0.128439007;-0.154062672;-0.106914211;29.0691979;41.89854098;46.20531053
697;0.13751597;550.3826818;0.008400224;17.24293534;0.00046266;0.00288382;0.01099683;1.333949417;35.75243452;-1.052582121;0.673847733;0.182383072;-0.27210262;-5.02552846;0.495127434;-0.025868544;-0.06450199;28.7746773;77.39479651;49.30545895
698;0.554476067;1107.055206;0.024292491;12.89407702;0.002910691;0.972193096;9.46E-05;8.251582488;32.98822209;-0.003967094;-0.030518727;-0.250915637;0.051952813;-3.961944457;-0.188017204;0.270869659;-0.178381074;28.8864368;54.81651817;42.07918086
699;11.16238111;5961.241807;0.842999738;8.31628218;0.011476774;6.101610635;0.000602957;38.32244496;1.657926091;-0.091860696;0.202032464;0.049189613;0.479213318;-4.176811236;-0.114952253;-0.128149275;0.007241272;28.8327721;15.03495004;44.39577289
700;0.763479207;1334.839184;0.026686099;10.68149243;0.001621743;0.194388763;0.000602601;4.365313581;33.38419728;-0.269783653;0.213629588;-0.626976726;-0.025883693;-3.99346745;-0.075143754;-0.211468232;0.189488218;29.0350975;53.48597024;41.82756569
701;13.99610721;6813.900403;1.655174764;7.019257516;0.015956472;8.28363757;0.015006157;52.40353743;0.27315816;-0.049440252;0.104373474;0.594462509;0.248649004;-4.424821442;-0.381575389;1.464728867;-2.05907276;28.7475933;12.51976653;45.97693765
702;0.538641953;1212.74678;0.011441023;11.63519616;0.001885136;0.507344369;0.009913438;5.330455458;31.11096609;-0.492112191;0.589770624;0.474189323;-0.758651318;-4.506914731;0.03535363;-0.212083395;-0.395895133;28.9289676;63.44026722;47.94514857
703;9.035471196;5247.34047;0.61610542;10.52888627;0.007371635;4.220017503;0.00036635;38.73807873;17.75717243;-0.534073876;0.850245949;0.048387291;0.693433686;-3.731528026;0.160917911;-0.188854619;-0.063757295;29.0811116;20.50381324;44.8090856
704;2.318489588;2203.360371;0.050407771;10.98666642;0.003714022;1.44747057;0.000109166;10.62909354;32.1161517;-0.190435962;0.086673203;-0.482997373;0.021189285;-4.025857709;-0.283894019;0.597756242;-0.351953588;29.0112107;39.56763272;42.04294494
705;5.868091112;4176.241632;0.97929377;10.52888627;0.005985676;3.034209005;0.000192104;22.61178698;25.34868383;-0.60792782;0.812096948;-0.487274608;0.642683922;-3.663563774;-0.018459887;-0.051553092;-0.457183283;29.048006;25.50088056;45.18575727
706;0.132434107;526.5206991;0.008000028;21.13407012;0.000470535;0.003114315;0.010220518;1.345006528;35.72840008;-0.880917119;0.572680484;-1.298625294;-0.197682331;-4.673905224;0.32485312;-0.187140528;0.131385892;28.7845303;77.55597055;48.43087084
707;10.54045023;5524.007197;0.87416603;10.52888627;0.008243142;3.352319893;0.000609277;20.92679347;18.71852701;-0.504165765;0.627460306;0.635711381;-0.000950057;-4.193803796;-0.089152591;-0.178157344;0.209032366;29.0747825;17.63547824;42.9548073
708;0.257678518;807.2296509;0.017513686;10.52888627;0.003173661;1.738594426;0.063092159;7.980813889;32.16955406;-0.53102238;0.274971917;-0.469456714;0.363923523;-5.354028779;0.28164393;-0.382758086;0.073104216;28.7994363;62.61266255;48.79177397
709;0.340520871;831.8551199;0.014531384;14.9540805;0.000609957;0.00481871;0.007287131;1.586137279;34.42602737;-0.534378523;0.353403378;-1.180584385;-0.124826229;-4.274278085;0.013148681;-0.092928849;0.03445271;29.0155892;68.53760292;42.52695461
710;7.332864242;4813.006219;0.421045829;7.019292674;0.007493993;3.782413783;0.000443069;76.04491811;2.760420303;-0.069582978;0.326548536;0.198345177;0.09436451;-2.675887393;0.190011229;0.164627004;-3.947503293;29.0839894;18.41169081;42.04654433
711;0.771556533;1385.90022;0.020596365;11.74962238;0.002729596;0.713073807;0.000211862;7.351636542;32.77382592;-0.206915886;0.135502369;-0.541057415;0.014408694;-3.889965355;-0.072511583;-0.063417066;-0.332872129;28.79668;54.79353651;44.54930477
712;11.41888907;5891.671167;1.667387592;11.44444076;0.013390724;8.599374212;0.008729566;55.01303574;0.023270388;-0.03875851;0.013123242;0.961690737;0.125150421;-4.157774719;-0.402068799;1.176917394;-0.964563355;28.8521428;13.07215699;45.61961475
713;13.39682902;6498.689596;1.310989406;7.896654865;0.011386132;5.020439971;0.04430517;27.41833002;9.489749052;-0.050355711;0.194403357;0.224059094;-0.013284759;-4.68289166;-0.085043059;-0.177804748;-0.40766732;29.054313;15.10325339;45.7244943
714;4.669008247;4183.583048;0.340692751;10.52888627;0.008422694;4.508276629;0.113715434;24.04506216;24.67193366;-0.492569104;0.56184503;-0.247332023;-0.10730911;-4.965621977;0.015550983;-0.129777248;-0.176320044;29.3147906;28.74094267;48.68090121
715;9.577581455;5524.011437;0.773183833;10.52888627;0.008138114;3.264554621;0.013935879;20.19870436;20.02471553;-0.300913155;0.683615018;0.609456924;0.045669845;-4.28184398;-0.162178368;-0.096101968;-0.19487311;29.2765474;17.89912681;45.39757189
716;1.829061353;2882.761375;0.051529669;10.52888627;0.00531655;2.357846413;0.056437321;12.86270025;28.75073182;-0.4266487;0.244452706;0.065745851;0.171203193;-5.281921399;0.067680174;-0.111397648;-0.067686399;29.0272106;36.71378569;49.57400822
717;8.868522731;5213.227842;0.796393121;7.019257516;0.008474934;4.895268467;0.000868629;80.8756351;0.297555568;-0.10925609;0.142826963;0.039670569;-0.0065965;-3.828936258;-0.03854697;0.504461818;-0.711512117;29.1587879;16.86402313;42.17044936
718;8.548788724;5530.091698;0.506606246;10.83405387;0.00464003;0.807107021;0.010946328;9.319071234;29.28478305;-0.204779294;0.200201313;-0.00822876;0.100442362;-5.309311777;-0.079296718;0.071150014;-0.190088626;29.2557468;17.22696374;47.75213532
719;0.121711773;501.4359149;0.007130266;14.87777056;0.000527641;0.002545364;0.008365329;1.439432429;35.63570053;-0.315560928;0.020447443;-0.779373675;-0.198893902;-4.556426463;0.401517389;-0.143455959;-0.29615631;28.7097858;80.84027143;47.44219427
720;1.420889766;1934.388609;0.023713099;10.98667748;0.00384254;1.140695448;0.001754023;10.2310156;30.11109076;-0.509048917;0.559098579;-0.057036138;-0.363121754;-4.080145471;-0.085847397;-0.199513631;-0.047070008;29.1716022;47.94741176;39.19319044
721;0.419078823;1017.419946;0.010323305;12.81773466;0.001791791;0.279394332;0.00395664;5.106110738;34.14561777;-0.534985176;0.780967639;3.330784584;-1.543476356;-4.55569134;0.684062603;-0.324471381;0.394962786;28.1909638;68.46995797;45.94105003
722;0.719548155;1389.34718;0.05708965;10.52888627;0.002857771;0.676558643;0.000150709;9.026081833;32.93557402;0.395062155;-0.509354037;-0.187507056;-0.021792373;-3.519122304;-0.206288551;0.286602388;-0.384132862;29.0763844;44.59945831;43.09490139
723;10.25531261;6040.799984;0.812370774;10.41443823;0.006314313;1.16836172;0.001339512;21.72541458;16.39986109;-0.095216819;0.088045097;1.063797108;-0.181150776;-5.057248621;-0.726411359;3.167779977;-2.631769202;28.8605535;15.11265675;47.18771536
724;5.819394129;4580.012566;0.902817102;7.095551677;0.00643037;2.1619561;0.002991274;46.56670233;13.54717599;-0.292976168;0.30976274;-0.341004531;-0.030652639;-2.888190994;0.432826372;4.316597957;-1.279682849;28.8747004;20.09963102;44.41569784
725;0.136217277;558.8387163;0.008108429;16.09848973;0.000657161;0.003501761;0.006193427;2.130230676;36.06372312;-0.3057958;0.066530766;-0.435068626;0.098974297;-5.03211764;1.570698557;-0.237909993;0.222672792;28.0852573;74.61480903;51.23052449
726;10.81036642;5704.186973;1.868648596;8.545204832;0.013744968;6.891990466;0.01798483;45.63355593;5.01573638;-0.071413042;0.390332216;0.882750692;0.322670122;-5.040142149;-0.137632677;-0.13691876;-0.525214997;28.9306886;13.9676084;42.24699465
727;0.215644623;712.0854944;0.017271561;10.52888627;0.004057159;2.353912353;0.074986075;11.72617236;31.92847116;-0.766013596;0.441297332;-0.336232511;0.395126968;-5.473426454;0.33054978;-0.102776431;0.283080271;27.7685058;64.41344863;49.78103483
728;0.246428019;742.0058765;0.015373703;10.52888953;0.002277496;0.506700709;0.000100408;6.964151596;33.90530184;0.368357766;-0.200506575;-0.571070566;0.212772051;-3.309276034;0.5091067;-0.17095341;-0.170873512;28.8674004;63.71714561;43.06246517
729;9.750790668;6018.575608;0.86692047;9.38445034;0.007768033;2.627329752;0.000649892;43.60642817;5.115677438;-0.134586766;0.324106533;0.484262832;0.167392784;-4.555743861;0.577354598;-0.656854162;0.162873741;28.9807538;15.46324119;49.3008168
730;1.471005283;1815.731442;0.042192325;10.68147779;0.002133557;0.376365096;0.000247318;6.120863756;33.88699266;-0.809350031;0.333872122;-0.667372308;0.100479634;-3.705525857;0.243147191;-0.23434118;-0.004170038;29.1551279;48.67215114;43.27221391
731;0.126995599;507.1464179;0.007414905;13.96227623;0.00072725;0.024536021;0.005831121;2.291762525;35.90044887;-0.524918158;0.225836802;-0.700653016;0.127190524;-4.557110589;1.185348729;-0.284866211;-0.079472996;28.2477896;76.73625618;47.67171243
732;4.024998149;3786.278451;0.16725078;10.52888627;0.006771655;3.155927905;0.075770648;19.07624653;28.22277348;-0.457779402;0.868098956;-0.194573564;-0.959385448;-5.31256433;0.210482342;-0.372239113;0.300504581;28.9162526;24.8187457;47.58147308
733;3.932284494;3938.926237;0.082718455;10.52888627;0.00322784;0.637414121;0.00094248;8.190462208;30.46051576;-0.612811309;0.775169631;0.24371634;-0.574681764;-4.251022479;0.488286109;-0.445134275;0.189248577;28.9296034;28.98684201;47.97893512
734;9.345308446;5700.799973;0.954116481;10.29999744;0.006587575;2.378082005;0.053601245;14.76978172;29.18524144;-0.28473781;0.189520111;0.111930307;0.019708095;-5.810920701;-0.16148355;-0.059324866;0.092153568;28.8443262;16.13323187;46.53988643
735;0.134038833;532.4235403;0.007272185;12.89407372;0.001342693;0.256596683;0.002751428;4.28594577;35.617389;-0.263679379;0.127872431;-0.843924097;-0.025479832;-3.925475221;0.940545382;-0.417746822;-0.134010698;28.4207306;76.81297002;47.24475674
736;0.467721945;1182.708696;0.029141636;14.42001154;0.00234841;0.041973462;0.001487959;2.348863839;35.60975899;-0.296334429;0.136722947;-0.052707425;-0.27994761;-6.142292398;0.113765744;-0.048988318;-0.024893461;28.9015742;51.18221922;49.81151933
737;0.134417329;542.4536592;0.00801131;14.95412806;0.000440281;0.002882713;0.012206264;1.496545609;36.15451617;-1.448712133;0.948818243;-0.051636425;-0.161809931;-5.600648174;0.836549972;0.067341599;0.344739192;27.8148313;75.29068465;50.75777899
738;0.352044305;938.9060286;0.025734076;10.52888774;0.002123422;0.462617536;8.76E-05;6.515684483;33.43455208;0.254220117;-0.267037534;-0.771891114;0.190877481;-3.318525073;0.209372102;-0.047961164;-0.281119089;28.9467698;56.39110158;43.27601424
739;10.6415212;6197.265795;1.012511047;8.31628218;0.008817438;2.730521683;0.000813962;24.34739907;13.6807071;-0.126346782;0.250251778;0.019696833;-0.370795487;-4.984533097;0.321326697;-0.281105959;-0.030890355;28.720435;15.99572076;47.99961903
740;0.167817661;599.6185594;0.007367538;12.20738402;0.001888669;0.334654495;0.000387023;5.77894317;35.4976035;-0.567643416;0.209357605;-0.963628277;0.103532817;-3.808767591;0.596821809;-0.315709682;0.181612347;28.4742694;74.57782987;46.05456182
741;13.13306012;6627.039772;1.587887344;7.019257516;0.013767694;5.363488514;0.013959685;37.27147473;2.148593403;-0.09674413;0.200201287;1.014356734;0.685009784;-5.34072383;-0.701296044;1.392157451;-2.382004664;28.9173982;12.36487604;45.66446204
742;0.149749711;577.1620816;0.009335399;12.66518204;0.001152574;0.253235456;0.010879245;3.545765935;35.97217011;-1.238291361;1.067844582;2.229957621;-0.361417437;-4.861891953;0.724111529;-0.079944314;0.042859881;27.7139409;72.06010847;48.10580733
743;7.051360424;5158.462528;0.449588989;10.52888627;0.006003332;1.835144324;0.000553615;23.07262578;21.6665904;-0.487075418;0.75197646;0.084467932;0.61113038;-4.213629197;0.573720724;-0.293269108;-0.10718602;29.2531416;18.50475913;47.90206306
744;0.466835868;1142.047308;0.02709232;10.52888627;0.002350459;0.5179565;0.000172396;6.759582633;33.86333927;-0.322276582;0.162969414;-1.195483139;0.428435001;-3.406044984;-0.023209015;0.121530065;-0.119179961;29.0051305;52.83176759;42.3118381
745;2.925588538;2915.178899;0.092466749;10.52888686;0.003754486;0.992549416;0.0002954;12.17045769;28.96817767;-0.725730206;0.833460447;0.293667935;-0.100480205;-3.839713088;0.092104448;-0.435664818;-0.305428848;29.1896611;30.42394886;42.82189392
746;0.126010763;524.4209562;0.007070568;16.67074236;0.000498859;0.002761301;0.010526134;1.628650986;36.18160037;-1.133153051;0.69948487;-1.595186157;-0.105202286;-5.114927041;1.013248102;-0.158094318;0.490329478;27.8937349;77.53702171;50.42852376
747;6.152635977;4943.624902;0.491427231;10.52888627;0.005001318;1.119337734;0.001339212;12.08585285;26.32526108;-0.533462881;0.759910105;0.718662978;-0.631028006;-4.723286003;0.473065179;-0.523264969;0.417044957;28.9688708;17.77830075;48.63581542
748;0.191012769;674.0145414;0.014155458;10.52888627;0.002505966;1.369216154;0.055495743;6.430951976;33.83434251;-0.545671702;0.234077397;-0.560046615;0.726249772;-5.89576621;0.373335937;-0.507144835;0.153091292;28.0622106;65.8343007;50.5753171
749;0.121329842;488.3368395;0.006811887;14.83960454;0.00070932;0.023930387;0.006240603;2.181347877;36.01947035;-0.816980091;0.447400489;-0.996297863;-0.29634699;-4.479774421;0.95449204;-0.365551737;0.178197831;28.2092972;78.69487982;45.18013406
750;7.27981459;5359.431402;0.475643615;7.019292674;0.007171629;2.236552693;0.000635054;61.51842911;4.043725303;-0.073245126;0.331431565;0.201714395;0.0911518;-3.212099634;0.618906877;0.540736508;-4.703201235;29.3399985;17.36135749;49.664562
751;0.328436092;862.5819809;0.013402941;10.68147851;0.001971211;0.382952504;0.000161625;6.105917489;34.70870083;-0.416883475;0.086673141;-1.214446417;0.21685604;-3.590843375;0.437180089;-0.146926219;-0.029483736;28.8008961;65.17070944;42.63336661
752;11.21594452;5847.362421;1.541372963;11.32999463;0.013952865;7.803447856;0.011296784;54.74352234;0.117115616;-0.036469599;0.026704018;0.974868409;0.237123483;-4.864280028;-0.555918842;1.287934291;-0.98483247;29.0370123;13.4266313;44.75451673
753;10.43873772;6093.715931;1.226735651;7.896654865;0.008257767;3.401939454;0.074405316;20.24789962;22.33040954;-0.141148345;0.231940873;-0.009865867;-0.108825396;-5.535138863;-0.060592515;-0.212790038;0.150654662;28.7802989;15.28298318;46.27719285
754;0.622790916;1408.273186;0.032983541;10.52888627;0.005372333;2.308564074;0.044616113;14.94398169;30.0920137;-0.7000954;0.596942882;0.109952576;-0.117357138;-5.602433532;0.061631904;-0.237352033;0.413652678;28.7549698;48.22815289;48.81321779
755;5.247608213;4555.290577;0.411698139;10.52888627;0.004854323;1.399526256;0.011367931;12.63173275;27.8557854;-0.34028371;0.908537534;0.972209063;-1.073142484;-5.007165283;0.403419993;-0.256250373;0.335026809;29.0075537;21.01236493;47.4042951
756;0.469083212;1193.026133;0.028572959;10.52888627;0.004004778;1.699796469;0.049094952;9.050487656;32.24052084;-0.502944954;0.213323969;0.454355359;0.141563299;-5.889007825;0.027093184;-0.103095567;0.153266792;28.7434083;49.92616484;49.09624693
757;11.33373844;6379.228696;1.294768904;7.019257516;0.009019335;3.705142226;0.000824283;50.35227345;2.781764171;-0.131687008;0.197760362;-0.009682443;-0.003238619;-4.518210442;0.412167964;0.339273472;-0.554559644;29.1247033;13.79444366;46.89246418
758;5.633027485;4628.800427;0.443984643;11.52071503;0.004043835;0.385729373;0.009193872;5.622106981;34.04872538;-0.176702498;0.191961113;0.209136081;0.304637188;-6.028623444;-0.231461548;0.213616652;0.083300764;28.9459572;19.19990194;49.18072208
759;0.128878241;524.997308;0.007784227;15.94597485;0.000637502;0.003923352;0.006715601;2.050842939;36.09881861;-0.4754778;0.183415803;-0.631236597;0.105568405;-4.948258292;1.361403483;-0.203108217;0.174886993;27.9998556;76.17285947;49.09354408
760;0.565089318;1232.382373;0.012055012;14.19098272;0.002286159;0.402065909;0.002665938;6.386612997;33.95337014;-0.715353915;0.830712179;1.485591498;-1.700703634;-4.240747209;0.611342286;-0.287004789;0.037035856;28.6388308;65.36541326;47.80462116
761;0.151048962;642.622426;0.008614076;15.41184266;0.000966367;0.067324336;0.004429873;3.174182602;35.78523674;-0.99612102;0.778831497;2.803110685;-0.43800887;-4.624660198;1.370627724;-0.275795117;0.353422822;27.9236463;75.79270176;54.26806072
762;1.297477247;1930.690524;0.034002938;10.52888627;0.002659792;0.503587718;0.000113384;9.611481628;34.59883553;0.7423631;0.371104268;-0.717075964;-0.120851893;-2.16332208;1.419151096;-0.43666023;0.235219674;29.5407995;47.57821659;50.29019008
763;11.72883494;6702.091473;0.812675742;10.41443823;0.006090095;0.593015503;0.000735511;13.00388846;22.71911377;-0.124362069;0.056458362;0.866202485;-0.306301949;-5.77838972;-1.443510427;3.297429951;-2.742209171;28.7885533;13.92705102;51.82610206
764;5.264082606;4784.172109;1.032808022;7.095551677;0.00620769;1.762824581;0.002252188;35.23265114;16.39913299;-0.211797281;0.261543297;-0.189224586;0.063728586;-3.019290108;1.233030251;4.674399116;-0.464712352;29.0085066;20.40946824;51.99666963
765;0.126319014;548.9619089;0.006716235;17.62443583;0.000538976;0.002262299;0.007777807;2.025282484;36.05990782;-0.417188315;0.21149338;-0.573380959;0.138395244;-5.663453465;1.917070121;-0.269142529;0.406227716;27.8175651;79.31084464;53.7833069
766;10.66409065;6575.054081;1.851962731;8.545204832;0.012260284;5.57128565;0.014331838;38.44754597;10.63725657;-0.090334592;0.436720188;0.785549998;0.38850558;-5.628143608;-0.415668257;-0.294899599;-0.01443724;29.4513749;13.54686653;51.15050127
767;0.193992032;703.5100694;0.014644269;10.52888627;0.003108628;1.799335846;0.063983893;9.08828668;33.11411408;-0.725729772;0.397350388;-0.388937745;0.35890429;-5.90576868;0.41247118;-0.027356359;0.497800953;27.3171768;68.10416651;53.40030809
768;0.118762061;502.8734736;0.006452371;12.97036784;0.000667927;0.015025507;0.005515465;2.285791939;35.73564961;-0.050661184;-0.01098571;-1.06655552;-0.076053705;-3.084902267;1.685459819;-0.630215328;0.008297755;28.8402564;82.05281461;51.27530718
769;9.224564168;6438.288061;0.998935156;9.38445034;0.007471537;2.094799055;0.00068456;39.48331346;9.906326541;-0.117801664;0.330821272;1.42571584;0.593906016;-5.033798403;1.000750377;-0.845968916;0.949323624;29.1141298;16.68527957;53.78733722
770;1.140312686;2418.789848;0.020617707;10.9103686;0.00248631;0.298239862;0.000411122;6.411984056;34.87121651;-0.572832588;1.16428113;-0.368122852;-0.129276934;-3.550278276;1.547243352;-0.595974736;0.453321619;28.8987397;53.82027988;52.83897484
771;0.135386381;579.5803887;0.00791899;15.94595781;0.000682307;0.002211187;0.003384787;2.269237064;36.07974509;-0.506606633;0.147099187;-0.679119706;0.34645301;-5.024339935;1.815615802;-0.28111368;0.100872936;28.0619362;76.61515292;52.9755836
772;2.545200939;3354.132983;0.092699028;10.52888627;0.005070137;1.947191923;0.038534308;13.70014019;30.80157718;-0.498673833;0.820490461;-0.299864628;-0.682608544;-5.567259177;0.344104418;-0.482995012;1.042208293;28.6001765;29.97099025;53.61466781
773;1.911448807;2924.041091;0.059700107;10.52888627;0.003475029;0.495562039;0.001004943;8.237531465;33.3201061;-0.683003828;1.123080341;0.217523382;-0.193038463;-4.316645404;1.437598554;-0.666707835;0.572453603;28.6489677;40.20617373;53.71467491
774;10.47982916;6318.680121;1.066231423;10.29999744;0.005392388;1.394081469;0.024817626;10.03130164;31.06632403;-0.285958492;0.134128962;0.141565574;0.023016821;-6.347321424;-0.611451477;-0.107156314;0.29391591;28.8506346;15.15315976;50.54711208
775;0.140458307;572.4786003;0.008293752;13.1992508;0.000626923;0.002560829;0.004693088;2.152763346;36.00421175;-0.407726812;0.185552129;-0.876004161;0.407755061;-4.113958888;1.800329826;-0.521131362;0.0449819;28.5339843;77.34002267;51.33875931
776;0.403403434;1112.114255;0.024963151;17.24299214;0.002406358;0.021861345;0.001133544;1.818541653;36.10797417;-0.288704788;0.129398581;-0.177856149;-0.298060406;-6.851970688;-0.355893334;-0.212869136;0.339371316;28.6083719;53.88820071;50.89253532
777;0.102699599;482.7799496;0.004879926;17.24303983;0.000324261;0.002379529;0.016641406;1.50647476;36.20181978;-1.270179044;0.725118479;-0.748230228;-0.306518413;-6.198317823;1.012384096;0.115128132;0.299457887;27.5176428;85.24164432;53.87869928
778;0.223586597;868.1299228;0.009791468;11.59703562;0.001518444;0.17455707;0.002510268;4.680362471;35.87145612;0.105594527;0.480054619;-1.449999236;-0.147674118;-2.731419756;1.556758872;-0.659034617;0.229930804;28.9297535;74.44931109;50.20244554
779;12.09298521;6939.787186;1.348128189;8.31628218;0.007680016;1.815661253;0.000914106;19.81735246;21.77648727;-0.191656524;0.287179312;0.230557972;-0.576750466;-5.385442098;0.510169315;-0.412251924;0.665473768;28.806112;14.587461;52.58008883
780;0.12732498;538.028683;0.006927996;11.74965144;0.000745874;0.021653932;0.005770942;2.405264917;36.10034472;-0.740378508;0.618915266;-1.099002172;0.488301416;-3.797792459;1.633863002;-0.505261006;0.15636724;28.4259042;78.45610315;51.33193229
781;13.10037068;7209.627214;1.784403382;7.019257516;0.012324891;4.127554675;0.012579718;27.35974084;9.357148797;-0.103763438;0.177921807;0.167936379;0.347432744;-5.903267454;-1.278128686;1.003043482;-2.390631128;29.2202595;12.64887437;50.68557927
782;0.127418942;547.5244382;0.006677117;13.58080799;0.000518361;0.101841029;0.017400866;1.994597747;36.01336793;-1.162451135;0.926237135;0.335359312;-0.212079182;-5.199377424;1.137559733;-0.202961882;0.073603577;27.5634168;79.91948338;53.86088758
783;6.974382567;5660.099476;0.356848382;10.52888627;0.006006307;1.488010765;0.000484262;23.61969466;24.72453539;-0.298470916;0.85695972;0.240745344;0.126936753;-4.352433557;1.609309823;-0.558358713;0.425794487;29.0856549;17.82978782;53.66164976
784;1.133317356;2082.493476;0.034600562;10.68147511;0.002811426;0.459864796;0.000176447;8.537149405;34.47980857;-0.037233179;0.939969767;-0.341468696;0.016786002;-2.914963912;1.442157248;-0.574411113;0.166080486;29.4166234;48.9897625;50.53284556
785;4.718296191;4600.307868;0.638487971;10.52888627;0.004393671;0.945040013;0.000249031;14.80600289;27.28050532;-0.318002588;0.739768668;-0.110965669;0.079212425;-3.80417328;1.578642362;-0.670140668;0.127742512;29.4469355;25.88551065;53.04236207
786;0.109583963;504.4636582;0.005628227;15.71704424;0.000408256;0.002496788;0.013183203;1.653737106;36.1381115;-1.032288938;0.509659472;-0.992217284;-0.214104252;-5.622614267;1.293076095;-0.269095731;0.647336217;27.6400474;83.53778825;54.4300696
787;4.22852475;4416.929348;0.271251937;10.52888627;0.004460567;0.736466766;0.001359208;10.4572615;31.34556686;-0.783102247;0.874048842;0.497296959;0.905600331;-4.880614022;1.095224892;-0.607776714;1.216355486;28.8709236;23.18649981;54.74070976
788;0.1781827;665.6954308;0.012603707;10.52888627;0.002059726;1.054226709;0.048597969;5.294285587;34.5210095;-0.505692514;0.191656603;-0.459580515;0.787192211;-6.487111448;0.294452551;-0.507110381;0.56160015;27.6867705;68.67170861;52.33387806
789;0.14049621;586.6537969;0.008040782;13.50445363;0.000607299;0.002625835;0.006134042;2.050555507;36.112552;-0.883052315;0.344248064;-0.861167511;0.221182216;-4.771854584;1.60798843;-0.411780025;0.210886987;28.2402312;76.64453391;53.48546247
790;7.764496984;6108.725779;0.672020293;7.019292674;0.006891166;1.762426799;0.000614947;47.53940333;6.984179123;-0.070803632;0.361950193;0.627411829;0.229398273;-3.622092521;1.204288624;0.905290943;-4.294879989;29.268913;17.59469773;52.89886738
791;0.140369622;599.7890297;0.00723652;11.74962173;0.001286174;0.110459484;0.003755236;3.802538962;36.02404875;-0.521256536;0.7647946;-1.225107953;0.30041849;-3.358482304;1.576926098;-0.443452435;0.125796003;28.5081719;77.28576081;51.67457907
792;11.84621876;6549.525023;1.676176236;10.98665384;0.013054123;7.056184954;0.00969929;47.85025535;0.935014816;-0.037232576;0.039674341;0.849720107;0.256877676;-5.459022809;-0.943331955;1.236306314;-0.696752875;29.3353413;12.67381848;52.12040069
793;11.93485574;6981.068035;1.347413932;7.896654865;0.006892758;2.364277631;0.052418389;15.44587528;26.43133132;-0.174413557;0.218817871;0.042802132;-0.141762317;-6.021842014;-0.32200517;-0.299695074;0.596960253;28.9240419;14.52480554;52.01363966
794;0.743158598;1564.785565;0.039712906;10.52888627;0.003965196;1.492037762;0.029242627;10.49978762;31.88344922;-0.732138894;0.528276021;0.327369001;-0.074536823;-5.978678489;-0.034124805;-0.256209165;1.03031768;28.3070224;43.96665501;52.47513779
795;2.360986882;3433.525635;0.073270647;10.52888627;0.003704797;0.740298748;0.004367387;9.000805159;31.78427534;-0.422074761;0.992462907;1.19253002;-1.020956774;-5.124621162;0.82242415;-0.386320786;1.023422275;28.4652906;32.37931674;53.26560484
796;0.468703447;1153.055514;0.028273781;10.52888627;0.003099095;1.047873454;0.030994483;6.241866342;33.5070403;-0.592363805;0.148014413;0.390112538;0.075727289;-6.446533778;-0.280716618;-0.172892674;0.491443228;28.5176077;55.45977617;49.12705978
797;11.65684922;6885.180187;1.851020297;7.019257516;0.008463872;2.858520856;0.000752668;41.27146562;7.129506953;-0.159916488;0.248573717;-0.075535012;-0.022957446;-5.165606596;0.485934116;0.197785037;0.307905633;29.1722522;14.57787354;52.27640918
798;5.547077625;4587.311689;0.482169995;11.67330926;0.004015057;0.293457048;0.00703953;3.939360235;35.17028453;-0.176702492;0.177617369;0.217368184;0.316162989;-6.69559081;-0.757784188;0.070477839;0.018592143;28.786679;19.80198814;49.50979646
799;0.12663798;554.3633005;0.0064477;16.55631001;0.000561292;0.002226048;0.006948852;2.038783281;36.0866113;-0.534683678;0.244148034;-0.575172149;0.176384719;-5.499830668;1.753220308;-0.197430525;0.416977793;27.7300689;80.96143582;54.55893456
800;0.154461237;627.4268546;0.008568483;13.58066888;0.001514244;0.148938368;0.002870115;4.221259098;35.80278212;-1.074859889;0.88015399;0.258741143;-1.178758223;-4.258403672;1.477617533;-0.408113793;0.232799861;28.1071059;75.67184336;53.08530929
801;0.120045741;544.9252089;0.006183277;14.72509612;0.000858928;0.01972424;0.005426885;2.769697648;35.47776191;-0.51972842;0.571917175;1.339974506;-0.372685736;-5.09022161;0.734027662;-0.323483367;0.510549112;27.7657716;82.67677726;55.81166643
802;0.118619881;515.8751154;0.006600424;15.06850239;0.00099553;0.055035703;0.001635963;2.959880214;36.22318167;0.235907825;-0.14938933;-1.082255277;-0.465126504;-3.50396983;0.759898302;-0.439982251;0.081852149;29.0492376;82.69269187;50.55844468
803;9.917045573;6407.730927;0.593495864;10.41443823;0.006123972;0.368594449;0.000630769;10.42084693;24.98550453;-0.128634909;0.025482153;0.777284869;-0.263485599;-6.268182939;-2.468253325;2.594948403;-2.69108553;28.6297047;16.22906071;54.60159865
804;4.569591759;4619.956525;1.330518417;7.095551677;0.00549068;1.135942103;0.002727039;26.53142186;19.1488413;-0.321052864;0.344248406;-0.220198644;-0.055791411;-4.10532229;0.976980013;5.465714949;-0.684669228;28.5211093;21.27539294;54.0145338
805;0.138023688;585.7992073;0.008393131;16.40371199;0.000305695;0.002214329;0.014984197;1.53558562;35.94241151;-0.895718067;0.496231084;-0.32999977;0.063813047;-5.96578377;0.90125135;-0.220601147;0.042114841;27.863515;78.01260986;54.99454154
806;10.77324095;6571.095086;1.832779956;8.545204832;0.010568183;4.230290127;0.009868406;30.98866944;15.09143498;-0.090334578;0.357677315;0.782269829;0.283145208;-6.24026111;-1.196242991;-0.244122091;0.353781244;29.42426;13.68277911;51.53236042
807;0.188866158;712.0566729;0.013521401;10.52888627;0.002314444;1.162367871;0.046147283;6.986116931;34.01898357;-0.738546603;0.292977484;-0.300068138;0.121822446;-6.134814725;-0.167222886;-0.208224313;0.479202398;27.4630164;70.62506739;55.18301346
808;0.157602668;617.7519231;0.008933925;12.05480669;0.000537959;0.002520451;0.003917727;1.931785364;35.56856178;0.05920553;-0.461744564;-0.266215955;-0.156137346;-4.165948177;1.04733344;-0.377992297;-0.193617037;29.1396887;76.36607928;53.41289275
809;9.234285323;6440.251416;0.978901631;9.38445034;0.007027701;1.41936027;0.000819743;28.94215175;16.3701553;-0.103763235;0.274056807;0.974066936;0.519953011;-5.617010845;0.234464054;-0.707649612;1.745266647;29.1543003;17.12283318;55.45563408
810;0.118967001;525.6076391;0.006623908;13.35185011;0.000732462;0.012840489;0.002484544;2.366387247;35.97293067;-0.71962563;0.764182631;-0.94351504;0.30887749;-4.313521371;1.01122314;-0.410270043;0.046751105;28.7065838;82.04736046;52.98540328
811;0.12203571;553.2276755;0.006368265;17.31926157;0.000523672;0.002496499;0.008879589;1.929926105;35.99505577;-0.525833954;0.538041515;-0.522476173;0.049180319;-5.384693561;0.807404908;-0.225276242;0.223996606;28.0066498;81.55133331;55.67407871
812;2.830072408;3432.660271;0.154243112;10.52888627;0.004235798;1.275623414;0.025109405;10.74687848;32.37480523;-0.389417002;0.60945545;-0.019720648;-0.560464106;-5.978279262;-0.298302792;-0.33399843;0.898966523;28.6835243;28.35500479;53.59315848
813;0.219395715;797.6928441;0.015750707;10.5288873;0.001541898;0.063135703;0.001242579;4.066993388;34.71175206;-0.691549295;0.759911148;-0.254368838;-0.155643473;-4.645563853;1.05398733;-0.361453175;0.73949286;27.7990983;65.89337821;56.59918328
814;10.67978772;6467.483835;1.106410255;10.29999744;0.005271104;0.972815941;0.013502174;8.284534124;32.39044422;-0.233466606;0.096743759;0.111933097;0.026321474;-6.696344878;-1.186026167;-0.148987254;0.703271737;28.719655;16.21673889;52.64368829
815;0.135672395;605.5047909;0.007972964;13.9622166;0.000785869;0.005418376;0.00145855;2.43236891;35.89052993;-0.094606951;0.180669535;-0.667285131;-0.059953301;-4.88976818;1.096617933;-0.412630639;-0.060391226;28.8549739;77.329744;56.46002212
816;0.405633677;1135.798903;0.027847025;17.5481777;0.002465681;0.016818352;0.00763453;1.679215973;36.37882618;-0.294808461;0.134281559;-0.205850848;-0.319467573;-7.038635145;-1.03823038;-0.218941339;0.767342802;28.4998389;54.49761238;53.22727814
817;0.112394077;515.8733579;0.005674279;18.3875215;0.000295858;0.002275683;0.016638568;1.517156359;35.98666395;-1.099886318;0.59175357;-0.408912044;0.083766866;-6.342633529;0.275220646;0.074889458;0.241393846;27.5429508;83.55228926;55.25994407
818;0.116955754;498.4422725;0.006621056;12.20739939;0.000495435;0.00240928;0.004363545;1.865726162;36.04159613;-0.163273457;-0.141301958;-0.921229756;-0.062573684;-3.866319988;0.80572135;-0.418619711;-0.00640127;29.1891505;82.33956681;50.35023373
819;12.36140633;7098.071273;1.109867665;8.31628218;0.006794567;1.282647082;0.001057997;15.97410261;24.9717708;-0.189520254;0.246284517;0.195968248;-0.51579198;-5.85600484;-0.255106198;-0.251307656;0.731089044;28.9155383;15.0503895;54.55874847
820;0.126671931;571.9125641;0.007178183;14.19114302;0.000620031;0.002294659;0.002459;2.097954559;35.97522043;-0.418103784;0.310677829;-1.197730951;0.245425264;-4.60319816;1.072695263;-0.39942561;0.003468548;28.9071778;80.0678987;55.5844285
821;13.07784421;7304.249459;1.664705052;7.019257516;0.011410529;3.472726451;0.008707092;21.81357297;19.88215273;-0.105899745;0.093690944;-0.151517716;-0.09881376;-6.555399374;-2.144646307;0.564194557;-2.109569218;29.5061993;12.67369474;52.855125
822;0.129189068;556.289529;0.007006085;13.65705382;0.000529743;0.085702393;0.015975824;2.198552979;35.97865256;-0.931426795;0.876035412;1.71619038;-0.130183451;-5.562574526;0.313056068;-0.236260415;-0.087820732;27.5263947;79.85692643;54.26521655
823;5.11613183;5030.410153;0.268679736;10.52888627;0.004933764;0.78234117;0.000770114;14.77504078;31.52711468;-0.496229971;1.037018347;0.428083921;-0.305569228;-4.988815605;1.198346702;-0.336800951;1.12271913;28.9747317;21.77651009;56.29711448
824;0.119394841;513.0383142;0.006755052;13.58072521;0.000955896;0.048751713;0.002087488;2.838613761;36.12475899;-0.331431329;0.635396368;-1.124150008;0.072742735;-4.041557218;0.881143966;-0.522348375;0.370500213;29.1688236;81.65444709;50.84359615
825;4.086415747;4475.326049;0.100722839;10.83406324;0.003943692;0.560862612;0.000483404;11.14530881;34.14945662;-0.732750139;1.190222735;1.14566397;-0.544582525;-4.834688614;1.166277093;-0.477508053;0.29780435;29.0955262;31.20437392;53.49809944
826;0.107421575;500.6694593;0.005420953;16.28927033;0.000291487;0.002520259;0.01658409;1.507510626;35.99352999;-0.973387872;0.692312642;-0.692399821;-0.105797447;-5.849054939;0.461944134;-0.214907142;0.442843477;27.5538746;84.60301421;54.71788323
827;1.601851724;2735.495555;0.053240582;10.52888627;0.003305949;0.39168706;0.001734947;7.391318978;33.42387439;-0.736104994;0.670796275;0.259880359;0.817045363;-5.225752393;0.477060817;-0.66188411;1.671293224;28.5511787;36.51446465;55.81405732
828;0.214474163;762.0947781;0.014622209;10.52888627;0.00177874;0.878343171;0.04849318;4.77017901;34.99709858;-0.543535242;0.14160599;-0.159869249;0.309648276;-6.665050579;-0.352286601;-0.661567494;0.617452812;27.8145093;66.40972541;54.02167969
829;0.113547748;532.3309718;0.00578755;18.38739748;0.000573943;0.002769952;0.008101995;2.033487522;36.00154121;-0.641346026;0.557420257;-0.824295938;-0.355683991;-5.250859673;0.821193459;-0.29887055;0.634500035;27.9565395;83.02939241;55.91246439
830;9.850793646;6706.333478;0.861847671;7.019292674;0.00669898;1.24395656;0.000962274;37.85118751;11.4856557;-0.086673376;0.357677831;0.881289213;0.387257709;-4.364800004;0.727069439;0.167544551;-4.333108082;29.3849425;15.31961231;55.55191857
831;0.116457101;521.5536394;0.006385011;13.42814621;0.00052509;0.002339233;0.003751814;1.924525746;36.06372277;-0.376599039;0.242317584;-0.773521312;0.034111419;-4.25163902;0.974381173;-0.268099928;-0.303217709;29.1105871;82.5059652;52.31486577
832;11.90689951;6885.834135;1.611486;10.68147621;0.011578262;6.13226458;0.005830479;42.55299187;1.60107816;-0.040894788;0.029298281;1.422780157;0.217363489;-6.162743211;-1.736457343;1.268451712;-0.454302999;29.5122282;12.7302356;54.53258277
833;12.30781867;6969.544574;1.764808329;7.896654865;0.006504839;1.860962402;0.042092132;13.38074483;28.48255477;-0.152287619;0.173192646;-0.036244844;-0.128568295;-6.435940928;-0.922288992;-0.14754514;0.70692607;28.8591108;13.82588885;51.56086372
834;1.136737472;2074.93881;0.047305126;10.52888627;0.003275174;0.900095154;0.016649182;8.305247615;33.25983613;-0.663472245;0.483412598;0.473963405;-0.267217449;-6.312568415;-0.556522595;-0.162954557;0.968899644;28.4779029;40.2537355;54.07354438
835;1.026675703;1990.228053;0.045920668;10.52888627;0.003175877;0.467551076;0.006004521;7.497161533;33.33994918;-0.401320378;0.738243969;1.242099067;-0.241438946;-5.55339423;0.104229715;-0.443413564;0.982485611;28.3830983;41.09263824;55.06617365
836;0.628071299;1422.107383;0.03325897;10.52888627;0.002723106;0.711993299;0.030100731;4.875824264;34.4004685;-0.566728335;0.113223369;0.721101836;-0.223969028;-6.690760669;-0.826107902;-0.160183588;0.720891884;28.3323994;48.26761376;53.28362457
837;11.73748844;7106.393256;1.628427224;7.019257516;0.007662834;1.884955774;0.000905844;33.22307475;11.22280222;-0.160526891;0.23026263;-0.068939223;-0.0361406;-5.835890647;-0.433819684;0.185307312;1.008774291;29.2037592;14.81901347;53.89543656
838;5.890029097;4860.33314;0.664440856;11.67331043;0.004263154;0.214933549;0.004516787;3.21422674;35.87144985;-0.169072769;0.169987645;0.294762021;0.27828739;-7.010296539;-1.495576129;0.048389399;0.512987729;28.8464824;20.95985041;52.84852193
839;0.125508142;554.1166065;0.006578127;17.31929646;0.000303238;0.00238126;0.015573073;1.528508488;35.96835238;-0.792260419;0.566118255;-0.417280763;-0.036624721;-5.768858939;0.740768403;-0.207378909;0.082322971;27.7064473;80.57559605;55.77361406
840;0.115893848;543.0790275;0.00599779;13.58069826;0.000791082;0.006792114;0.003928367;2.50326699;35.76158566;-0.872215533;0.470597426;0.344612926;-0.834664246;-4.785633021;1.030273182;-0.244033638;-0.173620341;28.2066311;82.23861945;56.51536467
841;0.112978863;523.2546337;0.006129528;15.79324595;0.001000301;0.029161542;0.003790481;3.008893993;35.65705911;-0.408946232;0.528275009;1.296156413;-0.423774208;-5.196599317;-0.303086291;-0.244979883;0.217643702;28.181516;80.38255958;54.33494324
842;0.090083707;408.8247615;0.004535814;12.47443219;0.000615968;0.002838077;0.001440611;2.100128874;36.03587431;0.136723063;-0.429701613;-0.900186907;0.001582757;-4.556337762;-0.206664076;0.096147088;-0.106085031;29.2676747;86.17721305;45.02402342
843;10.47918387;6692.883721;0.532720347;10.41443823;0.006110431;0.321113035;0.0005949;10.96136311;25.78852938;-0.118411238;0.016174063;0.882672848;-0.243727205;-6.226455564;-2.818819204;2.423148816;-2.422372795;28.5870588;14.3841925;52.41598933
844;5.653770985;4682.687913;0.911018184;7.095551677;0.005555946;1.131545205;0.002900411;24.13952215;20.02624508;-0.31769587;0.317697487;-0.258417034;-0.077002968;-4.073895185;0.092326902;5.032927181;-1.499315089;28.988388;19.86739078;48.24367106
845;0.118726873;539.2173184;0.006097012;18.08220897;0.000337924;0.00200616;0.010867853;1.632028526;36.00878929;-0.964995109;0.486770457;-0.33671405;0.118192547;-6.129960593;0.624760185;-0.133763439;-0.024688939;28.2717899;79.58194061;55.0979688
846;7.568922859;5476.585586;1.802316072;8.545204832;0.010025228;4.025609294;0.008116585;30.23106648;16.6921352;-0.080568729;0.321055025;0.666984277;0.240330077;-6.058466146;-1.566931361;-0.353256015;0.373920907;29.4628113;17.16718228;49.16419407
847;0.179898633;692.5445437;0.011070385;10.52888627;0.001994058;0.856493104;0.033174747;5.873896176;34.35926457;-0.689716979;0.311288682;-0.224300654;0.049331383;-6.201477591;-0.434727836;-0.066189708;0.184674802;27.8433421;68.60482488;52.91525115
848;0.109721972;498.1083419;0.00520271;14.64886861;0.000852128;0.008675399;0.000644277;2.503521125;35.75090862;0.48921092;-0.259712531;0.083079574;0.040358136;-4.686386244;0.098213472;-0.169286924;-0.238140305;29.2841095;80.99937853;48.972128
849;9.686875476;6303.209883;1.007136493;9.38445034;0.006839533;1.355305884;0.000800704;28.64567997;15.90550812;-0.087893518;0.217292289;0.904815295;0.431139968;-5.360722683;-0.687328268;-0.470478527;1.128723573;29.3487963;14.95032076;52.50772869
850;0.096349525;456.6168812;0.004923839;12.97035053;0.000584514;0.00228545;0.002002362;2.034137136;36.04769988;-0.588701394;0.439770797;-0.852896237;-0.026938955;-4.614554621;0.020241561;-0.074644489;-0.14286303;28.7566786;84.34187092;50.18353444
851;0.111407454;516.4327894;0.005314019;17.31920583;0.000352113;0.002386694;0.012157866;1.626328838;36.04541148;-0.614337638;0.654317034;-0.501191228;-0.122360788;-5.426060513;0.059593383;-0.070582769;-0.428899966;28.2820478;81.21085323;54.23718068
852;3.217059256;3610.584136;0.154607378;10.52888627;0.003791452;1.053687916;0.019806813;9.273947426;32.9477904;-0.347606441;0.532548641;-0.177830624;-0.534011827;-5.899175783;-0.758178235;-0.229619935;0.483790428;28.7515871;26.00848948;53.8380681
853;0.161936663;651.4307999;0.010051574;10.83407282;0.001442319;0.047034567;0.000872493;3.691103198;34.91775193;-0.527360345;0.550554157;-0.735473665;0.026673868;-4.783423129;-0.118627487;-0.252649901;0.606546016;28.1319791;70.53703994;53.03685739
854;11.45281786;6522.466623;1.465673733;10.29999744;0.005042629;0.791152836;0.009897907;7.348770389;33.07672837;-0.210119933;0.082552656;0.079004573;0.019738071;-6.589282627;-1.410679286;-0.096703008;0.644514477;29.0151761;13.62866534;50.45105119
855;0.107158108;499.7693973;0.005155624;20.21856025;0.000946056;0.00575233;0.000723152;2.699350468;36.04693749;-0.089418839;0.459303441;-0.825206466;0.143544503;-5.043537387;0.063144158;-0.188864516;0.11567255;28.5483352;82.97402072;53.52091375
856;0.416532574;1121.284075;0.025252231;17.62447117;0.002262655;0.017050685;0.006921898;1.666058763;36.27735221;-0.295724026;0.133366025;-0.230551589;-0.307941159;-6.942544312;-1.316508944;-0.315507677;0.72149818;28.5834889;53.67023104;52.68279934
857;0.104820273;500.8517545;0.004617222;22.66027363;0.00035458;0.002259556;0.015853321;1.58855578;36.09424123;-0.994597926;0.523087526;-0.209653991;-0.260410479;-6.417694358;0.027366918;0.184699759;0.171977959;27.9435751;82.65455482;54.88728846
858;0.087886875;409.6934152;0.004325982;14.1911026;0.000460692;0.002263234;0.001749224;1.83645656;36.04464805;-0.039978708;-0.368969732;-0.600541772;-0.249728887;-4.530934157;-0.154397681;-0.120352096;-0.036404821;29.3256553;86.93972374;46.55191428
859;12.89005633;7171.106677;0.981225255;8.31628218;0.006521712;1.09122455;0.000969768;15.53999403;25.02441822;-0.155034357;0.21271419;0.14989412;-0.479537832;-5.660001767;-0.86261652;-0.123882891;0.280222848;29.2564943;13.45932655;52.21017382
860;0.104033823;486.4586219;0.005278494;16.48001113;0.000659324;0.002133882;0.001493928;2.133863901;36.04846343;-0.25635499;0.50965865;-0.7414406;-0.05155465;-4.844150598;0.111102978;-0.098302533;0.096090619;28.8230741;81.92133969;52.07185391
861;11.00018259;6445.19357;1.589045211;7.019257516;0.011087709;3.28326901;0.007129138;20.5990577;26.72812842;-0.115970736;0.029297685;0.013169775;-0.070816429;-6.48546178;-2.431016305;0.353147297;-1.817365658;29.3596983;14.4978819;48.85511577
862;0.112923308;524.7793119;0.005462133;15.52635675;0.000571973;0.068408593;0.013524205;2.219564335;36.0232869;-0.825985683;0.810573275;1.79535312;-0.360890291;-5.584887981;-0.214921383;-0.204386941;-0.310633532;28.1097057;80.96685152;54.61945941
863;4.110660936;4102.222768;0.134947456;10.52888627;0.00442796;0.609568266;0.000745394;12.89755487;32.04135301;-0.474257083;0.849025119;0.167248779;-0.071176399;-4.934411829;0.014299528;-0.150879693;0.803159797;29.0077824;24.30358416;52.05962247
864;0.094813466;433.9239683;0.004519447;12.97035534;0.00053275;0.002333921;0.001983554;1.956120855;36.07898203;-0.299081925;0.274057086;-0.936035924;0.043981395;-4.542255076;-0.137733965;-0.102206358;-0.096925999;29.1877516;84.79579856;46.53779231
865;1.827501719;2608.134882;0.036762495;10.98667253;0.003215253;0.350906311;0.000419274;8.67126028;34.89181408;-0.710165944;0.994902943;-0.396886568;-0.193138839;-4.867787569;0.044713625;-0.272986822;0.196057078;29.0950367;41.87006152;48.87261579
866;0.107731772;512.0572626;0.00508233;16.51815775;0.000353131;0.002426902;0.014314877;1.597827892;36.06944489;-0.984679695;0.684682991;-0.409160149;0.045683767;-5.928417478;0.099959345;-0.082015408;0.250704336;28.1494021;82.2226649;55.57815512
867;1.248372428;2160.525013;0.048696104;10.52888627;0.003031042;0.290763686;0.001224648;6.757201786;33.74889147;-0.676898772;0.568864956;0.141261867;0.355549804;-5.263534265;-0.519045987;-0.34342206;0.974809202;28.7776798;42.43221584;53.13909966
868;0.189458345;709.7617714;0.012015283;10.52888627;0.001590917;0.703586698;0.036424347;4.259323066;35.0970471;-0.522782607;0.138554203;-0.278425152;0.37057214;-6.623185124;-0.572147419;-0.486600056;0.726445831;28.1839136;68.09406489;54.35444221
869;0.110113372;505.3059714;0.00534624;16.32742094;0.000438634;0.002719326;0.01120968;1.780306728;36.0660115;-0.645923941;0.727713404;-0.758573706;-0.145218635;-5.281479475;-0.159859095;-0.153366734;0.268543314;28.2088138;81.46938213;54.33396943
870;11.0158023;6768.713649;0.677740118;7.019292674;0.006609889;1.187079479;0.00108622;34.60326657;13.09397737;-0.078738484;0.303354672;0.712927143;0.288640339;-4.209455112;-0.111979607;-0.744537022;-4.237677094;29.5134934;14.08269423;52.34847616
871;0.098132359;468.2260258;0.004959111;13.5807405;0.000494609;0.002198025;0.001609549;1.892158589;36.08966303;-0.175787155;0.06897229;-0.640744506;0.054642941;-4.66538312;0.021143918;0.007525292;-0.44080352;29.2866302;83.4597702;51.75748605
872;11.35600219;6526.399243;1.51130401;10.87220892;0.011115125;6.256915864;0.004590727;40.29023027;2.038634598;-0.030823686;0.016633229;1.65002956;0.128445504;-6.127102318;-2.045784502;1.176062333;-0.171424046;29.7532802;13.28401823;51.69491025
873;12.94025984;6985.770488;1.768232392;7.896654865;0.00615189;1.446629398;0.019615565;11.86226184;29.22720589;-0.133366143;0.149540776;-0.092232012;-0.125266894;-6.259922272;-1.261043096;-0.07602832;0.4721283;29.1800086;12.64590597;50.32718083
874;1.379581859;2334.819222;0.057855966;10.52888627;0.002858036;0.713932073;0.012544073;6.864762153;33.67183714;-0.641193611;0.454724638;0.391616785;-0.3001255;-6.254812542;-0.857126216;0.073870481;0.533890932;28.6844978;35.14314125;51.99170197
875;1.073306561;1950.204903;0.048825963;10.5288886;0.00299275;0.378893658;0.001335237;6.83502713;33.77025858;-0.370496765;0.634480889;1.166283838;-0.618700695;-5.521021884;-0.611870576;-0.171530865;0.36712701;28.7384376;39.00318446;53.54086066
876;0.542965391;1351.832767;0.030284562;10.52888627;0.00241229;0.581262725;0.020723391;4.512955673;34.5889196;-0.55726772;0.111392303;0.749097484;-0.309602312;-6.618043062;-1.005003534;-0.064591033;0.796128865;28.4775537;48.83097715;52.84322764
877;11.8201002;6970.667263;1.791100305;7.019257516;0.007412937;1.777441859;0.000886074;32.45240069;12.33825147;-0.146030616;0.204016728;-0.19077643;-0.072375714;-5.579607667;-0.997065261;0.096713511;0.546479453;29.5259865;14.51893598;52.667825
878;6.796630383;4993.568893;0.62586406;11.67330986;0.004187955;0.174423991;0.003272789;2.789437237;36.2575101;-0.164494969;0.166935768;0.324402539;0.263466642;-6.929457384;-1.767640212;-0.05454742;0.533213671;28.8650227;17.58071146;51.37657929
879;0.115323754;530.0553865;0.005835039;16.25114246;0.000340212;0.002154651;0.012201254;1.623838722;36.02710037;-0.878933108;0.616778915;-0.341582804;0.03904554;-5.880348897;0.39953925;-0.10176688;-0.282182427;28.2212205;80.55514527;54.92917939
880;0.109985966;511.8410924;0.005707984;13.12293012;0.000922481;0.010284122;0.002791415;2.67542864;35.76158698;-0.548722263;0.54811189;1.001680395;-0.601947082;-4.926145744;-0.118612296;-0.187805286;0.086721543;28.1865568;81.09260758;53.49129496
881;0.167977131;614.048941;0.006287527;14.87768134;0.000968444;0.034246866;0.003077016;3.094246273;35.45258349;-0.324409783;0.466016157;2.000488001;-0.387758889;-4.691465808;-1.172123399;0.006769052;0.19708391;28.2374446;79.34300341;50.53254643
882;0.102714249;415.29168;0.005306827;15.71701945;0.000513995;0.001830449;0.005945963;1.985051742;35.45373255;-0.003204216;-0.695974802;-0.066847119;-0.083255222;-5.846314564;-1.072620422;0.410167376;-0.030379039;28.155974;84.11772981;41.23300675
883;9.211484414;5834.909643;0.432252908;10.41443823;0.006400343;0.64170893;0.000705251;13.23270074;25.68169654;-0.05371199;0.021210138;0.220672895;-0.286538928;-4.233577682;-2.449233825;1.000041755;-2.428973739;28.8801712;15.42200478;48.56911598
884;5.579200874;3853.376015;0.85293128;7.095551677;0.005518073;1.024961886;0.002405943;22.1399087;21.05089617;-0.264899161;0.273140558;-0.337706022;-0.102918844;-3.395803194;-0.286242679;4.457719117;-2.429199752;28.5487937;19.67816106;39.04257908
885;0.099265296;436.1582465;0.005046884;20.37113221;0.000350326;0.002327384;0.007561596;1.668569092;36.05227818;-0.835291553;0.42542813;-0.183401457;0.058963278;-5.024482524;-0.552104532;0.126036287;-0.175420407;28.4061952;84.63090101;47.62091296
886;8.985886022;5300.602439;1.792569043;8.545204832;0.010689505;4.594645773;0.009859659;32.1608785;14.75725663;-0.047608896;0.22461645;0.500653108;0.072358424;-4.462292316;-1.64171508;-0.103717494;-0.214662057;29.2024602;16.32093386;43.36162773
887;0.164579136;640.6556618;0.011129502;10.52888627;0.00230678;1.062986638;0.034031013;7.070224533;33.91064432;-0.618303769;0.255134176;-0.085918584;0.065816916;-4.83368407;-1.247364294;0.190720003;0.045980716;28.1217653;71.91907019;51.36144175
888;0.1226939;442.9371359;0.006725685;22.35479298;0.00098071;0.004547612;0.002215649;2.863590612;35.95309325;0.619830505;0.162663546;-0.573418321;-0.01075671;-5.232193345;-0.954760843;0.25513633;-0.150881576;28.165845;80.86781909;42.4228752
889;11.4346538;6021.872727;0.701582014;9.38445034;0.006626345;1.231930599;0.000764397;26.75819316;16.1679576;-0.074160059;0.183721623;0.561936971;0.264865072;-4.416361874;-1.03732791;-0.024393331;0.455531051;29.240472;15.40139857;46.60534752
890;0.096779718;416.1422688;0.004411045;13.35183568;0.000451661;0.001860542;0.005982481;1.890805045;35.77532304;-0.311898449;0.311593615;-0.445528178;-0.028098245;-5.094001846;-0.948969697;0.251319187;-0.00904112;28.3752509;86.02222848;44.13478402
891;0.091372205;410.4384279;0.00418595;20.44736148;0.00033238;0.002445076;0.010783903;1.632155728;36.0591447;-0.646992583;0.584124262;-0.367824662;-0.051545262;-4.737332338;-0.948543444;0.20312645;-0.41185404;28.101655;87.92494178;47.09949652
892;4.543569238;4205.46551;0.160626087;10.52888627;0.004249469;1.405761255;0.026609212;11.27317249;31.95975522;-0.32746457;0.512711484;-0.039539236;-0.67901344;-4.800551435;-1.356809726;-0.045564758;0.064033976;29.1713145;23.47930836;49.63191808
893;0.31151774;884.46795;0.016747832;11.13925214;0.001402432;0.067291494;0.001864771;3.839304865;34.76363278;-0.40406529;0.439466721;-0.577133832;-0.151549909;-4.697552811;-1.066190057;0.082618123;0.244374011;28.6089207;68.8698786;47.68982749
894;10.55115703;6147.913135;0.936245904;10.29999744;0.005673867;1.304894728;0.021620055;9.894672498;31.57560099;-0.176244397;0.03646964;0.118529558;0.019747798;-4.761638948;-1.746034267;-0.020450894;0.125433775;29.066759;15.12355782;48.40456128
895;0.091097309;368.1445833;0.004545986;20.14226261;0.000580334;0.002070555;0.005698239;2.018289845;36.05914477;-0.256965603;0.470595364;-0.492667879;0.02460927;-4.766695238;-0.99206352;0.127108667;0.222195642;28.1354996;87.11906628;41.09287958
896;0.569732897;1337.797074;0.032435637;15.41186662;0.002409382;0.027478551;0.006387802;1.640340591;36.2201299;-0.25452409;0.117801561;-0.156448416;-0.245366253;-5.187033723;-1.63281036;-0.00702968;0.265686252;28.7988314;46.73624292;49.97658253
897;0.091701886;439.8949559;0.004185704;16.70885264;0.000329774;0.002759446;0.012234078;1.620933341;36.03396784;-0.997650285;0.487686354;-0.394086692;-0.03638465;-5.03877994;-0.80352789;0.288230153;-0.206239906;28.0291784;86.85570063;51.72527156
898;0.098621475;399.4657798;0.004384082;14.64886825;0.000436884;0.001674556;0.00563044;1.865687562;35.53193628;0.274362255;-0.184941669;0.466456465;-0.036552503;-5.364976725;-1.010580839;0.209810804;-0.047602982;28.1145509;86.01500353;42.34600369
899;12.01044125;6119.767709;0.773105936;8.31628218;0.006694728;1.316975218;0.000950102;15.47642043;24.55901546;-0.103457952;0.160832609;0.013176467;-0.339466411;-4.526418673;-1.275431983;0.058002694;-0.182950807;29.1332897;14.28045969;45.13327207
900;0.090491549;402.428197;0.004104695;16.32739862;0.000565365;0.001942354;0.0044942;2.054723825;36.03778212;-0.292977762;0.664692013;-1.062169634;0.18825429;-4.903107524;-0.89800986;0.393299356;0.15767294;28.2634685;86.58642578;44.51411702
901;9.539393664;5796.414832;1.706571842;7.019257516;0.012051681;4.033455243;0.008220377;23.70572472;21.69335747;-0.054018151;0.009155514;0.011525928;-0.064229584;-4.430205872;-2.233844374;0.17012161;-2.037729316;29.5183779;14.72421547;47.76784445
902;0.10325724;449.0924398;0.004608242;15.64076963;0.000504728;0.074934441;0.011229742;2.174325322;36.04541148;-0.856351514;0.83269925;1.821696471;-0.380615466;-4.664912793;-1.133344456;0.054948283;-0.107734042;28.1075232;84.67849752;48.71444014
903;2.001882915;2223.184192;0.073958904;10.83406645;0.004176123;0.577555867;0.000682229;11.66025904;32.09323939;-0.416882856;0.57496926;0.058120925;0.288869273;-4.763426414;-0.877335558;0.263565015;0.01345592;28.8659106;33.08640549;42.99994319
904;0.085756448;390.3868661;0.003738221;14.34370753;0.000414841;0.001661552;0.006191033;1.839959897;35.83941203;-0.275888119;-0.175175505;-0.704964988;0.174458786;-5.427141699;-0.956013524;0.333096451;-0.033859322;28.2360649;89.28677839;45.18944886
905;0.16697404;595.4242193;0.008380762;12.2073774;0.002375915;0.230500647;0.000752911;6.264610385;34.88418405;-0.567033587;0.514236522;-0.361441153;0.224960767;-5.074695961;-0.847124018;0.119203646;-0.149999946;28.4059651;73.7392266;45.56145756
906;0.090455653;433.6401626;0.004174297;14.61073945;0.000333416;0.002700409;0.011421489;1.624740614;36.03129674;-0.935544966;0.588702335;-0.504679287;0.055678414;-4.77590441;-0.914461278;0.124618562;0.105922683;28.0631442;87.50776467;51.03764088
907;1.637897649;2319.938825;0.059937636;10.52888627;0.003076824;0.350625949;0.001325192;7.031442482;33.05764608;-0.524917539;0.474257595;0.391826281;-0.069898656;-4.648849222;-1.201000624;0.007008865;0.320558558;29.0055471;37.33503978;49.68764857
908;0.160200535;625.2888047;0.011139833;10.52888627;0.00166985;0.801163823;0.037952427;4.629485101;34.88494243;-0.496536554;0.124210413;-0.227366539;0.161431022;-5.090026709;-1.149150129;-0.122441941;0.254230205;28.3253559;71.07981841;52.56865782
909;0.0851099;374.5159749;0.003780773;16.63256316;0.000326089;0.002561299;0.011439035;1.614334414;36.03091527;-0.664387755;0.674611086;-0.801519429;-0.174935995;-4.677196782;-1.107936911;0.236753904;0.180960547;28.1787411;89.80932876;44.26498923
910;7.133488521;4917.960491;0.580134177;7.019292674;0.006552723;1.143587152;0.000947092;31.82172224;14.44900007;-0.047609427;0.232551423;0.290650294;0.157308156;-3.277419873;-0.580011053;-0.567920881;-4.734442969;29.1821118;18.51976767;44.09960977
911;0.087570198;390.6818208;0.004489436;16.6325667;0.000462434;0.001787472;0.005100378;1.900669066;36.0026854;0.06286761;0.339365603;-0.430604441;-0.278319836;-5.119345998;-0.966732558;0.436836127;-0.27730784;28.1467408;88.57897739;44.48445182
912;10.27871164;5462.279167;1.524591511;10.10926124;0.011299053;6.125714705;0.007304266;41.26554037;4.557182792;-0.012207514;-0.016937569;0.378762778;-0.167963609;-4.274447032;-2.001610836;0.775035762;-0.676464554;29.4288287;13.94508995;46.38818935
913;12.31979304;6448.378367;1.562592633;7.896654865;0.006557097;2.093531353;0.044070077;14.11040075;27.93780057;-0.121006115;0.109408982;-0.019762794;-0.098897776;-4.734251162;-1.524326167;0.054277341;0.183799701;29.1804126;12.87246325;46.61855026
914;2.44688762;3190.838681;0.080785738;10.52888627;0.0033637;1.001362484;0.013648391;9.107212468;32.93176166;-0.594195461;0.377819057;0.236845526;-0.128790934;-4.862698324;-1.477231393;0.147535533;0.260388808;28.9263684;28.92293893;50.1796862
915;1.498658577;2615.139964;0.062595337;10.52888627;0.003136275;0.550208938;0.00595715;7.726688905;32.93329139;-0.321056258;0.557268667;0.942292159;-0.282480901;-4.736879433;-1.308552544;0.006693264;-0.12517421;29.0354397;35.6451541;50.13765597
916;0.644021911;1467.077496;0.030453386;10.52888627;0.002878227;0.833772629;0.023073005;6.053567844;33.84579471;-0.50386022;0.0701924;0.571276084;-0.156444771;-4.961499768;-1.565418898;0.17236594;0.179655014;28.8174559;50.06182468;50.64947768
917;11.26622966;5852.495104;1.42478963;7.019257516;0.00736862;1.820783581;0.000731034;30.22787988;12.97608745;-0.111697425;0.144200397;-0.187502019;-0.069118537;-4.219101801;-1.227097064;0.372226007;-0.288278617;29.2296142;14.55423307;44.74419993
918;6.048493762;4696.348097;0.421320633;11.29183146;0.004479902;0.282843296;0.004364215;3.212689168;36.10491145;-0.097354223;0.12878763;0.403447597;0.14819624;-4.962331438;-1.95211949;0.101725873;0.094280544;28.9917607;19.37026869;48.7734426
919;0.094400765;421.7190078;0.004199975;18.38751265;0.000343847;0.002410417;0.009405889;1.654672342;36.05380413;-0.801416135;0.512710911;-0.232829394;0.116569433;-4.891712142;-0.749865887;0.195618394;-0.22856074;28.1026522;86.37474488;46.90733297
920;0.151216851;550.7725238;0.006285876;12.97038057;0.000825866;0.015924257;0.003779018;2.673201592;35.64103909;-0.487074752;0.514542851;1.074510095;-0.054510244;-4.716121744;-1.084363814;0.160438526;0.138018021;28.2808018;80.24857664;46.37261919
921;0.086429789;363.9520456;0.003519478;19.37925584;0.000696609;0.009654276;0.008113656;2.311804347;35.97140311;-0.896021539;0.831628054;1.701618683;-0.06678935;-5.951482071;-2.41778542;0.266124085;-0.295111998;27.7917686;88.24135479;40.81742009
922;0.12412744;429.3392055;0.006676475;35.09629235;0.000931021;0.002479431;0.004749337;2.90162396;35.85886691;0.440382559;0.431073596;-0.491638175;-0.140202924;-7.070955025;-2.837778088;0.035600083;-0.003091323;27.7964406;77.65959088;39.66893912
923;9.941476166;5669.793553;0.504611907;10.41443823;0.006536207;0.963878083;0.000997727;15.10462447;25.76486706;-0.075227598;0.007629222;0.220680443;-0.385342897;-4.958486633;-2.475124146;1.673478679;-3.512725502;28.3816039;15.07179315;43.34169653
924;5.182989024;3982.490705;1.32965413;7.095551677;0.005045574;0.728588813;0.001850189;20.43585842;20.32149805;-0.184635917;0.205084132;-0.245082288;-0.158392919;-4.259541332;-1.276169546;5.196571218;-3.96166615;27.6909758;21.12983083;37.31051323
925;0.100666237;415.5533058;0.004921563;22.04955889;0.000384656;0.001770584;0.005051236;1.743617323;35.96606334;-0.823694699;0.304269713;-0.252618091;0.069020172;-6.10681642;-1.688742638;0.335649826;-0.241304265;27.9160343;82.7715408;44.43327967
926;8.988301351;4982.729952;1.832970453;8.545204832;0.010595767;4.82782795;0.011944726;34.25682473;15.14483589;-0.069276945;0.202643182;0.597816499;0.143196775;-4.978871044;-2.532898884;-0.133610436;-0.973440071;28.4199297;15.99574747;40.36592507
927;0.177445517;636.9931194;0.0130339;10.52888627;0.001891866;0.844712692;0.036450345;5.662800911;34.33485173;-0.663471344;0.249030385;0.111663271;-0.049466372;-5.727059447;-2.155235446;0.318791379;-0.185072135;27.8272672;69.42908781;47.41037387
928;0.10483535;367.6678982;0.006016582;41.81034108;0.000993307;0.001366953;0.003433419;3.145735515;36.08813731;-0.048830123;0.253304202;-0.881084997;-0.092907855;-6.634343756;-3.128912564;0.217004422;-0.376048283;27.8094622;82.53924454;36.06549637
929;10.12145055;4898.119455;0.494813255;9.38445034;0.006404109;1.262368712;0.001056281;31.98199692;14.60540948;-0.060731895;0.126346844;0.467977124;0.162834325;-5.506936191;-2.359226886;0.328620972;-0.26034491;28.363183;15.26660572;36.672533
930;0.096500597;367.1829157;0.004310952;27.69553062;0.0005116;0.001544468;0.009044217;1.940352241;35.79134571;-0.450453203;0.726035626;-0.024547418;-0.022619487;-6.428014523;-2.854368126;0.181571077;-0.149248795;27.8750159;83.52177743;36.64085307
931;0.098398026;382.3253469;0.004773861;20.14230112;0.000361489;0.001753169;0.008284393;1.693255152;36.01260419;-0.817895863;0.494704956;-0.348339886;0.062313418;-6.138588533;-2.198194409;0.354083415;-0.461533984;27.9741452;83.95257568;40.20958775
932;3.822725388;3495.086076;0.151580834;10.52888627;0.003856805;1.048897889;0.022549039;9.213444237;32.77230996;-0.353100002;0.484024067;-0.16469999;-0.90291334;-5.765369513;-2.446044325;0.166944795;-0.05418591;28.4783313;24.42789912;44.22085323
933;0.238302288;516.8300405;0.011250208;12.05481439;0.001516379;0.046825024;0.003210216;3.678706339;35.33585372;-0.59266926;0.720846798;0.184260705;-0.245293804;-6.011043944;-2.604297021;0.205948194;-0.08244733;27.7180867;76.65758672;36.97240325
934;12.24454449;6122.182009;0.887357324;10.29999744;0.006063884;1.442438799;0.019099927;10.84837904;30.81607319;-0.174718456;0.023041462;0.144873973;0.026339675;-5.624989977;-2.501301863;0.121517929;-0.274354259;28.5734111;14.68645316;44.99884363
935;0.100040356;353.5065914;0.004825255;26.9325596;0.000350807;0.001662294;0.009861997;1.667125739;36.02557447;-0.597246917;0.509964137;-0.620333564;0.079098339;-6.256020371;-2.597028787;0.278254304;-0.519463674;27.8464361;83.22889657;36.07188669
936;0.58508;1275.879824;0.032720703;15.33557109;0.002724395;0.043388852;0.003417464;1.720540029;36.07135205;-0.267036647;0.123294906;-0.172917;-0.281594484;-5.936451481;-2.175643367;-0.09176828;-0.15102008;28.6481999;47.18976829;44.26510843
937;0.082821204;403.3558836;0.003032644;20.67621419;0.000325668;0.002023415;0.012602891;1.618395212;36.06830107;-0.964690418;0.444655106;-0.459953955;0.065760094;-5.973345316;-1.863349184;0.437509811;-0.217069662;27.8846427;89.040444;49.53515844
938;0.103645371;408.2405149;0.005332821;35.09631307;0.000931407;0.0013965;0.004053294;2.886241058;36.06372287;0.036622944;0.544754838;-0.617012779;-0.000422746;-6.785536533;-3.04629601;0.125348031;-0.116871862;27.7588285;81.18023523;39.00639512
939;12.44145472;5477.610525;0.878335246;8.31628218;0.006728518;1.300644351;0.0011008;18.19474883;23.27724527;-0.126041801;0.181280006;0.069155184;-0.398825102;-5.575244489;-2.391042736;0.328611603;-0.390564579;28.4224047;15.03652769;37.06809824
940;0.098525895;340.9662644;0.004583257;24.8724914;0.00035815;0.001768712;0.012207233;1.666471991;36.0347302;-0.664082427;0.748313815;-0.835417553;-0.026690133;-6.291532599;-2.766931486;0.330597521;-0.247263335;27.7298608;83.64375661;34.57546614
941;10.52376323;5738.222755;2.11176962;7.019257516;0.012513737;4.909152449;0.009236549;26.79726582;17.95331764;-0.048524747;0.003051845;-0.019760028;-0.001653496;-5.015940959;-2.608285085;0.298249779;-3.176844602;28.5948289;13.13563173;41.53642264
942;0.088778244;395.0796885;0.003579098;22.73636883;0.000403544;0.046996883;0.014122097;1.840217256;36.07173374;-1.064028906;0.85696034;0.701119643;-0.347048161;-5.865092303;-2.256716773;0.261454089;-0.415452202;27.8462554;88.58968136;45.27289474
943;4.610393112;3354.667464;0.150021054;10.68147849;0.003510651;0.400579214;0.000758413;9.602886096;30.81604167;-0.359507845;0.531632249;0.543675455;0.242427371;-5.888897506;-2.413221185;0.356618406;-0.293123976;28.007139;20.40984754;37.87427299
944;0.105015361;390.436807;0.004819537;30.3659382;0.000436998;0.004042986;0.009068244;1.865627136;35.74022634;-0.054933537;0.641498735;-0.20311936;-0.020449342;-6.755934759;-2.851582122;0.085941567;-0.00243236;27.8310741;81.69810735;38.40563708
945;0.850462863;1113.434855;0.02864025;14.41998301;0.001187977;0.032835041;0.004729124;3.09277228;34.20743788;-0.379650225;0.586871209;0.147112262;0.028894788;-6.388034484;-2.610121628;0.048313022;-0.324639204;27.9227966;53.40125756;36.17168074
946;0.087191049;404.0723909;0.003519525;18.23482477;0.000343597;0.001899067;0.010308503;1.656051026;36.04274123;-0.99978639;0.526444654;-0.415853292;-0.059576998;-5.953746512;-2.022134274;0.397941427;-0.029596453;27.9363451;87.28592532;46.74682172
947;0.819517122;1341.912892;0.041405935;10.52889129;0.003153623;0.298437729;0.001210808;6.893221953;33.75347148;-0.655536179;0.641498201;0.576489434;-0.060347415;-5.86498098;-2.493200227;0.371029559;0.302161224;28.1106088;48.127344;40.76871647
948;0.192867836;651.3984409;0.013935891;10.52888627;0.001681551;0.787765282;0.042470024;4.464110328;34.95360971;-0.5124062;0.09491271;-0.289942442;0.258597479;-5.899218868;-2.02632404;-0.107248977;-0.073785273;28.1088221;66.845495;47.74465253
949;0.093803549;360.5603205;0.003977164;18.12035705;0.000346769;0.001765881;0.010463628;1.648375943;36.0351115;-0.913571468;0.659351971;-0.548005344;-0.125612053;-6.09162247;-2.341742698;0.317808992;-0.151006954;27.8995991;85.95854395;39.39612403
950;7.239700839;4321.538648;0.814525836;7.019292674;0.006197863;0.930346948;0.001174486;32.91596398;13.33507331;-0.040895148;0.177007649;0.158659334;0.127914186;-4.022593013;-1.719260846;-2.011105573;-6.102902884;28.2641093;18.7312926;36.11100112
951;0.104253351;366.6748642;0.005354901;29.90812611;0.000618499;0.001536731;0.007380005;2.145919394;36.05456684;-0.422986611;0.811792504;-0.878245853;-0.11932372;-6.485573074;-2.977730091;0.325751274;-0.393222486;27.7514662;81.91037332;36.47042474
952;9.628167653;5122.318829;1.992284367;9.842227502;0.011226577;6.642645314;0.007623581;43.25110367;4.718550442;-0.023041518;-0.015869523;0.207490714;-0.036230074;-4.568558472;-2.591650001;0.513156849;-2.018751002;28.8240278;14.63544841;40.49164022
953;10.21655995;5379.865114;1.203403724;7.896654865;0.006538721;1.760632993;0.018787874;13.79791652;27.61125378;-0.129398723;0.101779341;-0.003301162;-0.10877931;-5.564630985;-2.513035905;0.274373759;-0.19210758;28.5264574;15.93648086;41.05081668
954;1.938124745;2608.68677;0.059462997;10.52888627;0.003159039;0.776806253;0.012432023;7.49786623;33.42234765;-0.60945433;0.382396482;0.38504385;-0.122230114;-5.73945999;-2.417208128;0.321207179;0.12649655;28.4270452;33.4707343;43.83420067
955;1.189856015;1795.207561;0.050184309;10.52889093;0.003098242;0.403828358;0.001614261;6.873504363;34.05406787;-0.466018183;0.591754852;1.836567748;-0.683451312;-5.822464637;-2.448398134;0.163722223;-0.094093383;28.2593086;36.02276207;42.50769512
956;0.983517218;1730.437949;0.027771382;10.52888627;0.003108609;0.783562897;0.020748938;5.766098456;33.91140932;-0.534683841;0.056458997;0.500454108;-0.248654583;-5.771727989;-2.323230469;0.199497832;0.010471231;28.4637045;46.76191308;46.22465914
957;11.46693086;5115.504747;1.492121847;7.019257516;0.007033973;1.726879302;0.001105287;34.60074989;12.46146944;-0.100863329;0.136723399;-0.022801825;-0.042737353;-4.993038203;-2.136897958;0.693920287;-1.408017681;28.3877915;14.95064675;37.41915848
958;6.552325225;4815.510097;0.416821981;11.21553574;0.005184807;0.604296493;0.004829065;5.018758277;35.27556904;-0.088198688;0.123904603;0.492370006;0.149842359;-5.781277177;-2.439395363;0.057385794;-0.523233345;28.647544;18.00196982;44.8108792
959;0.097202033;405.475111;0.004720892;18.54009569;0.000369616;0.001798289;0.007197324;1.715845645;35.9942929;-0.852992251;0.405896043;-0.251004027;0.115073524;-6.075415657;-1.896789427;0.429061317;-0.356043349;27.9538527;84.32014512;44.5804088
960;0.09286493;356.8573499;0.004699195;20.75254274;0.000761402;0.007821018;0.007340145;2.394477912;35.92791451;-0.866725149;0.875271298;0.675628098;-0.229404065;-6.053187308;-2.589253548;0.306528631;-0.40468211;27.7199752;85.07110903;38.44118126
961;0.097561419;344.2392227;0.003872269;25.33024362;0.000464831;0.006030527;0.013796828;1.886991594;36.06600721;-0.876184129;0.692463582;1.857989418;-0.349927198;-5.587907768;-3.42822008;0.384712657;-0.34804144;27.6830599;85.92950393;37.05726761
962;0.149952672;481.5851476;0.009942796;47.7995846;0.00080845;0.000989755;0.007774729;2.856828985;36.10492204;0.005188479;-0.676595994;-0.319201817;-0.069644633;-6.957701451;-4.41994483;0.108644646;0.294991002;26.8359022;71.37302923;41.68791715
963;12.24994625;5498.304976;0.570747232;10.41443823;0.007139363;2.404603422;0.002386977;22.58991371;20.84947225;-0.056001239;-0.018616564;0.279957062;-0.266773902;-4.266380275;-2.487524624;0.685839315;-3.421491422;28.4448743;14.90175536;41.64375991
964;8.601734418;4077.363556;1.375463625;7.095551677;0.005500184;1.131648875;0.001849033;27.00802844;18.73833844;-0.207829764;0.221258835;-0.239943657;-0.20642358;-4.01297689;-2.2902038;4.766510995;-5.051351339;26.9841729;17.98292967;32.5213121
965;0.109622166;432.1879663;0.005317643;17.70076196;0.000340268;0.001847137;0.007648285;1.685352108;35.95156734;-0.599688693;0.084841732;-0.13227389;-0.019775233;-5.617816605;-3.057453552;0.38601447;-0.294695656;27.7088391;80.1904574;43.41102694
966;9.815397817;4600.046332;1.817017502;8.545204832;0.011523962;6.181479351;0.014471282;43.60384542;10.65936822;-0.05676433;0.133060895;0.410066977;0.144874876;-4.173258725;-3.180444777;-0.189580804;-1.460288334;28.0416773;15.68381116;38.89032214
967;0.415819233;939.7332098;0.016298764;10.52888627;0.00243628;1.213320115;0.045749087;7.537617234;33.70769238;-0.573136697;0.093386018;0.085354163;-0.138365794;-5.110759755;-3.119153105;0.291416423;-0.371841959;27.7454136;61.01966985;40.95954923
968;0.101016391;321.9987091;0.005245094;36.92741952;0.000499903;0.001909796;0.012067727;2.031509277;35.79287099;-0.020752638;0.273140527;-0.393219003;-0.02021717;-6.505990192;-4.124328941;0.376835871;-0.392461216;27.5646939;82.69443202;29.00648401
969;10.24384411;4813.717792;0.745434272;9.38445034;0.006557751;1.933644586;0.000873378;39.88314695;14.65118433;-0.051881496;0.10498378;0.289998259;0.064058542;-4.723388761;-3.28964353;0.626002891;-0.410828464;27.5986018;15.71996703;34.59189358
970;0.113709918;344.9620624;0.005266556;34.94367478;0.000375456;0.001708901;0.013646096;1.684245516;36.00955206;-0.557572401;0.501418416;-0.871946794;0.06705429;-6.270062947;-4.207984929;0.479578274;-0.462042931;27.6421935;80.78764884;32.7623679
971;0.096075002;387.5017526;0.005476774;19.83701491;0.000343321;0.001682341;0.007102431;1.668362435;35.92486323;-0.6769005;0.266426454;-0.223138779;-0.094082189;-5.751853549;-3.450938466;0.311768797;-0.420031371;27.6667959;85.49366746;40.89896103
972;4.412990989;3347.704353;0.132739525;10.52888627;0.004600092;1.673824075;0.040373684;12.06434674;30.63334641;-0.336467339;0.402539527;0.069100779;-0.530688743;-5.113127103;-3.325311672;0.205492319;-0.376189393;28.2696638;25.23345544;38.8452452
973;0.11564515;350.4059999;0.006872733;14.19112843;0.001034975;0.02501886;0.006682118;2.901879073;35.438091;-0.677510286;0.590227453;0.942249686;-0.147127299;-5.664963313;-3.609391948;0.480360953;-0.645630394;27.7581516;82.46980423;32.72462818
974;11.05056155;5354.279573;1.054742936;10.29999744;0.00702969;2.378568233;0.038147385;14.7706297;26.77847885;-0.103152563;-0.012360017;0.128419872;0.003294112;-4.755409859;-2.963572396;0.114708518;-0.593901293;28.2582173;14.70580159;42.6368852
975;0.089649916;347.5113624;0.003657008;25.17778954;0.000352305;0.00151867;0.00643704;1.665141979;35.79897429;-0.533768566;0.320749458;-0.358132342;0.026137441;-6.071849471;-3.689059373;0.239675403;-0.409559614;27.7348123;88.34979807;36.30826047
976;3.053429445;2577.839728;0.056261356;11.52074261;0.003121193;0.380404321;0.002356326;2.734952104;34.18683217;-0.231024876;0.069277046;0.044448718;-0.17126373;-5.001667132;-2.634781366;-0.1317634;-0.602683272;28.4657645;41.90261737;40.92759953
977;0.082867279;376.8537626;0.00293542;36.46955012;0.000254103;0.002218171;0.01759368;1.501223385;36.24683414;-0.94759971;0.467238378;-0.980270875;-0.141678665;-5.298579301;-2.993772042;0.451449438;-0.333075452;27.5484643;90.16837727;43.59389434
978;0.112456342;355.7350443;0.006228758;46.7696113;0.000500443;0.001756702;0.013205083;1.935151361;36.04159677;0.260018541;-0.02990808;-0.34669405;-0.247872263;-6.6210361;-4.431165528;0.342177703;-0.407555898;27.5294793;79.59330106;33.9583484
979;13.53579685;5266.098479;0.954248494;8.31628218;0.007200217;1.856809019;0.00102248;22.39557138;20.24829203;-0.091861015;0.137638512;0.05103626;-0.271947927;-4.893378397;-3.274534023;0.466051495;-0.44459427;28.0664047;13.4472416;34.53409038
980;0.11197661;331.9173285;0.0064965;33.26513221;0.000348968;0.00152168;0.011159119;1.641081765;35.91570771;-0.492568713;0.355845604;-0.541317253;-0.131693528;-6.144827153;-3.879669123;0.429572922;-0.292126913;27.697087;82.94706469;32.2579078
981;10.09428575;4822.722151;2.139634178;7.019257516;0.013674668;6.620302257;0.012144394;36.56192808;8.854212677;-0.01342825;0.018616246;0.077394843;0.083980336;-4.172511101;-2.679190265;0.005623503;-3.299230503;28.6979589;12.9693709;37.28114752
982;0.090197088;379.2117871;0.002941843;24.91073833;0.000332596;0.037739691;0.018363051;1.699875747;36.21402592;-0.946532403;0.737785637;0.585969014;-0.211785136;-5.39419892;-3.331875421;0.243961894;-0.464836935;27.6870712;87.72768673;40.19689452
983;1.877854783;2076.335142;0.050835188;12.66513914;0.003639773;0.61701639;0.001167849;12.51873317;32.68834636;-0.570695605;0.738547943;0.430837043;0.38680774;-5.428730045;-3.556724564;0.702643039;-0.719073464;27.5744841;38.42283455;30.98370305
984;0.136363026;408.2477183;0.007342824;36.31709128;0.000400969;0.001355014;0.013983268;1.722943176;36.00115972;-0.117802327;0.135502749;-0.476487215;0.074096125;-6.673583125;-4.430673468;0.093100494;0.096357918;27.3606125;76.18059143;37.68811106
985;0.141318006;545.077608;0.005669787;19.15034515;0.001265036;0.054408389;0.004581078;3.359222369;35.65248732;-0.748619749;0.828272664;0.995390998;-0.452398532;-6.20301293;-4.043461723;0.148431089;-0.529513025;27.4546025;82.08517449;34.1598458
986;0.090013863;401.350948;0.004376831;36.66036813;0.000274129;0.001946654;0.015603646;1.528430747;36.15375238;-0.767998567;0.425580946;-0.580358047;0.171214865;-5.454272151;-3.20756736;0.48590753;-0.144661318;27.7117503;87.17167709;45.17599989
987;0.459098488;1141.400636;0.022031362;10.52888627;0.003149285;0.347946627;0.001599093;7.171584776;33.19955957;-0.716573029;0.53407341;0.54987498;-0.027046573;-5.361752166;-3.408134432;0.591654878;0.034442804;27.8566108;50.06435149;36.29320683
988;0.346273801;922.6418904;0.015704772;10.52888627;0.002170199;1.132372827;0.0525577;5.762802199;34.05102376;-0.431226901;0.012512684;-0.268515432;0.28000664;-5.128309553;-2.935842344;-0.098566751;-0.285525184;27.9060439;62.70223601;43.88222877
989;0.094578314;380.3702487;0.004211162;32.61657742;0.000318013;0.00179267;0.010557125;1.605130078;36.03091487;-0.710775914;0.412609787;-0.343664912;-0.092397944;-5.758180396;-3.469557705;0.386703696;-0.118898504;27.7291691;85.42240022;40.47903374
990;7.613874175;4234.168388;1.074184937;7.019292674;0.006183639;1.272492732;0.000920637;37.49505083;12.204363;-0.03662255;0.166020762;-0.06575889;0.147758846;-3.562720883;-2.470947973;-2.947635893;-5.637848077;27.4676353;17.21460511;34.25361315
991;0.114084214;373.6812175;0.00575458;38.91114457;0.000353628;0.001541289;0.014250325;1.64717948;35.92486355;-0.296640223;0.281380806;-0.672988014;0.135868802;-6.332622546;-4.134322074;0.514172328;-0.524270069;27.6883049;81.60227015;34.98356048
992;10.87496144;4862.244879;2.230221303;10.07111253;0.011759419;7.661102247;0.010342614;46.89415559;3.558839571;-0.028382255;-0.018005637;0.717976389;-0.052689002;-3.770671913;-2.838061473;0.192835264;-2.158570617;28.5475151;13.22885373;37.8017284
993;10.97420997;5526.487772;0.876279818;7.896654865;0.007323171;2.350491969;0.023156672;16.85865259;23.22765401;-0.090945315;0.054475615;0.029633225;-0.049459273;-4.811566787;-3.171396495;0.325892487;-0.499816884;28.2247707;14.9556105;39.87151222
994;2.849595483;3084.612726;0.074463713;10.52888627;0.004012387;1.379856504;0.028220271;10.58306165;31.52943861;-0.496536503;0.280465312;0.251710753;-0.094142353;-5.035221136;-3.214514752;0.372624419;-0.292798521;28.1812775;30.86235752;41.87078718
995;1.664526316;2302.547037;0.053421071;10.68147119;0.003163152;0.494294998;0.002443389;7.424001252;32.64259302;-0.433058193;0.541093407;1.576356135;-0.459122282;-5.254407683;-3.392223457;0.272271506;-0.27937211;27.9950214;37.14514568;36.57528105
996;2.917838115;3122.84745;0.049043594;10.52888627;0.003998264;1.396715203;0.029157612;9.68981214;31.95822465;-0.445570108;-0.002136492;0.207369254;-0.167968263;-4.948130404;-2.9625586;0.157709657;-0.60839573;28.2087536;40.97495145;40.79132661
997;10.00792661;4595.468204;1.295175365;7.019257516;0.007431275;2.690576447;0.000986825;42.79556339;9.974213304;-0.094149317;0.094912986;-0.121640244;-0.016405364;-4.24289175;-3.054572384;0.604153633;-1.605355061;27.6919124;16.06661125;34.01848699
998;8.689829363;4684.54079;1.192224569;10.7577582;0.005902339;1.399057262;0.008436963;8.155447845;31.79798362;-0.033875669;0.063172942;0.251952124;0.026339997;-4.857974519;-2.687846445;-0.048901823;-0.737289218;28.315814;16.26666523;38.44195499
999;0.107966566;430.1066931;0.005152753;20.06593386;0.000331847;0.001834694;0.008871141;1.655273036;36.00497423;-0.650654517;0.191656106;-0.242732564;-0.021405197;-5.628996313;-3.20606496;0.440067232;-0.4183372;27.7482519;81.39822593;44.07427955
1000;0.104399766;327.2575908;0.005936196;33.26505902;0.00044534;0.003823843;0.011419894;1.836764287;36.12323257;-0.903956527;0.670186898;-1.009589294;-0.085286796;-5.80342622;-3.580201198;0.34329198;-0.592812584;27.6759362;83.27600757;32.42343583
1001;0.15300321;385.3257523;0.003840639;19.45546985;0.001047332;0.046335996;0.009181241;3.034549734;34.44775808;-0.547194998;0.510879155;1.83299228;-0.168480539;-5.621255811;-3.578175605;0.3469782;-0.530933376;27.6232917;77.77351254;32.03392495
1002;0.114191977;416.3818881;0.007043003;48.9059148;0.00089981;0.000972899;0.003956173;3.522806867;35.95156711;0.308084789;-0.081179308;-0.503743137;-0.027310533;-7.262250493;-5.154604796;0.180392376;0.066623473;27.0552647;79.17946948;41.41266297
1003;11.30574468;5260.16908;1.166823356;10.41443823;0.008040938;5.969297976;0.003665217;29.13256361;12.58849431;-0.028382412;-0.007782551;0.207499362;0.108688009;-4.273401467;-2.319250304;0.797686506;-4.044771952;28.1650585;13.70816744;38.42761397
1004;5.505120356;3475.491204;1.512276997;7.095551677;0.005706633;1.547747178;0.001934246;29.03582784;17.40926147;-0.197148389;0.210882481;-0.226655832;-0.208020096;-4.276521703;-2.362170487;5.01801528;-5.59866698;27.3274057;20.06907051;32.95938266
1005;0.105738288;370.8643962;0.005123954;16.55631423;0.000331297;0.002089283;0.008930498;1.620967078;35.83407116;-0.373546743;0.076296488;-0.255591152;0.029687595;-5.533299824;-2.938038382;0.319305215;-0.286769016;27.7845345;82.72541638;36.02111181
1006;9.143646424;4263.272013;1.660802966;8.545204832;0.012178345;7.550307907;0.01551254;52.469355;4.198590241;-0.052186424;0.156560314;0.617598098;0.22064926;-4.066203264;-3.057986028;-0.255153589;-1.451292938;27.6290709;16.68424209;32.03207843
1007;0.382263915;1179.533294;0.019136052;10.52888627;0.003732391;1.843432965;0.059583895;10.90850738;31.22348981;-0.527358288;0.109866321;0.08867265;-0.003351494;-4.994974877;-2.913131357;0.223529262;-0.30499259;28.0322792;56.30348573;36.98608571
1008;0.112396832;366.3366234;0.003778216;44.25183665;0.000468609;0.001476392;0.00895154;2.002174378;35.92867803;-0.326853422;0.112308332;-0.460486435;-0.01943574;-6.659487995;-4.848963366;0.353621275;-0.65073488;27.2421801;81.05825689;36.58327864
1009;7.050489171;3381.580432;1.472456179;9.38445034;0.00657756;2.475748697;0.00061627;44.43728058;10.01236752;-0.070192645;0.126346727;0.342659807;0.00959057;-4.677652122;-3.252259385;0.766765197;-0.439824196;27.4444932;16.82844444;27.87141964
1010;0.131933283;402.5017656;0.006351833;24.71992041;0.000495345;0.001777798;0.009710556;1.864036943;35.81804783;-0.607012671;0.418103057;-0.718626287;0.04340227;-6.57847561;-4.69155366;0.377763616;-0.439266337;27.2596601;74.74195778;37.02180315
1011;0.099714975;328.8523268;0.004099135;18.69256657;0.00033613;0.001849732;0.007347491;1.638459558;35.81957424;-0.479750899;0.156559891;-0.201450097;0.029660369;-5.675527534;-3.404244339;0.432208937;-0.487391034;27.6516024;85.00404132;31.13573784
1012;8.52284158;3657.680996;0.775672995;10.52888627;0.007114268;3.264163091;0.064485678;18.91560359;22.72411494;-0.306406365;0.480056384;0.17774616;-0.092634303;-5.016885494;-3.115740672;0.334416957;-0.516989121;27.865581;17.60204211;30.81301485
1013;0.156763927;406.3544963;0.005487051;10.5288873;0.001940689;0.198701936;0.002012322;4.994228646;33.34757012;-0.621356532;0.549943668;-0.115880656;-0.432759714;-5.819786701;-3.909745684;0.57020176;-0.760455071;27.6944529;77.10736912;30.10191942
1014;12.19411758;5184.752724;1.097010922;10.29999744;0.009175337;4.232827045;0.022118122;21.47646317;16.01193664;-0.128330479;0.061494759;0.098776196;-0.111999822;-4.694002913;-2.854431077;0.099607547;-0.479552471;27.8829664;13.28099024;35.5051905
1015;0.106591698;347.3628571;0.003944585;22.04963501;0.000359401;0.001533879;0.004820116;1.671639912;35.66011571;-0.495620569;0.199285821;-0.168860358;0.093932158;-6.114428455;-3.997509048;0.501826761;-0.644705746;27.4319344;81.71350202;33.58013384
1016;4.265814349;3563.740272;0.139097697;10.52888627;0.003851572;0.933557083;0.002661976;3.820470739;31.03578811;-0.267036904;0.090640157;-0.100467119;-0.181144045;-5.001039723;-2.580775773;-0.223903779;-0.620150679;28.2714251;24.68848097;38.32583121
1017;0.094645007;351.9229472;0.004428241;25.33046688;0.000264214;0.002469805;0.023988536;1.436201385;36.09424189;-0.794397209;0.378735107;-1.000000708;0.008198018;-5.282448327;-2.799495465;0.314197801;-0.348804724;28.0428689;85.95180705;37.1149526
1018;0.097195269;384.5431819;0.004208458;44.55704765;0.000576339;0.001324506;0.00763715;2.384522061;35.90121156;-0.192876596;0.191961108;-0.701034442;-0.006037114;-6.920553418;-5.110050509;0.36717146;-0.383884284;27.3747621;83.86974592;41.86383971
1019;10.69970867;4527.00515;0.513233443;8.31628218;0.008177884;3.281368413;0.000912711;36.89154062;10.62655846;-0.099795741;0.152592591;0.031254081;-0.176395391;-4.780326968;-3.216488299;0.580080054;-0.562011714;27.5166429;13.75610189;27.79765299
1020;0.127811233;330.6859379;0.005057794;22.88882114;0.00035198;0.001465694;0.008442907;1.653969731;35.70970639;-0.543839949;0.275276815;-0.22484686;0.092325486;-6.30274761;-4.376215479;0.511372871;-0.49502383;27.397417;75.07286697;29.09263047
1021;8.809256779;4493.435956;2.135034602;7.019257516;0.01463398;8.400767997;0.013174721;43.48851381;3.279981461;-0.038148131;0.033875301;0.115262283;0.087276515;-4.161639266;-2.574242705;-0.034731078;-3.356855637;28.1019405;14.36941678;37.83588249
1022;0.106540537;340.0661087;0.004938749;17.58635118;0.000522109;0.055141375;0.020178225;2.067800177;35.78257492;-0.784174245;0.650807643;0.434442039;-0.508319513;-5.315175079;-3.202982702;0.27090234;-0.625132923;27.8494257;84.91643934;29.04050108
1023;2.986594272;2852.997641;0.292363409;10.52888627;0.004342621;1.158890476;0.000520312;15.80082575;27.82980673;-0.58839641;0.693990989;0.223213608;0.52531642;-5.674646067;-3.691113405;0.616707142;-0.921445783;27.6216427;29.32564965;30.62358308
1024;0.106306254;386.5113133;0.004155627;45.77770319;0.000648104;0.001085278;0.007693433;2.378004849;35.88976704;-0.249641809;0.272835811;-0.650291631;-0.002499389;-6.983908576;-5.14607241;0.209023261;-0.340841756;27.1155244;80.79167021;37.59162845
1025;0.369051415;722.5977829;0.013730623;13.65703413;0.001775661;0.212039436;0.002877848;4.797066026;33.95184727;-0.593585168;0.683309795;0.467964382;-0.075585482;-6.564075891;-4.510367223;0.207626065;-0.941378585;27.6192146;63.29977813;38.53829207
1026;0.095214129;332.5582794;0.004557109;22.43113455;0.000278746;0.002292436;0.020586462;1.468494765;36.03167823;-0.624103716;0.347606258;-0.705498369;-0.131790365;-5.362910815;-3.044367838;0.439587007;-0.305700147;27.8578581;87.03391757;33.55972082
1027;3.518572107;2097.31547;0.097380188;10.52888627;0.004813202;1.303143101;0.001080741;13.30107266;27.00582692;-0.637836465;0.527359681;0.45763373;-0.459105709;-5.319511372;-3.476796779;0.577779136;-0.351750605;27.5421988;31.85930748;30.19635512
1028;0.65412171;1307.39112;0.01486848;10.52888627;0.002636396;1.453579139;0.061751166;6.816686789;33.28958383;-0.450758551;-0.007629545;-0.413433156;0.125197965;-5.092321469;-2.785537648;-0.105697091;-0.282701583;28.0630194;61.59107725;36.90786077
1029;0.109165414;342.485316;0.003577563;21.32479612;0.000305777;0.001790893;0.013555495;1.549917799;35.96262982;-0.585802472;0.287331401;-0.336867079;-0.013084299;-5.706520565;-3.568136971;0.537140862;-0.21535794;27.6324367;81.12447177;33.57820374
1030;6.642649078;3376.991366;1.344043242;7.019292674;0.006312169;1.6913921;0.000576049;41.43936311;9.90174267;-0.045778123;0.180669701;-0.016229546;0.124636983;-3.606209116;-2.458450721;-2.722610427;-5.72566988;27.3288103;21.07358325;29.55843149
1031;0.119664781;373.5888899;0.00845633;31.43408244;0.000415931;0.00128897;0.008488359;1.778697785;35.75548555;-0.478530243;0.303354087;-0.264743538;-0.010202617;-6.561939673;-4.742913298;0.405699902;-0.545279814;27.3291668;79.01132659;35.49455672
1032;10.64183366;4730.440445;2.699252626;10.03296743;0.011841708;8.000786621;0.011210654;52.7103712;1.91923301;-0.037995569;-0.004272347;0.787131539;0.082338228;-3.791376014;-2.818298992;0.135276053;-2.283373597;28.1467976;12.56515053;37.74203505
1033;12.27336076;4857.338565;1.70217982;7.896654865;0.009877568;4.383739937;0.016577708;25.80266457;9.8044667;-0.058290502;0.084689004;-0.023030332;0.003226232;-4.707034251;-3.035427211;0.345321351;-0.395190444;27.8462472;14.94945526;31.51649762
1034;8.413705833;4160.91816;0.689255107;10.52888627;0.006310968;2.835076722;0.062787447;17.01736539;25.37309697;-0.384228427;0.380870495;0.072243726;-0.00183974;-4.947580816;-3.00060315;0.399413494;-0.183528355;28.0373748;17.16742324;34.34126706
1035;1.907233928;2110.597739;0.074033987;10.52888627;0.005096691;1.53529778;0.002322163;12.65129918;25.51576486;-0.388196316;0.553301145;0.737812078;0.347052305;-5.229223682;-3.341988678;0.386442815;-0.64479658;27.6450838;28.52101616;28.01947934
1036;4.731308389;3746.785791;0.333861764;10.52888627;0.005611985;2.452648888;0.051367787;13.5710847;27.33544298;-0.270394088;0.118716483;-0.09725023;0.018079101;-4.864407461;-2.832313051;0.069093677;-0.455690413;28.1759761;21.98066955;37.45418758
1037;11.31953452;4241.471202;1.982018684;7.019257516;0.007839893;3.820255982;0.000882829;48.33543652;5.821404348;-0.097048673;0.102847791;0.019962687;-0.013159929;-4.100594969;-2.979385225;0.659031387;-1.70353618;27.2957326;16.28469365;30.59527838
1038;11.49020729;4878.277021;1.782362884;10.5288723;0.006484659;3.191580503;0.006828324;13.45407344;21.28206556;-0.114749553;0.069887011;0.163023723;0.014813577;-4.855930809;-2.656196639;-0.078016759;-0.62616182;28.0363526;15.19181329;35.47045707
1039;0.09880922;356.3626461;0.005215981;19.30293496;0.000321243;0.002016706;0.010881836;1.593430544;35.92638892;-0.435804159;0.138859087;-0.150264201;-0.021414844;-5.540018323;-3.088734324;0.433866054;-0.325914715;27.7079686;85.57348433;35.52478652
1040;0.110907611;303.0218081;0.002907968;21.51564078;0.000746556;0.01774378;0.009725678;2.418552781;35.68071117;-0.82643829;0.568255168;-0.459369468;-0.359516932;-5.861170407;-3.883167998;0.566420918;-0.918974772;27.6232986;79.5453862;28.89445706
1041;0.123786569;469.7667701;0.005499414;24.26212576;0.000718363;0.011341321;0.016397369;2.142781844;35.63340936;-0.688192548;0.42695403;-0.145656402;0.329246747;-5.341650499;-4.829872603;0.382657352;-0.150453397;27.9607799;77.48409301;46.64395229
1042;0.129800821;541.2548457;0.006156113;41.12368485;0.000725525;0.001127256;0.004156911;2.846882165;36.00840793;0.440076978;-0.03585948;-0.602913512;0.043383184;-6.339991958;-4.638377337;0.104436605;0.21518535;27.3973785;78.64285948;52.73983028
1043;14.20338911;5520.41119;1.824671656;10.41443823;0.008771028;8.231617189;0.004310147;37.45168808;6.498147835;0.000304771;-0.038301011;0.240428908;-0.009871044;-3.463594885;-2.960885294;-0.337345031;-3.935701388;28.4195128;11.50873313;36.92400294
1044;6.45110455;4589.305146;0.978864117;7.095551677;0.005769717;2.069862362;0.001850679;34.39242529;15.9413132;-0.133975428;0.147099044;-0.180763839;-0.171244268;-4.157595727;-3.3947253;4.355921464;-5.444409645;27.6290051;18.26197915;45.76113291
1045;0.106826725;433.999267;0.004017238;23.34666107;0.000360873;0.001864361;0.010806783;1.600809186;36.01184123;-0.188909798;-0.018616102;-0.143508414;-0.045966347;-4.780594842;-4.419551055;0.517515063;-0.000475626;27.815287;83.10842724;44.59909705
1046;6.307244876;3994.663662;1.673336654;8.545205159;0.011045986;7.048363279;0.010311233;69.78392615;1.53203298;-0.036316694;0.06958261;0.586324848;0.252007991;-3.8863166;-4.555227496;-0.444270314;-1.105607357;27.8080796;21.6339836;34.51225943
1047;3.807025519;2326.459475;0.074019728;10.52888627;0.004199567;2.006954485;0.0496536;11.7198607;29.72960941;-0.457166868;-0.039063743;0.371968904;-0.121855974;-4.489626389;-4.450313408;0.390531601;-0.508089336;27.9939473;42.94835934;42.99865188
1048;0.111868979;499.9000235;0.004527851;41.50516113;0.000406029;0.00121632;0.006594485;1.671761716;36.06295954;-0.175481724;-0.040284241;-0.496434693;-0.015630071;-5.998216486;-4.68861184;0.320465363;-0.106700354;27.4797135;80.38323218;52.16387797
1049;7.841937755;4822.469552;0.785319215;9.38445034;0.006188293;2.726661353;0.000433352;54.10298011;8.96634871;-0.053102267;0.077211868;0.252004647;-0.041397804;-4.800432822;-4.689861864;1.023705072;-0.001586703;27.7717518;17.41433126;41.18289212
1050;0.126714782;488.5848495;0.005927786;36.77476573;0.000414599;0.001155142;0.010018428;1.62680026;35.95919673;-0.44434888;0.291756386;-0.688806449;0.093399834;-5.94232959;-4.851256002;0.291677684;-0.002657271;27.5210319;77.46018888;47.17403844
1051;0.110984296;455.5227145;0.005565711;27.31405251;0.00038736;0.001636771;0.007367462;1.631778077;36.00192254;-0.316782147;0.03509622;-0.165089513;-0.009817112;-5.259579267;-4.668017069;0.373072617;-0.092337136;27.6983544;81.89830821;44.8045661
1052;10.90177203;5205.866133;0.497877583;10.52888627;0.007139057;3.104080745;0.047121192;18.32964248;24.19395987;-0.260018271;0.256202882;0.161234542;-0.207793425;-4.668448153;-4.669429311;0.417198904;-0.31302198;28.0529828;19.96973956;42.34383459
1053;0.106267353;447.6321451;0.003411454;12.51259786;0.001133508;0.068218056;0.010343669;3.039629915;35.2000461;-0.688497046;0.576799322;0.170925653;-0.014325079;-5.54984584;-4.80864711;0.426098816;0.134749187;27.9804949;84.18102311;45.4047402
1054;11.90690879;5444.321799;1.52442341;10.29999744;0.01007823;4.880939136;0.018600785;27.18957932;10.07150705;0.010528889;-0.026245935;0.082333375;-0.042810697;-4.063667577;-4.188811823;0.30721106;-0.636601592;28.0668131;15.81221087;39.45155623
1055;0.11769134;497.0653926;0.005043217;28.68740132;0.000421585;0.001440853;0.002418595;1.708755651;35.87908575;-0.347910967;0.067751003;-0.125732438;0.028127778;-5.620702424;-4.683607473;0.240328713;0.066688783;27.5443269;80.26046543;48.30491258
1056;7.43972;3835.359705;1.284802542;10.52888627;0.005859606;3.062508616;0.003677819;12.13475357;22.25180043;-0.042115419;-0.02838226;0.186074938;-0.143264773;-4.081807982;-3.56736091;0.228626359;-0.796401048;28.2508978;21.80398089;41.62311171
1057;0.274563529;544.0121069;0.020931551;24.87250837;0.000557436;0.043056943;0.021815262;1.60754228;34.86663731;-0.682088556;0.274971877;-0.240722958;0.039452011;-4.543220682;-4.382548469;0.54616521;-0.432904418;28.1144717;68.02294715;39.99680273
1058;0.113395906;482.833553;0.005204094;39.06371363;0.00059278;0.001066499;0.007235322;2.150570972;35.97750809;-0.083315246;0.032959729;-0.488313945;0.013839581;-6.096680705;-4.83024029;0.22901113;-0.070428095;27.3080742;82.28373214;49.67122768
1059;10.00397421;5369.096313;0.883820464;8.31628218;0.007920771;3.48755178;0.000686912;37.98700558;7.2046774;-0.068972035;0.086977843;0.093843779;-0.00833171;-4.658426809;-4.681632393;0.775394704;-0.347867974;27.928286;15.56230694;39.39215588
1060;0.12763823;487.5313883;0.00559401;27.1615379;0.000392848;0.001311285;0.00891426;1.61662999;35.89587111;-0.404675328;0.132450317;-0.092919391;0.039530305;-5.760472753;-4.749367859;0.418892783;0.144456964;27.5190429;76.71927874;44.58741562
1061;8.008837328;4397.852181;2.073867109;7.019257516;0.013359207;8.522684017;0.012302786;52.70869284;1.371812573;0.006714356;0.004577443;0.059274157;0.041176077;-3.598114272;-3.735677703;-0.458642675;-3.354110405;28.1615592;15.99070801;35.89519573
1062;0.300465326;724.1304864;0.009892506;26.01698264;0.000546773;0.029332695;0.02032311;1.879356316;35.69864569;-0.702536289;0.401012982;-0.435348216;-0.303380402;-4.95972819;-4.687987447;0.290435662;-0.240161198;27.976296;72.09001652;44.82401723
1063;2.153338208;2937.615261;0.067783354;10.98665654;0.003589746;0.903036764;0.000725199;12.30534316;29.79824299;-0.543229138;0.682393753;0.20676518;0.673923534;-5.488492189;-4.67242069;0.660682237;-0.525027345;27.8935494;41.02871398;47.77136515
1064;0.118027861;528.5966393;0.005336876;34.7910814;0.00065701;0.001097937;0.005033301;2.416191124;35.9218116;-0.163579592;0.152592809;-0.56104527;0.076748155;-6.133598683;-4.820732499;0.163373954;0.178523341;27.3271924;80.14602907;53.00910865
1065;0.133426071;605.4555491;0.005206243;18.46364464;0.00106262;0.10527686;0.007223891;2.856563817;34.40275659;-0.547502149;0.624408945;0.152910011;-0.279493768;-5.895716281;-4.846372464;0.172430003;-0.263438104;27.8478113;80.12320912;49.50744217
1066;0.188968125;523.0529138;0.013382901;32.65484028;0.00035033;0.001926983;0.019873366;1.454616407;35.71733714;-0.538346604;0.226142332;-0.514228923;-0.112038459;-4.842496161;-4.601351275;0.596707928;0.112562828;27.9100658;73.43699524;45.75536232
1067;1.189517446;1937.353642;0.023126043;10.68147968;0.003812306;0.803221997;0.001091077;9.34684336;30.86946793;-0.692769006;0.469374067;0.286079731;-0.491885807;-5.206338948;-4.831227465;0.795975321;0.084753936;27.9572986;53.65005227;43.51962601
1068;1.68546013;1445.314786;0.040755491;10.52888627;0.004217435;2.393640646;0.055797955;10.61980915;28.15866043;-0.263374869;-0.05127117;-0.019808865;0.04120701;-4.274448788;-4.099375982;0.230590417;-0.652507827;28.120716;41.00914879;41.82141064
1069;0.119055455;470.2953934;0.004675347;33.07444723;0.00035874;0.001537139;0.015389969;1.516678434;36.05380422;-0.366679548;0.14938774;-0.560614757;-0.098556715;-5.386156167;-4.794382374;0.499818629;0.239200246;27.7638055;82.85220034;47.60501802
1070;7.742059149;4972.092967;0.904925857;7.019292674;0.006367119;2.403311194;0.000409532;50.92902759;6.64695769;-0.025635789;0.151371629;-0.266903496;0.091928738;-3.778214828;-3.602044144;-4.300974214;-5.281599369;27.7347545;16.96319139;42.71022389
1071;0.122823142;490.4616299;0.005109527;30.67112757;0.000381127;0.001189108;0.009549357;1.603566186;35.89434499;-0.356456166;0.155034138;-0.287542837;-0.019818513;-5.914505862;-4.790300373;0.336082048;-0.148195925;27.4240378;80.44209487;47.85331061
1072;9.516497325;4314.962515;2.072874043;11.10111201;0.010989614;7.282837948;0.008080292;64.27860857;1.024658928;-0.034485838;-0.022278353;0.816759454;0.12516555;-3.565679879;-3.93599882;-0.692851826;-2.045600431;28.2538099;13.98676806;36.0556327
1073;13.96659768;6271.327674;1.687274363;7.896654865;0.010334457;4.849581127;0.013936354;28.3909551;5.093179475;0.006714051;0.005340794;-0.003278295;0.108673771;-4.294878269;-4.535961889;0.595061487;-0.343393401;27.9458931;12.77968723;39.42300983
1074;9.413109824;4972.160432;0.428733495;10.52888627;0.006635893;2.953321818;0.049180181;17.14922899;24.48805409;-0.263680536;0.119022103;0.311066027;-0.169760377;-4.45061667;-4.509989862;0.590610543;-0.44200291;28.0769305;16.1910137;45.19166689
1075;1.301898007;1905.142233;0.059024893;10.83407491;0.00410686;1.00394473;0.00174294;10.07057671;28.9445221;-0.358593451;0.419324295;0.815206491;0.091742542;-4.987937442;-4.745370848;0.450506887;-0.324309864;28.1418291;38.20226071;42.90446951
1076;7.331394637;3970.294285;0.538965341;10.52888627;0.007387542;3.54708393;0.044546861;18.23039254;22.69052742;-0.097049179;-0.04242096;0.174514011;-0.080705585;-4.201140937;-4.149422495;0.428853002;-0.619920361;28.0889995;20.78617415;41.71961971
1077;9.731948086;4815.912026;1.486592587;7.019257516;0.007051964;3.680218514;0.001084075;66.31611461;2.496413139;-0.074007232;0.049440393;0.194523583;-0.003246824;-4.196292247;-4.490811592;0.669070233;-1.148085321;27.7262344;16.0710172;38.13745786
1078;12.71038319;5348.430148;1.62757253;10.5288723;0.008435266;4.807977665;0.006055768;26.872923;11.58557727;0.0411999;-0.028992615;0.008236037;0.004939426;-4.017625377;-3.726442176;0.290655839;-1.023486165;28.1782797;13.90071606;38.01936825
1079;0.106868653;424.6818314;0.004713741;24.33852245;0.000365008;0.001750394;0.010989196;1.584400664;36.03472985;-0.306405599;0.053407145;-0.290176288;-0.055812142;-4.933295514;-4.547606456;0.536102154;0.01919747;27.7179174;84.14219264;44.19209421
1080;0.110360178;438.3089821;0.003823819;24.10951302;0.000505846;0.004481154;0.017468766;1.755965997;35.9279148;-0.618914775;0.391858221;-0.969793373;-0.012607484;-5.531072845;-4.82870733;0.270262824;0.046661094;27.9095952;82.00946275;43.79683958
1081;1.228725693;1986.806245;0.013871053;11.90220135;0.003271407;1.515272502;0.001427467;9.811154505;28.94298142;-0.394299344;0.388500827;-0.101005715;0.078910855;-4.824544478;-3.290031103;0.418512204;-0.123233868;28.5148603;58.5585799;45.17068402
1082;0.224704534;937.8169785;0.00835848;21.70628432;0.000609352;0.001106644;0.007507929;1.942043885;35.17677865;0.103457489;-0.319375529;0.441346609;-0.096087868;-6.365605377;-3.533459094;0.097482911;-0.008989625;27.5626673;67.62206344;50.28819377
1083;12.9815865;5640.258997;1.901125452;10.41443823;0.008719156;9.264787714;0.003691054;54.18209521;2.455592098;0.001983369;-0.025178025;0.37545644;0.013185253;-2.978105692;-2.208428269;0.218388465;-3.106384975;28.7071517;12.75071037;38.14169824
1084;7.295098417;4499.947072;0.72441573;7.095551677;0.006208821;2.545476213;0.002655501;40.95806238;13.9293917;-0.223089024;0.252998013;-0.365049083;-0.190152075;-3.833883661;-1.920578618;4.655895762;-4.311094747;28.0926039;16.75499092;39.57116621
1085;0.164787433;625.4837853;0.008355076;13.80963745;0.000817557;0.075248519;0.008733986;2.146506726;35.32898818;-0.238654861;0.035096535;-0.397129029;0.153308487;-4.430377755;-2.794968075;0.475865996;-0.231727716;28.4381328;71.56913548;47.90792125
1086;8.2196498;5088.545585;2.088137418;8.545205486;0.011170547;7.403159756;0.010024981;77.36659725;0.463882136;-0.041199668;0.112308449;0.518789194;0.317854617;-3.473163672;-2.981264154;-0.17205764;-0.801334325;28.4085377;16.65063279;40.34975459
1087;2.980265956;3205.199454;0.359209434;10.52888627;0.007989257;4.390250174;0.045969489;22.3205503;20.36043;-0.305184916;0.210577586;-0.046236492;0.138269653;-4.169957216;-2.918583888;0.36973007;-0.445413234;28.7334033;32.05302477;43.16514329
1088;0.132751376;553.1177943;0.008072126;27.54293784;0.00104585;0.341079249;0.001131691;3.382516307;35.1069665;0.045777777;0.204168976;-0.382401241;0.06863187;-5.895846985;-3.574832544;0.316693998;-0.12019514;27.7276923;74.96248951;47.01655351
1089;9.016257296;5053.614147;0.621723812;9.38445034;0.006907364;3.519011461;0.000448873;61.09032437;4.870765782;-0.090334929;0.143742285;0.515646412;0.040736044;-4.355151107;-3.061198791;0.722407234;0.024224332;28.1018826;16.22794864;39.8776553
1090;0.242793494;865.8217448;0.011272215;15.94594029;0.001972185;1.157613588;0.003981849;6.424315021;32.93405304;-0.22522611;0.261543247;-0.513249227;0.05693814;-5.779930428;-3.390077611;0.278658235;-0.003636284;27.9849168;68.4827025;46.36783469
1091;0.130996229;617.84463;0.004962558;18.69260979;0.001093596;0.143103093;0.000702906;2.933392245;34.94827073;-0.383922767;0.151981933;-0.15871001;-0.192724722;-4.800363731;-3.141037958;0.52609471;-0.371352564;28.2961901;79.22194804;49.05786632
1092;7.469484967;5158.943045;0.975693925;10.52888627;0.010889223;6.168780312;0.039907314;29.03268361;13.6807103;-0.28122844;0.368968909;0.233717472;-0.029951046;-4.196508727;-3.083833661;0.308794736;-0.374733766;28.6368719;19.1934447;46.44360864
1093;0.737367251;1704.548754;0.009830562;10.98666035;0.003529969;2.057856739;0.001510032;10.74162697;28.45392541;-0.487075602;0.444960092;-0.366456346;-0.02329133;-5.15158717;-3.352684604;0.358227201;0.102541782;28.4798118;62.4676617;43.90018221
1094;10.5881562;5346.131139;1.540124139;10.29999744;0.011243394;7.420688124;0.022777964;41.4451428;4.933335944;-0.025788212;0.062105188;0.111971213;-0.013193876;-3.69586396;-2.759557973;0.45198671;-0.359381996;28.3663501;15.01781869;40.9737689
1095;0.151231622;587.4233286;0.004902195;21.13406726;0.001153079;0.333909414;0.000642612;3.63146834;34.97649973;-0.317697939;0.192266319;-0.463687476;-0.148288982;-5.311009441;-3.371921525;0.461367715;-0.326503267;28.0702664;78.50899589;45.64921342
1096;5.90196086;4903.992472;0.375013408;10.52888627;0.006068719;5.078310867;0.003368741;20.52869971;15.18676506;-0.159306552;0.119327218;0.227241845;0.029632185;-3.710071624;-2.460687216;0.23640412;-0.408238411;28.5709425;24.22182853;45.3906477
1097;0.537822099;1180.411588;0.011966435;14.03846306;0.001800025;0.752416229;0.009690161;4.84207675;32.36257792;-0.532852843;0.435498918;0.136489825;-0.206078527;-4.133251316;-2.760629871;0.574941256;-0.263452492;28.7182661;57.40725939;42.90356152
1098;0.172663585;683.5544695;0.008379931;23.57555175;0.000941929;0.306580956;0.010652677;2.932925526;34.70870145;0.158391253;0.004578352;0.199700292;-0.080092556;-6.114860453;-3.532735433;0.264260429;-0.096070915;27.8339501;73.4204448;50.72554485
1099;10.61138264;5884.459628;0.717724074;8.31628218;0.009084676;5.094344349;0.00079485;51.88718127;3.527202612;-0.081789972;0.137333517;0.228922237;-0.041350036;-4.198378798;-3.058047244;0.65510545;-0.407423275;28.2444866;15.08018927;41.99392025
1100;0.206778673;777.89819;0.008460605;21.51555855;0.001668255;0.804392274;0.00089221;5.637678654;33.83129405;-0.263679911;0.251472582;-0.201304852;0.009774139;-5.448398467;-3.429374195;0.486978297;-0.071419252;28.0726231;70.25436425;44.87077834
1101;7.200541738;5140.727184;1.72811455;7.019257516;0.012167182;7.962077166;0.009929809;70.63216176;0.362408744;-0.006713799;0.024109272;0.116907259;0.074109318;-3.194498585;-2.622651972;0.022418308;-2.492804856;28.5290168;17.37893458;43.66423712
1102;1.096033848;1652.119151;0.038784654;10.8722233;0.003161278;1.264994066;0.002051922;8.695395925;28.39367018;-0.311441303;0.316324325;0.256661953;0.157918165;-4.459995851;-3.159944448;0.25092647;-0.298295675;28.4258534;44.26432867;47.51125972
1103;2.027904794;2534.385276;0.04572729;10.52888627;0.005332936;2.862766796;0.000333482;24.05989793;23.10707106;-0.550554108;0.698874099;-0.030762614;0.341773832;-5.184009077;-3.033786449;0.527918548;-0.380325523;28.3889119;40.31808039;42.55552404
1104;0.348918115;1027.01636;0.005433496;21.05776215;0.001104283;0.386881049;0.010179971;3.318287478;33.88012176;-0.097659673;-0.042725263;-0.677798335;-0.044376341;-6.152361023;-3.477594569;0.20789853;-0.195294395;27.6810667;72.18730014;47.34391714
1105;0.741608921;1373.900276;0.0081017;13.12291571;0.002918009;1.620004158;0.000661547;10.6920954;29.97757224;-0.554215636;0.571306034;-0.653315336;0.146011449;-5.775322292;-3.266908242;0.184698281;-0.23781643;27.9663938;72.06393305;41.70090385
1106;0.354415136;980.3913009;0.009745196;18.19664134;0.001649868;0.52998294;0.005671247;4.429251987;33.30064945;-0.47120578;0.371715576;-0.145292294;-0.13855468;-4.40105931;-2.981888562;0.573533718;0.049390121;28.5867908;64.37141724;48.73066588
1107;4.202448978;3946.514166;0.059267725;10.52888627;0.006510328;3.633550174;0.000534298;19.6310104;20.2902322;-0.583513619;0.5096588;0.236802486;-0.023627906;-4.742380956;-3.251230551;0.626985714;0.047542604;28.5301124;32.82484287;42.17888012
1108;2.730139829;2889.68632;0.148331412;10.52888627;0.006289161;4.216115379;0.047887323;17.09869603;22.47077073;-0.279549545;0.168767495;-0.247079663;0.024668646;-3.949229763;-2.675699984;0.209617282;-0.288504019;28.5900034;31.68438782;43.28515867
1109;0.209223491;930.7061219;0.007067641;16.97592795;0.0016217;0.4535713;0.000603485;4.708640508;33.21863811;-0.425580529;0.309915198;-0.191695222;-0.066051253;-4.852050399;-3.223170021;0.575079456;-0.068964473;28.2270289;72.99399658;45.51436317
1110;8.165904787;4925.75326;0.579394567;7.019292674;0.006591475;2.672266309;0.000404265;57.76496686;4.603741717;-0.053102632;0.223395569;0.02673897;0.167302534;-3.455550205;-2.185557219;-2.506815275;-4.939880356;28.1437001;17.53460629;41.94029821
1111;0.180342642;782.0089855;0.00727358;21.51555481;0.001555372;0.826697386;0.002688063;5.086099088;34.26618075;-0.059816461;0.20081179;-0.451347654;0.039828148;-5.755324572;-3.483470516;0.31564009;-0.181932084;27.9643104;72.92756698;47.92400041
1112;10.75767862;5131.246741;2.169332316;11.10111201;0.010768869;6.850902791;0.008023792;72.30464275;0.37003706;-0.022888817;-0.013122823;0.625746726;0.138335408;-3.183541494;-2.720974076;-0.212437303;-1.545576656;28.5539198;14.86633131;40.29474305
1113;11.86109575;5830.642626;1.470247073;7.896654865;0.012174702;7.70213217;0.016245861;41.73948203;2.04856734;-0.006561569;0.057985233;-0.023029796;0.082291095;-3.89495719;-2.937984108;0.444576603;-0.253335573;28.3989031;13.04517021;41.40974767
1114;8.76695969;5329.527129;0.666262352;10.52888627;0.010380112;5.862489727;0.03721564;28.04814719;14.76027986;-0.263984884;0.27222473;0.101951048;-0.033076724;-4.043394829;-2.92889605;0.433502813;-0.434253835;28.4466169;18.97124758;45.56759932
1115;3.207209347;3688.789223;0.301277225;10.52888627;0.007503676;4.082464342;0.000877205;20.16801563;18.24091323;-0.401013115;0.490127334;0.319157393;0.268215327;-4.499586413;-3.161393363;0.436006661;-0.462612087;28.5493557;28.33936061;43.15986212
1116;8.301678066;5028.494465;0.831849535;10.52888627;0.009073565;5.902145088;0.03394412;24.92034046;15.1257488;-0.177617947;0.134586638;0.204154883;-0.018157582;-3.854438558;-2.682549347;0.411308444;-0.3688178;28.7281388;18.61875755;43.62406078
1117;9.371734642;5240.223606;0.924570052;7.019257516;0.007502608;4.202796457;0.001147681;71.42680525;0.978116969;-0.086824983;0.086825552;0.145107184;-0.006553407;-3.829078704;-2.915310244;0.744326521;-0.956895712;28.1596541;16.27747986;39.66400414
1118;11.56801407;5807.789175;1.202992545;10.5288723;0.008526757;6.738882716;0.007283484;42.89815456;6.848342465;-0.030213296;0.033265157;0.009880442;0.006582692;-3.614051383;-2.548265825;0.268170608;-0.42923147;28.5780352;15.06517939;41.20824548
1119;0.138991811;613.886735;0.006781412;17.47183548;0.000939113;0.103682069;0.006140444;2.376437216;34.80483564;-0.334482496;0.124515354;-0.32645964;-0.034519222;-4.510191139;-2.932425614;0.557697504;-0.197158701;28.2897677;76.48727781;47.62657604
1120;0.409044966;1409.759321;0.00587373;12.36001055;0.002787694;1.41836483;0.001309344;8.784763451;30.71535535;-0.39429933;0.365611646;-0.247671745;0.03286893;-5.098511951;-3.367838798;0.416031424;-0.14040134;28.3096937;71.33135146;43.07128055
1121;0.764307008;1526.789845;0.012669031;11.21553319;0.002865216;0.612764114;0.00410889;7.508563838;29.33895082;-0.487685026;0.560319268;0.658749055;-0.286108762;-5.629070811;-1.851865415;0.173690681;-0.10825509;28.992262;58.81306874;46.09314373
1122;0.181189989;588.4511969;0.00759993;13.61888706;0.001267323;0.269678677;0.000141935;5.050817019;33.83739688;-0.081484112;-0.03814852;-0.456446398;0.113548296;-7.062921425;-2.684988623;0.174466621;-0.201573449;28.4885825;69.78891009;42.85822196
1123;11.88177988;5770.2886;1.214451947;10.41443823;0.008399402;8.302166278;0.002743714;61.33334374;3.688539215;-0.039368776;0.022888313;0.717982914;-0.204186553;-4.421716986;-0.992295791;2.374166961;-3.245852798;29.3821572;14.05414902;39.14826567
1124;7.508680622;4865.920732;0.749504708;7.095551677;0.006465508;3.537145167;0.003438686;59.0573398;8.716839485;-0.300910688;0.33234594;-0.348517406;-0.209004836;-4.210166448;-0.691290096;5.534917462;-3.399337341;28.7733418;17.47742122;40.96552364
1125;0.109015683;456.9036948;0.005046314;12.66518256;0.000586636;0.002297558;0.01455805;1.318433268;35.86764114;-0.123295334;0.110782534;-0.757697946;0.029883596;-5.118731939;-1.187283886;0.162730099;-0.396878231;28.6769679;80.64312158;46.02190194
1126;11.68109834;5722.81151;1.92416981;8.545205486;0.011353038;7.57283;0.009408868;75.74712486;0.128177752;-0.048829298;0.173955771;0.449605468;0.38205248;-4.595271377;-1.27977601;-0.263135884;-1.080656271;28.958484;13.46687864;39.75381743
1127;1.175729039;2036.521803;0.028367934;10.52888627;0.005794951;2.935594353;0.07493603;16.52525885;25.53179582;-0.418714109;0.316171507;-0.352642145;-0.033036975;-5.277626131;-1.453900957;0.162921366;-0.160363074;28.9532558;41.89539012;49.04859138
1128;0.145506843;526.4077299;0.007184841;22.04962812;0.001345014;0.243994204;7.12E-05;4.007151135;35.58610797;-0.237434136;-0.104067637;-0.365565223;-0.036858913;-6.296816175;-2.429598658;0.321605474;-0.093775645;28.4939804;74.9302422;44.69970262
1129;10.74382936;5683.417197;0.659277588;9.38445034;0.007203146;4.435832622;0.000557691;78.19987903;1.327562787;-0.10620467;0.189520179;0.771091784;0.103144648;-5.089962906;-1.265221009;0.141559709;-0.123799573;29.0904628;15.06140281;41.01438891
1130;0.772566729;1256.545821;0.016533316;17.77703796;0.002908351;0.983792106;0.000171135;8.41161284;32.76925636;-0.477003861;0.43000529;-0.512518543;0.041737447;-6.373179087;-2.159875289;0.231007202;-0.248280022;28.7279521;53.72559521;45.87177416
1131;0.105194874;440.1391505;0.005318541;19.22668189;0.000623862;0.003714872;0.013339853;1.445434634;35.79515975;-0.313729894;0.213629131;-0.84555901;-0.044058503;-5.326295068;-1.705806378;0.381249848;-0.309084346;28.3670757;81.97897443;44.94071487
1132;8.969648797;5483.730505;0.489597762;10.52888627;0.010119558;4.931470476;0.053697509;26.30769181;14.1919154;-0.295267219;0.531175095;0.395178272;-0.191495887;-5.252190067;-1.632901957;0.035063675;-0.384084268;29.1990137;17.84121688;45.97976339
1133;2.687659732;2959.254462;0.051370684;10.52888627;0.004709134;1.643971699;0.000442389;11.94111877;25.76676421;-0.56215116;0.606097747;-0.207962541;-0.267581126;-5.833879421;-1.946779344;0.102119354;-0.025205389;29.0132146;43.03986509;47.20194118
1134;11.4923346;6165.983555;1.122754935;10.29999744;0.010309431;5.735854895;0.03697057;29.30648602;10.5304377;-0.101169105;0.134434097;0.118548195;-0.138369238;-5.13051378;-1.276578325;-0.103383459;-0.34574432;29.083276;14.4431747;43.97027824
1135;0.104912964;473.0833137;0.005001963;19.37928266;0.001100232;0.0676597;0.003043337;2.803751819;35.82491525;-0.278023167;0.061647392;-0.580967304;0.04866863;-5.722297123;-2.047658396;0.251372963;-0.219365332;28.2847411;83.622551;48.79852931
1136;3.775647155;3874.268227;0.062907153;10.52888627;0.003926216;1.194088164;0.00237707;9.098105;26.31762408;-0.298165755;0.232856221;-0.060940536;-0.130101216;-5.430815738;-0.990895254;-0.207667214;-0.530140092;29.2756748;27.57994037;47.06269164
1137;0.137809611;514.1840918;0.007722911;20.98121277;0.000500314;0.002676821;0.01729381;1.250224451;35.81041879;-0.942107153;0.662861729;0.264790164;0.006276038;-5.243188961;-1.16967294;0.299708707;-0.056647953;28.7063133;76.73742526;46.63735418
1138;0.192467128;623.6267697;0.011896346;17.62444006;0.001673014;0.617268635;7.33E-05;5.389750295;35.01464922;-0.272224678;0.038452878;-0.530340503;0.04550552;-6.657889125;-2.504842208;0.276361922;-0.23956504;28.5860269;67.67045521;45.34845775
1139;13.36356788;6564.482461;0.781584116;8.31628218;0.010151434;6.332373885;0.000757882;52.97922454;0.194558126;-0.099490736;0.172429757;0.082306182;-0.113837013;-5.124040455;-1.425152311;0.203840138;-0.396588255;29.0734244;12.84073471;43.72408909
1140;0.275303464;827.9858095;0.007238148;17.24293199;0.001816644;0.348877845;0.000595225;4.666813842;34.94827266;-0.382091796;0.280159555;-0.221157887;-0.355869813;-6.011389029;-2.120090747;0.295348758;-0.128528164;28.6965505;71.17368708;47.19799055
1141;12.04952006;5761.770914;1.813069531;7.019257516;0.012775149;8.193600707;0.008975029;74.64958305;0.191510422;-0.039979141;0.070497378;0.245348046;0.095512634;-4.604868941;-1.061144575;1.034667;-2.990096101;29.0833015;13.31926709;41.13854029
1142;0.566093872;1133.980846;0.014794068;14.2292948;0.001735873;0.301185155;0.007491369;4.614447686;31.57217992;-0.488907782;0.500809103;0.908870307;-0.640033787;-5.276503429;-1.70588479;0.121833877;-0.276004398;28.9062198;57.06409072;45.02009649
1143;9.929396189;5201.797991;0.616200001;10.52888627;0.006665391;3.909717479;0.000370647;34.33741976;16.75006232;-0.634784832;0.811181924;0.193379932;0.288390294;-5.823926153;-1.576649128;0.315663167;-0.565084852;29.180205;20.56093268;44.60113695
1144;0.383784357;824.8701;0.014628118;18.61631868;0.002142726;0.911569777;8.58E-05;6.845406458;34.71938055;-0.396740835;0.307627079;-0.51293305;-0.045867179;-6.743288685;-2.50209938;0.224870415;-0.18608838;28.691451;59.11100208;41.81798484
1145;1.85560624;2471.724341;0.055122236;10.5288872;0.004602944;2.215010698;0.000227509;15.79623477;25.77746585;-0.737326428;0.738547516;-0.510089952;0.527125135;-6.401065253;-1.996414024;0.05172755;-0.623682002;29.0142039;36.18238673;40.54289909
1146;0.117840558;477.957845;0.00580136;20.56184938;0.000505986;0.002703489;0.017552757;1.251437637;35.62425462;-0.76525171;0.598773358;-0.478156598;-0.115564934;-5.190279835;-1.437391718;0.179716603;-0.046456936;28.567087;79.38386837;46.19532688
1147;8.279554296;5419.970235;0.671048479;10.52888627;0.007548178;3.548247532;0.000539771;20.86662422;15.61327152;-0.59694197;0.625018811;0.520199421;0.074962769;-5.584328717;-1.698808158;0.239742432;-0.07412916;29.3125623;20.23455668;45.41321492
1148;0.715397039;1433.170126;0.026213967;10.52888627;0.003262187;1.86788695;0.070448594;8.175260608;30.95491379;-0.486464941;0.221259243;-0.268536648;-0.084012753;-5.35886588;-1.226127431;-0.233370711;-0.204077573;28.8927884;49.41049905;48.8524734
1149;0.1212251;496.0698097;0.006030315;21.28662856;0.000842822;0.017161807;0.008873367;1.940783862;35.36141838;-0.500503326;0.372935947;-0.402511137;-0.072532823;-5.513004194;-1.839497037;0.371184491;0.092949617;28.4062708;79.7963285;45.14225487
1150;6.330216984;4671.851015;0.655348638;7.019292674;0.006924088;3.765135007;0.00045231;77.70172379;1.87994727;-0.068972412;0.234382688;0.402718436;0.176897057;-3.919052865;-0.826547716;-0.961522716;-5.836978844;28.9228494;17.24936891;42.66185724
1151;0.519909364;989.5326214;0.010732192;24.71995722;0.002014262;0.570643872;0.000120598;5.853883115;34.8887585;-0.394299189;0.216681641;-0.192545328;-0.05258495;-6.338479847;-2.276890742;0.364149518;-0.355411756;28.5546118;66.78946824;47.09165773
1152;12.91680763;5531.550011;1.860946674;11.55888447;0.010897421;6.787938028;0.007079794;73.8430682;0.074770356;-0.033722932;0.002136554;0.984741082;0.135035871;-4.317134245;-1.154916004;0.710393628;-1.58107652;29.1090346;11.94919965;38.84549565
1153;11.81988928;6131.058094;1.243534175;7.896654865;0.012043202;6.827395418;0.019179722;32.59156897;1.07845678;-0.024262361;0.122226714;-0.085598872;0.026268693;-5.075724052;-1.407753323;0.041033127;-0.449113418;29.0103629;14.32307989;41.61543087
1154;7.104275967;5074.281585;0.17264805;10.52888627;0.008974862;4.623009558;0.090299754;25.03883115;19.12289758;-0.368968436;0.435803505;-0.049624046;-0.107247412;-5.250627847;-1.512860242;0.161669971;-0.395412736;29.2469887;26.94944054;45.56156116
1155;9.690170202;5516.110238;0.669239964;10.52888627;0.00758214;3.12754978;0.001109103;19.22754907;15.95736374;-0.404370592;0.641804664;0.482373177;0.324036351;-5.430287951;-1.679240655;0.155359277;-0.243082466;29.1603102;20.37611646;46.20543217
1156;4.664739633;4220.512969;0.283017433;10.52888627;0.006924405;3.580654507;0.076158361;19.02930113;22.88813281;-0.305795564;0.238654349;0.037782554;-0.082395308;-5.29039293;-1.287712535;-0.032109574;-0.501325574;29.2789679;27.8696822;47.47713521
1157;12.78881881;6431.898913;0.82786605;7.019257516;0.007473793;4.633453435;0.001123386;84.78557092;0.283440084;-0.110171675;0.125431468;0.105569264;-1.45E-05;-4.615817809;-1.146038436;0.609860175;-1.214956284;29.1389458;13.8203617;43.53051917
1158;9.022253192;5754.535726;1.076368117;10.5288723;0.006654299;4.457673294;0.007773271;25.25864082;16.50820803;-0.135502087;0.13733306;0.031288282;-0.009887463;-5.312834588;-1.108759238;-0.054039294;-0.542449504;29.2708356;15.62838412;44.04538501
1159;0.107897268;445.8343835;0.00490453;15.94589822;0.000532083;0.002241603;0.016851646;1.266212921;35.83330795;-0.300911865;0.198980523;-0.973707037;0.036556757;-5.141614882;-1.406580729;0.306531177;-0.329686217;28.4816878;81.35599243;44.98690067
1160;1.196586823;1748.30153;0.015456402;13.42824601;0.002879524;0.643521178;0.000868434;7.254453736;31.30588317;-0.542009072;0.57435813;-0.228385703;-0.102549288;-5.80279865;-1.962732108;0.172987814;-0.169909542;29.085058;53.64727039;45.37747956
1161;0.441925293;1107.135126;0.015688808;10.52888627;0.001619809;0.238624042;0.002268836;4.863195148;31.60877331;-0.240181241;0.481277794;-0.707589332;-0.073944746;-4.514386208;0.346529234;-0.356088105;0.029077093;29.1328098;62.09346311;48.39408564
1162;0.484825405;1120.801778;0.017966758;10.52888627;0.003148998;0.984255155;0.00010892;9.665104226;31.57177995;0.178227943;-0.010223572;0.089942484;0.134350238;-4.788583466;-0.339245561;0.085051418;-0.426359632;29.1423112;55.68932393;42.78597235
1163;8.398032608;5670.101067;1.014360441;10.41443823;0.00691011;2.665848622;0.002107806;40.68719665;7.950811653;-0.06897098;0.096285227;0.991336014;-0.220667094;-4.93658183;-0.290565484;3.403810962;-2.611098735;29.6177514;16.01741009;48.37753875
1164;5.504629077;4573.687697;0.537129948;7.095551677;0.006526356;2.930992854;0.003229832;57.8798323;11.80532807;-0.307319653;0.345774437;-0.381838339;-0.060725019;-2.997571122;0.646095246;4.559212702;-1.21272276;29.020895;19.70112632;46.1044043
1165;0.123388059;522.9368363;0.00652123;13.58074684;0.000823765;0.016636976;0.005544348;2.338567972;35.72801904;-0.392468404;0.022889322;-0.763050064;0.097442214;-4.733638502;0.859215565;-0.382709759;0.028662601;28.9324023;77.71320887;50.03583379
1166;10.62801086;6235.728197;1.871795642;8.545204832;0.01378288;7.664625289;0.016901215;54.46376053;2.006600959;-0.054932905;0.29847172;1.088644871;0.34414821;-5.05350796;0.301429309;-0.32528148;-0.703549517;29.5924384;13.81507576;47.49307798
1167;0.363511039;1045.235391;0.014301015;10.52888627;0.004766067;2.652369515;0.073864904;13.94930406;30.41780437;-0.68117208;0.433362377;-0.566809812;0.151390182;-5.394523182;0.36559677;-0.146301921;0.317112342;28.848461;63.43125486;51.10391206
1168;0.526019596;1233.679866;0.023677922;12.58888448;0.002174119;0.545010784;7.85E-05;6.897900976;34.38520387;0.136722528;-0.075380633;-0.156323947;-0.048252688;-3.961873406;0.174683626;0.256775853;0.059000287;29.0613263;53.45219438;46.54883285
1169;9.244735191;5914.696338;0.506675866;9.38445034;0.007979024;3.909344478;0.000616691;60.06069274;3.295246845;-0.147404628;0.323496244;0.614487865;0.135959315;-4.571043158;0.633372164;-0.688490048;0.581065744;29.5038342;16.11069286;48.49966077
1170;0.731363783;1768.561713;0.022222203;10.68147839;0.003615021;0.889291605;0.000541482;9.511324228;32.70669181;-0.39460415;0.375071841;-0.621471445;-0.181538291;-4.265860028;0.233042794;0.125118156;0.004317156;29.242933;54.84084172;46.84487393
1171;0.12598703;506.7821171;0.007152931;12.35995335;0.001029377;0.048170898;0.002682383;2.934929672;35.8455151;-0.487380214;0.591448273;-1.254434771;0.347583533;-4.470814054;0.514877554;-0.423020614;-0.337100659;28.9785107;76.96811787;45.86530414
1172;5.894433574;4827.501375;0.336746696;10.52888627;0.008159236;4.295641787;0.110054315;23.63398318;24.34693427;-0.332500424;0.710471215;0.069074149;-0.675914931;-5.172674094;0.326121985;-0.417953793;-0.021838951;29.4772119;20.4642807;49.30227386
1173;2.00319146;2738.913907;0.048293999;10.52888627;0.00483384;1.347653541;0.000983535;12.67877887;29.04750854;-0.490127378;0.597552623;-0.330409906;0.049277754;-4.337318556;0.315262924;-0.389145871;0.127192012;29.347245;36.4559322;47.6975026
1174;9.720919321;6003.296741;0.878141536;10.29999744;0.007517824;3.169773351;0.074524465;18.20370954;25.95486212;-0.208746763;0.204626736;0.088890727;-0.042873052;-5.676445541;0.132051967;-0.42123107;-0.187514759;29.4365264;15.88101669;48.42351686
1175;0.129902972;516.944547;0.007369285;12.35999796;0.001790827;0.29646982;0.000126638;5.574053077;35.06958145;-0.011901747;0.450452959;-0.530417439;-0.420005294;-4.082733068;0.301632003;-0.332796078;-0.061663031;28.9690769;75.87608434;46.03483671
1176;0.62683661;1416.531952;0.035339045;11.90223058;0.002465903;0.154013023;0.000827591;2.903344355;34.89257361;-0.319833726;0.151371734;-0.001664389;-0.242075118;-6.072494683;0.277904403;-0.447013432;-0.22150214;29.458012;44.58173715;48.34487448
1177;0.123020144;513.1945231;0.00669207;15.33563356;0.000537841;0.00311385;0.011594618;1.478957566;36.0431231;-1.074861316;0.614947913;-0.469844555;-0.314797259;-5.368208052;0.678848198;-0.133550175;0.188539652;28.8830953;78.45769865;48.52343165
1178;0.47371249;1135.026837;0.034633667;10.60518284;0.002859003;0.785030699;0.000137774;8.092310139;33.37198792;0.057985307;-0.089419481;-0.200101274;-0.030699108;-4.35389225;-0.003765233;0.27806042;0.022191966;29.1718173;48.58606523;42.98006572
1179;11.50793006;6656.746738;0.878640112;8.31628218;0.009959828;4.133622531;0.000766314;34.8055428;4.387053527;-0.1104773;0.220954326;0.279907031;0.199099939;-4.831436291;0.398699805;-0.434717827;0.058121886;29.2251995;14.22531462;49.53175173
1180;0.383376489;1070.318166;0.016637592;10.5288937;0.001932918;0.284157784;0.000222018;5.680236933;33.24991641;-0.160527167;0.14648908;0.023079944;0.05028306;-4.098989172;0.273537993;-0.262378439;0.268779529;29.275231;58.32073724;45.31094182
1181;12.67142126;6765.460492;1.78454751;7.019257516;0.014250815;6.444807074;0.013366512;52.74707001;0.456283743;-0.066530845;0.147710014;1.025901906;0.418252335;-5.274901714;-0.115215138;1.624206237;-2.188395959;29.475656;12.33887469;47.02318905
1182;0.320358621;914.6293691;0.010431856;11.02481838;0.000906799;0.170364556;0.01078966;2.64600717;33.64552449;-0.476242253;0.624867505;0.81707939;-0.172256749;-4.825882729;0.520464534;-0.381324774;-0.115473391;28.8722565;68.37018221;50.32976148
1183;5.254051338;4238.781861;0.183329801;10.52888627;0.006917755;3.23105362;0.000462943;39.77778179;20.27799505;-0.501724325;0.822169242;-0.080536833;0.400618283;-4.378520504;0.52876206;-0.258733363;-0.076647701;29.5313872;21.25654099;42.20110648
1184;0.376876793;1126.256878;0.016246494;10.68148232;0.003879606;1.13502976;0.000274268;10.95039803;33.73973795;-0.013428462;0.073244934;-0.640499378;-0.183253612;-4.600480495;0.071265997;0.0980624;-0.133239802;29.1556661;61.99382031;42.32755741
1185;2.078983987;2967.879918;0.04616031;10.52888627;0.005850713;2.395336348;0.000285399;26.58549425;27.52007296;-0.580461397;0.799584274;-0.625927798;0.493531679;-4.455542803;0.362390864;-0.049414522;-0.180499482;29.5519272;35.1512176;44.60557529
1186;0.12184544;509.0711408;0.006609264;13.00852257;0.000659517;0.012531801;0.009077258;1.844092943;35.92562649;-0.973082707;0.64714526;-0.488218164;-0.039886644;-4.931519687;0.66411526;-0.428750846;0.198670581;28.9734926;77.64997208;49.75347193
1187;6.331902456;4953.026195;0.664321;10.52888627;0.006371179;1.917542893;0.000978571;17.402901;22.20679605;-0.49073747;0.641498758;0.464477493;-0.030481682;-4.577235124;0.372891913;-0.524166938;0.26179359;29.3804667;18.23046801;48.45074775
1188;0.200299207;698.2098748;0.013608201;10.52888627;0.002881937;1.647057741;0.062794618;7.46477527;33.22854763;-0.572527627;0.233161656;-0.283393786;0.383708634;-5.721708153;0.346193135;-0.555240403;0.153349416;28.8988722;64.91294213;49.64445953
1189;0.142770133;558.2657915;0.008369172;13.12296477;0.001069583;0.068168437;0.002968687;3.08113963;35.35417084;-0.470595602;0.796685443;-0.49141007;-0.18864613;-4.435103962;0.417833463;-0.348077664;-0.034792955;28.9145232;74.56544724;48.23732651
1190;9.133741542;5930.335709;0.353860436;7.019292674;0.007318087;3.266852791;0.000535529;75.9133814;2.549842091;-0.074465921;0.345470097;0.429308542;0.170087322;-3.290179137;0.692185247;0.577629287;-4.984652389;29.6614769;14.83098492;47.43556254
1191;1.000155737;1706.800752;0.032375532;10.68148032;0.002282376;0.445775783;0.000195597;6.405629924;33.64970737;-0.253914155;0.034181123;-0.548370327;0.073483497;-4.148468092;0.206071422;0.206929454;-0.131478545;29.2473817;46.64488959;44.43759598
1192;12.60954562;6307.216626;1.687403255;11.7877695;0.013159588;7.836515978;0.008844357;59.02939892;0.03585919;-0.044557024;0.017701096;1.231755055;0.138324382;-4.944116551;-0.014270532;1.393944595;-0.687307677;29.4131427;12.67434442;45.12081167
1193;13.06686569;6846.171301;1.266521287;7.896654865;0.009216758;3.662279609;0.049970371;22.66652455;14.81217494;-0.063936444;0.189825273;-0.102064786;-0.049510432;-5.394010644;0.212411245;-0.405220743;0.030017266;29.1858098;13.27658036;47.9236588
1194;3.388643302;3692.792771;0.054885364;10.52888627;0.006533127;2.988787626;0.059023397;18.94231826;27.8176236;-0.558488947;0.565202519;-0.07936509;-0.244057891;-5.499118567;0.216218939;-0.286784727;0.350947247;29.3617283;34.67654223;50.07396805
1195;6.435178505;5023.446319;0.670902748;10.52888627;0.00599364;2.048708343;0.014119925;15.8008162;24.02264557;-0.321055539;0.728477433;0.474323952;-0.002161011;-4.82054136;0.350526799;-0.357057975;-0.134730026;29.4171165;18.01533235;49.32986527
1196;1.438152195;2330.333544;0.036330414;10.52888627;0.004558162;2.017934338;0.048612226;11.18798791;30.82217563;-0.449537615;0.229498681;0.352264232;0.029585112;-5.77270912;0.172176336;-0.306423421;0.108785934;29.265461;42.04860499;49.32642214
1197;9.775242218;6293.128432;0.959705854;7.019257516;0.008797023;4.572213764;0.00093839;66.68924664;0.671790101;-0.13229753;0.168920325;0.039679634;0.006578303;-4.591629235;0.481133527;0.07725063;-0.413522259;29.6408442;15.59427839;47.74408204
1198;7.533996658;5299.56814;0.544513225;11.13923432;0.004321501;0.617915368;0.010661026;7.585505508;32.41750707;-0.17670241;0.209356873;-0.029632492;0.186073889;-5.98935802;0.117817308;-0.059408208;-0.171583961;29.4265624;17.35791268;47.9188035
1199;0.124331969;500.695791;0.007011962;12.36001416;0.000820422;0.021205741;0.005527825;2.30968874;35.74327837;-0.550553521;0.26306912;-0.922980925;0.098978672;-4.71087129;0.709461598;-0.359698401;-0.034435372;28.9503197;77.23952701;46.85368242
1200;0.445211773;1082.414669;0.013067136;10.68149211;0.002505936;0.499081332;0.001334198;7.113835039;32.04138178;-0.302743676;0.41932408;-0.68981021;-0.184069271;-4.339801363;0.31388028;-0.29539525;-0.071423496;29.2761929;63.91309162;45.65940695
1201;0.15187533;600.375359;0.007767718;15.33548367;0.001772537;0.214328048;0.002472957;5.032630295;35.45944732;-0.790426335;0.769676228;1.879015601;-1.047619026;-5.20048563;0.723038506;-0.214037114;0.039606604;28.3555444;74.00911177;47.04919726
1202;0.851889172;1574.360408;0.059736277;10.75777524;0.002563449;0.557427863;0.000116108;8.548296434;31.95326116;0.211493494;0.094149831;0.083719392;-0.094641518;-3.783718401;0.436157782;-0.200174939;-0.144695246;29.4207988;41.31321915;46.35906272
1203;11.10331379;6483.523363;0.971439651;10.41443823;0.006247028;1.009896638;0.001280483;19.55394956;17.33678368;-0.116579756;0.083772329;1.188955211;-0.233846903;-5.678741547;-0.84966043;3.667104002;-2.791554493;29.151242;14.18205425;48.88368816
1204;5.807522423;4685.633874;0.710992291;7.095551677;0.00617604;1.937938509;0.003193286;38.14534977;13.84320335;-0.275885838;0.311593743;-0.334209408;-0.009224846;-3.502079644;1.007177621;4.945060989;-1.154191219;28.7722709;19.23555329;47.23356153
1205;0.151671748;573.5738529;0.008862465;18.61629997;0.000616759;0.001982799;0.008610124;2.000625843;35.94775249;-0.284433027;-0.084535999;-0.550297658;0.421921966;-5.831066391;1.722824197;-0.219754215;0.117459421;28.3692906;71.97138161;47.37295602
1206;10.81469953;6078.169946;1.92234859;8.545204832;0.013257502;6.560993156;0.016412617;44.18463038;7.069634353;-0.084230767;0.420850824;1.105086624;0.353963937;-5.667125356;-0.072133269;-0.131536517;-0.571841412;29.2182628;13.40582125;46.46175685
1207;0.211369197;725.1940869;0.016465645;10.52888627;0.003695129;2.001926301;0.065795618;10.4305663;32.34046983;-0.735495389;0.340585909;-0.151851823;0.276619385;-6.109131068;0.615034549;0.033677348;0.49449786;27.8378814;62.61905763;49.71023922
1208;0.20028171;737.8440949;0.007826662;11.90223184;0.002040494;0.392749726;0.000782102;7.055263444;34.99176185;0.046998392;0.167242056;-0.708152922;-0.222149547;-3.972002359;0.85318044;-0.319619423;0.176154327;28.931485;71.01549754;45.29982975
1209;9.885587006;5924.070438;1.040062625;9.38445034;0.007734926;2.607700971;0.000724494;44.29020042;6.777414299;-0.126957236;0.310983927;0.977190899;0.401150885;-5.323124347;0.701452142;-0.66829986;0.283881344;29.0135005;15.69133749;47.75445047
1210;0.951992399;1856.36756;0.017594729;10.91036602;0.002214401;0.402086752;0.00011817;7.331197972;33.27586131;-0.305795046;0.76815063;-0.531368905;-0.06268687;-4.496822262;0.771204896;-0.465961181;0.352219853;28.8631931;53.62877448;45.75871156
1211;0.143545089;559.1608617;0.008498551;17.01413101;0.00052835;0.00345895;0.011236672;1.757820316;36.02252294;-0.480971078;0.280464927;-0.828893473;0.67239153;-5.263471067;1.287232777;-0.310510232;-0.157868775;28.6293397;72.66085908;47.41226177
1212;2.512374192;3207.792612;0.142292473;10.52888627;0.006302407;2.800172828;0.068699864;16.84875823;29.45685915;-0.489518483;0.865810364;-0.283420406;-0.877004188;-5.851051388;0.450875229;-0.313403059;0.55873333;28.9148283;29.53105147;49.50965134
1213;1.805478409;2465.414109;0.028661326;10.52888627;0.003294298;0.545631601;0.001020458;8.240725585;31.73466823;-0.665913349;0.964994745;0.151361444;-0.172684931;-4.983423441;0.640888814;-0.503706225;0.417423678;28.7247085;48.7215451;45.67252936
1214;10.23788571;6101.735472;1.071996572;10.29999744;0.006146908;1.925822845;0.042169207;12.96346052;29.96918514;-0.2887052;0.17517637;0.125098897;0.006538359;-6.475478072;-0.145331384;-0.085192029;-0.01201619;29.0694447;14.89546331;48.58387471
1215;0.143229652;522.911964;0.008359791;15.64074902;0.001054766;0.130927106;0.006901858;3.399973748;35.76387788;-0.278328496;0.362254395;-0.616893883;0.175057477;-4.610867389;0.975245038;-0.189789788;0.059679025;28.7429192;72.83736081;43.59975883
1216;0.567630433;1333.56252;0.031864872;16.2511342;0.002473243;0.038447735;0.00177006;2.300604841;35.94775178;-0.283211486;0.122379283;-0.111988251;-0.266772735;-6.824963182;0.03243977;-0.192691569;0.193257097;28.8994299;47.23562948;49.74658748
1217;0.12692569;517.3055261;0.006806987;17.31943192;0.000512615;0.002485135;0.013008479;1.72121847;36.18656018;-1.084322888;0.436108702;-0.385877954;-0.823498396;-6.197658133;1.115404832;0.135983135;0.347085158;27.9468213;76.20047944;47.98580638
1218;0.555696061;1485.120717;0.023620292;11.06295465;0.002506263;0.511913785;0.000125508;8.130423368;33.91064174;0.087588114;0.248420015;-0.658931803;-0.078008478;-3.921498032;0.704253718;-0.455899304;0.16330237;29.0592526;55.37757499;49.3631466
1219;10.87453481;6191.799099;1.074876142;8.31628218;0.00859544;2.509845772;0.000915534;25.68851514;17.51382609;-0.1666314;0.285042911;0.126750589;-0.515821648;-5.61482748;0.509759369;-0.212967199;0.192470429;28.9872521;14.54672242;46.95526711
1220;0.158565063;555.0397485;0.008825741;14.80156378;0.001707808;0.249900873;0.003175406;5.197677385;35.80584181;-0.44862156;0.643330078;-0.600399458;0.141810634;-4.585567667;0.725833093;-0.411234533;0.392722116;28.6275264;72.83771545;45.77285884
1221;13.0637815;6901.683718;1.793349019;7.019257516;0.013058243;4.900022617;0.013689776;36.33653837;2.034923964;-0.108951467;0.225836663;1.175727217;0.755817661;-5.92661448;-0.687140398;1.423366504;-2.446340912;28.9572585;12.4733572;48.15998962
1222;0.148126753;569.6146631;0.008548768;14.53445976;0.001286549;0.245991938;0.011717427;3.767077169;36.04007286;-1.041597948;0.794091596;0.012440722;-0.515042336;-5.531831481;0.956864342;-0.051051507;-0.243278597;28.136019;71.802518;47.90241538
1223;6.561673248;4556.1207;0.370507705;10.52888627;0.005481887;1.427582906;0.000589029;20.13791629;23.32374104;-0.415051351;0.81423368;0.260005062;0.212537458;-5.045261564;0.870874936;-0.470472977;0.264127057;29.0550959;19.38904058;46.58890112
1224;1.334044464;2009.815069;0.034613358;10.52888763;0.002145588;0.373361081;0.000107917;6.7870161;32.5678252;-0.126957673;0.316171888;-0.069418459;0.104570573;-4.154612106;0.743967386;-0.242970104;0.115263138;29.2709031;41.52491243;46.47740982
1225;3.695899824;3850.425612;0.405399107;10.52888627;0.003132771;0.642858502;0.000269427;9.879798527;28.41045131;-0.461134258;0.684835381;-0.132355349;0.112654543;-4.690728374;0.854177879;-0.585034269;-0.115059613;29.2597534;26.59744512;49.48124181
1226;0.131309397;521.0683499;0.007214447;16.21297732;0.000536147;0.002957063;0.011875123;1.761464463;36.15031907;-0.987426897;0.227058058;-0.761652696;0.115534473;-5.829998194;1.257804564;-0.114359671;0.362458076;28.2156659;75.51529075;47.45465191
1227;4.459327553;4080.137304;0.238370112;10.52888627;0.004946437;1.020537173;0.001265525;12.34546458;28.62636326;-0.657367363;0.81911577;0.754689929;0.500116491;-5.326138088;0.567238012;-0.517723009;0.457121005;28.8364945;24.7548469;46.30570849
1228;0.185186746;666.1264591;0.012984094;10.52888627;0.002387468;1.245275311;0.054554222;5.964153203;33.98769806;-0.512101282;0.182806213;-0.471112164;0.721326851;-6.491117711;0.495660515;-0.525305767;0.561204373;27.9705525;66.11748454;50.83705139
1229;0.13831146;539.0309909;0.007729771;13.80962348;0.000777526;0.040055184;0.008321159;2.449641801;36.12857419;-0.803246632;0.468000842;-0.913546911;0.44478994;-5.165206272;0.986419606;-0.314585148;-0.00601475;28.5430579;73.9658132;46.4823756
1230;8.30487229;5676.21029;0.596863567;7.019292674;0.007008287;2.177008698;0.000733912;52.48685728;4.370270316;-0.07934883;0.335704234;0.505241819;0.206344194;-3.914084946;0.822213416;0.599252395;-5.262683098;29.1560436;17.01974674;48.19060735
1231;0.415004344;1121.796488;0.009309015;12.5125944;0.002279867;0.438673243;0.000188041;7.512662281;35.31601785;-0.210577777;0.6140325;-0.861114005;-0.175058377;-4.320396238;0.746797633;-0.320684761;0.244623509;28.7578982;69.37396058;46.47228497
1232;12.92603431;6493.625041;1.754763352;11.71147329;0.013474855;7.58481625;0.010119979;54.0888424;0.178914277;-0.040589618;0.0213634;1.350325059;0.171257461;-5.420078625;-0.532289016;1.488859047;-0.949184177;29.1308649;12.24718609;47.9362452
1233;12.18544314;6577.29849;1.247157286;7.896654865;0.00789717;2.744713193;0.044092286;18.45120406;24.22103026;-0.161137994;0.239417897;0.036230588;-0.135181084;-6.160641104;-0.011167574;-0.232272813;0.315813644;29.0286505;14.06149094;48.38114621
1234;0.886400067;1718.828618;0.040216978;10.52888627;0.004809065;1.947949166;0.042220586;12.49965716;30.94576718;-0.74922956;0.560320503;0.207112971;-0.114084964;-6.190741086;0.227084114;-0.193870272;0.79256637;28.6812187;43.33068263;50.6103351
1235;3.293540194;3433.761779;0.196157742;10.52888627;0.004800515;1.23750936;0.006967375;11.63343274;30.12559419;-0.406509994;1.027253843;1.064130356;-1.159267833;-5.545909908;0.60572306;-0.242583156;0.205945187;28.8502288;28.77796085;47.89600597
1236;0.485135849;1252.190076;0.026785588;10.52888627;0.003511536;1.305139865;0.041073231;7.103994001;32.82724022;-0.588091357;0.17029288;0.396699808;0.176165873;-6.571718911;0.071735715;-0.16627376;0.459761146;28.8067261;51.7345623;50.15362277
1237;10.90129351;6372.793494;1.495184061;7.019257516;0.008807477;3.471722371;0.000847481;48.53202934;4.275645891;-0.146488446;0.220649258;0.000199325;0.006650475;-5.237428715;0.568356991;0.392156336;-0.541210391;29.115891;14.41033002;47.11983904
1238;6.82991317;4994.933859;0.631318283;11.5207173;0.004139931;0.368395362;0.00861084;5.62586444;34.50497792;-0.17700768;0.189519625;0.217368805;0.309577063;-6.735971769;-0.243130763;0.093814883;0.028590115;29.054916;18.41932511;48.59382934
1239;0.145340948;561.4410789;0.008260051;18.99773754;0.000566108;0.002085312;0.009886364;1.86073536;36.00726323;-0.499282303;0.062562867;-0.697109846;0.543782632;-5.686694914;1.532622189;-0.213165345;-0.005978871;28.5435731;72.86398971;48.54699681
1240;0.196891514;678.3035232;0.009398617;15.86968503;0.002130087;0.277600641;0.001836525;5.802840684;35.25039667;-0.781271947;0.866114185;-0.343957676;-0.792262363;-4.957400724;0.646730193;-0.306191183;0.127373878;28.614431;70.92198697;46.59691016
1241;0.240223791;834.1298706;0.012044677;12.35994879;0.000764276;0.034631043;0.008455278;2.701728229;34.48743426;-0.351571811;0.666219304;0.962935835;-0.275358056;-4.63484886;1.093387797;-0.388574102;0.768085356;28.0228376;67.90500888;54.56169585
1242;0.38524563;1038.908784;0.029177032;10.68147341;0.002447564;0.425369564;0.000924643;9.280624849;34.12236041;0.188757306;-0.540178225;-0.737010818;-0.191639756;-2.457947395;1.382071517;-0.377586073;0.059881491;29.4922078;52.80547407;47.40722414
1243;10.20977472;6551.486752;1.12010561;10.41443823;0.006141164;0.560352147;0.000727258;12.51258065;22.43681827;-0.120089557;0.045929571;0.810212668;-0.283247667;-5.75537831;-1.839037521;2.714243408;-2.537818954;28.9775167;13.5930711;53.73341437
1244;5.336448765;4874.370895;0.916422652;7.095551677;0.005948365;1.530665602;0.002406285;33.40795273;17.56264321;-0.327461815;0.357066284;-0.312650501;-0.032678873;-3.665686016;1.206235449;5.121974831;-0.249777719;28.8653861;18.14771978;52.74725276
1245;0.147152031;608.8303006;0.007996883;14.2674061;0.000414335;0.00242104;0.01327988;1.796666679;36.119419;-0.720236944;0.414746535;-0.334754063;0.091985537;-5.285163336;1.543925462;-0.29624486;0.241762317;27.8957093;73.24742556;54.16709249
1246;10.18882086;6510.03062;1.962631356;8.545204832;0.012088333;5.292365509;0.01353496;36.58483812;10.1840503;-0.082399796;0.362865488;0.780630864;0.26996633;-5.689889287;-0.619441151;-0.193195436;0.268975556;29.6638808;14.05291982;51.08876599
1247;0.187519674;701.1036304;0.014194749;10.52888627;0.003333567;1.856323016;0.068125579;10.07750464;33.021033;-0.712301077;0.407116485;-0.372473996;0.325956018;-5.654707585;0.259662878;-0.164565098;0.641255003;27.5472769;66.46171781;54.23718067
1248;0.525680503;1270.999412;0.023768183;11.13925859;0.000859605;0.049940818;0.007406781;2.834087643;34.48210158;0.396739996;-0.044557288;0.143349648;-0.073954297;-3.21488683;1.823764063;-0.507428959;-0.191507498;29.3279278;52.46857984;51.80041476
1249;9.536459702;6466.78811;1.065601432;9.38445034;0.007368694;1.79704251;0.000784764;34.88976486;11.83128471;-0.121463942;0.311899516;0.954143082;0.402850117;-5.194300197;0.785060263;-0.775908772;1.336934116;29.3451719;15.02962799;53.74811743
1250;0.385080823;1130.275946;0.014580401;11.13925649;0.001441722;0.09110622;0.003285426;3.944525828;35.38468524;-0.713521904;0.433361983;-0.983137625;0.324286619;-3.719813345;1.682720447;-0.535573802;0.438639355;29.2012092;61.17202903;54.56694569
1251;0.146048965;610.9871703;0.008026572;16.25115473;0.000610679;0.002479562;0.006630392;2.170800596;36.22012996;-0.642719316;0.483718518;-0.615036764;0.018070882;-4.726534715;1.415417046;-0.26874409;0.168478578;28.0026189;73.19276986;54.53556786
1252;4.004063343;4273.466875;0.140989542;10.52888627;0.0053748;2.208101962;0.053673718;14.8157298;30.52080878;-0.392774411;0.697500845;0.049281839;-0.498046554;-5.601629305;0.196926665;-0.311656924;0.963398032;28.9608282;23.68834533;54.11822477
1253;0.992963463;1928.870186;0.041043729;10.52888627;0.002302547;0.240893617;0.002586666;5.601641022;33.7351587;-0.566423093;0.675069244;0.003018512;-0.145914253;-4.396886473;1.347507897;-0.638228778;0.876802828;28.8891484;45.97589686;54.44744084
1254;9.825490696;6285.340289;0.980496126;10.29999744;0.005858662;1.587240771;0.027451446;11.2869923;30.75732439;-0.253303679;0.118564489;0.121810129;0.036194419;-6.234946319;-0.747221691;-0.114059191;0.443202198;28.9066954;14.78610678;50.96252217
1255;0.158960826;651.6555507;0.009901575;13.19924968;0.000712195;0.020543536;0.007086605;2.339240424;35.90807812;-0.216986433;0.399182133;-0.746445754;0.207812149;-4.074651366;1.647340324;-0.486713048;0.126497814;28.5304134;70.50284628;54.12038465
1256;0.390814556;1113.296276;0.024550336;16.93780372;0.002517811;0.023211729;0.003837781;1.799768458;36.34983356;-0.293587741;0.135502282;-0.176209997;-0.303001439;-6.577402345;-0.543251558;-0.245821621;0.541511185;28.7004832;54.27125949;51.14897933
1257;0.127664687;550.0385926;0.005970329;16.02236263;0.000294225;0.002695448;0.022082296;1.500124592;36.25980419;-1.177098635;0.639667933;-0.654354655;-0.294991977;-5.81179624;0.77377808;0.080629727;0.360186156;27.6609148;76.81680355;53.92197403
1258;0.491292597;1451.315046;0.018441562;10.6814759;0.001152977;0.122172669;0.004372989;4.216115535;34.4050396;0.057986038;-0.281076229;-0.766631115;0.01259243;-2.963135762;1.583808673;-0.542189423;-0.047606624;29.2100229;58.70599093;50.33421801
1259;11.0092993;6842.32995;0.966342066;8.31628218;0.007408885;1.665438733;0.000989837;17.76184278;21.43925831;-0.152897982;0.240791107;0.107026429;-0.486104907;-5.394901359;0.284628053;-0.306116898;0.71143084;29.0881877;15.32197116;53.97291917
1260;0.153169515;635.1347459;0.008620089;11.44445387;0.000579873;0.007549326;0.008932865;2.031675071;35.66240352;-0.335092507;0.295419339;-0.048668935;0.159191948;-3.855013506;1.653131242;-0.546426954;0.598245287;28.5673436;72.45520887;53.92154337
1261;11.79232005;6931.80666;1.799388242;7.019257516;0.012319861;4.05526514;0.012491488;25.65373391;2.485089351;-0.08880905;0.191045467;0.936955298;0.782169357;-6.003780647;-1.587974913;0.700703742;-1.899129964;29.7170608;13.28257035;50.87016003
1262;0.158603624;631.0480696;0.00883271;12.81781242;0.000635881;0.126418572;0.020310804;2.474467172;36.12972158;-0.995515604;0.936156412;1.162569264;-0.308037046;-5.001793878;0.889571628;-0.232270246;0.11825374;27.5163899;70.76579424;53.95843577
1263;5.313898006;4941.12356;0.366656871;10.52888627;0.005612716;1.156161368;0.000625538;19.40603252;29.06121966;-0.410778738;0.86123244;0.197107869;0.034550873;-4.554126269;1.566096324;-0.477831044;0.939411692;29.0937413;20.88877205;54.78611168
1264;0.189346911;761.3837968;0.011064808;11.13926668;0.001805467;0.222421124;0.002407399;5.962946309;35.12833139;-0.344249578;0.310069104;-1.108237551;0.120831929;-3.135158785;1.525257597;-0.614333177;0.242959551;29.1404409;69.00365547;51.64073833
1265;2.272171079;3197.652695;0.060471676;10.5288872;0.003832128;0.628877028;0.000420686;11.06435455;33.53679782;-0.791956029;1.06906327;0.027028675;-0.590962745;-4.166948805;1.711356263;-0.673558933;0.344892087;29.4108214;36.70062056;54.74953851
1266;0.136037792;571.0646206;0.007001153;14.30555586;0.000374943;0.003112038;0.016928118;1.67072117;36.23920409;-1.069368651;0.6622519;-0.699035901;-0.046444332;-5.285804335;1.042647076;-0.285979046;0.644857265;27.6674466;74.6282583;53.4115783
1267;3.964456816;4262.763737;0.138484842;10.52888627;0.003899774;0.641869593;0.001915327;8.947951661;31.27384476;-0.589615852;0.646992113;0.316198184;0.460799857;-4.9412795;0.852995812;-0.628895645;1.240881846;28.8533005;22.08145159;54.96541322
1268;0.19675931;711.1968804;0.015155279;10.52888627;0.002114705;1.126645854;0.060410518;5.629898168;34.56068245;-0.539262575;0.195318755;-0.420063598;0.447954086;-6.139453643;0.107304485;-0.531884597;0.702222772;27.9772363;63.78767456;52.42841774
1269;0.140767021;590.3517907;0.007506461;25.40659208;0.000609004;0.003568909;0.007645426;2.155586763;36.26132966;-0.775780254;0.66896548;-0.567460917;-0.211090899;-4.616429945;1.304513139;-0.401614116;0.588726331;27.8846255;75.12698114;53.78828439
1270;9.887181993;6605.202695;0.703934249;7.019292674;0.006857176;1.624828291;0.000782792;45.9318746;8.485690687;-0.082400783;0.372326472;0.617434543;0.258898173;-3.953486564;1.090627612;0.652351165;-4.022799347;29.5849236;14.71750158;53.62576904
1271;0.368739331;1100.960161;0.010761066;11.1392594;0.000638684;0.007715108;0.007883685;2.170106358;35.17868594;-0.307016788;0.101932088;-0.755795111;0.179920703;-3.508228316;1.748501366;-0.345476853;0.101815288;29.0374845;63.02314227;54.63022898
1272;12.04725619;6785.536443;1.700424291;10.79592355;0.012717403;6.696285576;0.009081066;48.17758103;0.765251429;-0.039979218;0.028382678;1.350323392;0.25029954;-5.58586424;-1.221420929;1.313912525;-0.398070196;29.7792854;13.29617388;53.08258763
1273;10.89082427;6735.350046;1.263707558;7.896654865;0.007332324;2.892271527;0.082791112;17.10287329;26.01360923;-0.154271304;0.198065299;-0.009880675;-0.115399386;-5.965667778;-0.440125648;-0.164196399;0.685564938;29.0135838;14.1684166;52.3237249
1274;1.008741138;1967.55299;0.048681043;10.52888627;0.004425842;1.651353869;0.034889767;12.17138739;31.9292295;-0.640888966;0.513932188;0.217076321;-0.178287576;-5.884497323;-0.145666406;-0.202705637;1.106717017;28.6652122;39.58106114;53.33073935
1275;3.788999504;4173.585132;0.109093749;10.52888627;0.003757971;0.932438625;0.021443819;9.621079226;31.27690827;-0.346692016;0.781274535;0.81870135;-0.152167044;-5.212355661;0.586145717;-0.334864488;0.769172437;29.063528;25.92797703;53.79544589
1276;0.501340636;1305.389696;0.027951961;10.52888627;0.003423324;1.208971507;0.039366236;7.134596807;33.46050045;-0.581987564;0.13763814;0.566312576;-0.072477838;-6.232988596;-0.41305265;-0.12650277;0.712083183;28.6138121;48.95774332;52.4774754
1277;11.64601246;7071.859633;1.648913025;7.019257516;0.0081719;2.397297028;0.000860703;38.29829611;7.454148087;-0.147709194;0.209204778;-0.036053154;-0.003228083;-5.380174146;0.102830065;0.263241647;1.065812919;29.3365773;13.23015222;53.33772094
1278;7.220210671;5242.915162;0.609499115;11.59701473;0.004237627;0.290702529;0.006477984;3.877340475;35.65705324;-0.161443207;0.176701783;0.250302762;0.288167731;-6.543149311;-0.966760254;0.022942715;0.318088001;28.9198238;17.8380774;49.98046586
1279;0.14247978;595.8579949;0.00767722;16.78515507;0.000470248;0.002534427;0.011716554;1.945218241;36.1842706;-0.74159969;0.46784863;-0.614928001;-0.034724291;-5.128844698;1.408514265;-0.244374347;0.272382326;27.8545845;73.60086197;53.66574775
1280;0.206199543;768.70859;0.009603636;15.71692545;0.000829107;0.022131776;0.006918771;2.641292041;34.88723176;-0.592056267;0.67873014;0.163350318;-1.039384343;-4.330574765;1.345930167;-0.468336126;0.490306964;28.446877;69.10419832;54.67293799
1281;0.145455154;621.6642308;0.007238629;12.97041188;0.001452318;0.077333001;0.005005665;4.370442802;35.6456176;-0.849326653;0.940883101;3.033584613;-0.547643377;-5.075775031;0.541868207;-0.389592884;0.275524892;28.3777106;72.93673944;55.72406623
1282;0.411311661;1159.266302;0.026634875;11.29184905;0.001181548;0.048407056;0.00067541;3.437842185;33.70044511;0.392926684;-0.125582973;0.708622704;0.182008106;-2.865741487;1.374635139;-0.574240073;-0.12925291;30.3435972;51.53126003;51.94718629
1283;8.285717723;6128.33862;0.743925704;10.41443823;0.006034898;0.351092194;0.000608134;10.2247215;25.4604434;-0.131534016;0.031128129;0.698240421;-0.289835952;-6.291915865;-2.523190289;2.730713715;-2.373304532;28.7900062;16.18341005;54.37683879
1284;4.519214087;4775.25778;0.920261005;7.095551677;0.005479389;1.19662795;0.002574389;26.02686894;18.36146335;-0.258795485;0.277412908;-0.194319446;-0.010712616;-4.22147762;1.014968757;5.443235798;-0.316994226;29.3279911;20.07441023;56.00194265
1285;0.136904385;595.6908092;0.006897377;21.82070856;0.000331325;0.001984594;0.013126336;1.615184789;35.98132251;-0.802026496;0.280770536;-0.45519199;0.139923906;-6.128533646;1.163755019;-0.229689361;0.198844448;28.5098498;74.63018201;55.1078976
1286;7.943386198;5955.605363;1.882674923;8.545204832;0.011068035;4.80583352;0.009857376;33.83659693;15.02048199;-0.092165676;0.407727668;0.839907824;0.350643765;-6.094277973;-1.142761727;-0.400821039;0.680457676;29.7084319;15.94419908;52.19225039
1287;0.190288384;731.9367922;0.013852112;10.52888627;0.002288677;1.19408504;0.054210422;6.95064536;34.03271685;-0.819115373;0.383312281;-0.342943029;0.022971227;-6.269639532;-0.093534921;-0.003517664;0.178051488;28.1627402;66.11460288;55.89515711
1288;0.116061858;537.626806;0.005149323;14.03851399;0.001732941;0.126532163;0.000100437;5.328670456;35.98055965;0.235297353;0.655232836;-1.013562761;-0.113804211;-3.681239949;1.384533491;-0.603264165;0.391240515;28.9040971;78.66430324;55.03874633
1289;9.299792824;6459.730901;0.904666324;9.38445034;0.007099615;1.709973948;0.000701994;32.95061168;12.22725895;-0.093081617;0.245369137;0.730019241;0.442586463;-5.418246664;0.407452511;-0.821975166;1.553288711;29.5219964;15.11584527;55.39565459
1290;1.008238446;1788.538108;0.017535402;10.98666229;0.001110227;0.029693205;0.000739958;3.464110917;34.34476874;-0.21576561;0.588092116;0.17059794;-0.013328814;-4.144748217;1.397178956;-0.613386348;0.970304517;29.3039981;52.54492772;56.31818691
1291;0.131081561;585.0884433;0.006354906;16.70889069;0.000319699;0.002365316;0.017490656;1.622455088;35.97674523;-0.8081302;0.674458727;-0.539536563;0.134712357;-5.441520143;0.888136329;-0.244851643;0.04862146;28.5230116;75.93134156;55.72205218
1292;2.564715583;3480.78724;0.150997369;10.52888627;0.004578029;1.591278041;0.043533067;11.77655964;32.45339093;-0.403455329;0.723136863;-0.576320027;-0.590119034;-5.817183759;-0.214495318;-0.301362682;0.744117092;28.881186;26.65896331;55.72819375
1293;0.840203305;1840.989896;0.035240285;10.52888627;0.002577889;0.203811902;0.001199852;6.310794077;33.93505457;-0.484022999;0.843530997;0.155122305;-0.367090362;-4.704746462;0.807738976;-0.672099706;0.914552656;29.1657667;47.33471141;56.4269778
1294;10.09564979;6544.861908;1.614455188;10.29999744;0.005221729;0.987390889;0.017857404;8.325965698;32.94321033;-0.274666569;0.115360091;0.164621927;0.039493082;-6.62793657;-1.119819469;-0.199061347;0.583503835;29.056549;14.54250251;52.94273833
1295;0.122721684;564.6429907;0.006087913;14.72520793;0.000531549;0.021222041;0.016359303;2.157394083;35.9782712;-0.523697425;0.809045386;-0.806623993;0.111642773;-4.633420908;1.015700673;-0.473813562;0.220455631;28.6410668;76.75133646;56.26920197
1296;0.435576849;1207.42393;0.027510229;17.62447141;0.00216702;0.016378405;0.01817742;1.648443704;36.3002411;-0.326547708;0.142521579;-0.232200314;-0.335935538;-7.115248129;-0.870377607;-0.384204677;0.572229715;28.6986477;50.05763733;54.05227559
1297;0.132212516;582.2006553;0.005866971;16.93795421;0.000315899;0.002486568;0.021186619;1.613251605;36.03015276;-1.013519448;0.480666641;-0.40235385;-0.235666537;-6.525472511;0.373525692;0.103855828;0.210961797;28.3094843;75.81552495;55.22150007
1298;0.244480751;856.5145149;0.014667568;11.36814737;0.00106771;0.031409698;0.000845434;3.137268049;35.42130893;0.455031856;0.654927254;-0.510902554;0.055725671;-3.412223816;1.624489444;-0.585938906;0.592223075;29.3275816;64.59496169;53.44565909
1299;10.75420919;6829.332643;1.003001998;8.31628218;0.007378096;1.550806311;0.000882768;18.7414514;23.94177902;-0.164800368;0.267037116;0.202581785;-0.557009726;-5.633917343;-0.11715522;-0.280767788;0.726597335;29.1662558;14.85591988;54.37028093
1300;0.1189158;552.4050939;0.005307106;12.81778266;0.000937314;0.014686711;0.005711561;2.962931857;35.92181081;-0.476088312;1.124911572;-0.980051911;0.038937536;-4.339628866;1.024179141;-0.5256316;0.47771184;28.7339318;77.9994287;55.72971012
1301;9.167087816;6370.712724;1.716980541;7.019257516;0.011541057;3.544058887;0.008472734;22.07095289;12.27703293;-0.115970769;0.183414783;0.130052583;0.355668706;-6.565277321;-2.096316649;0.44543232;-1.74187157;29.7334167;15.74346775;52.04223118
1302;0.14325588;618.9713023;0.007526917;15.29752341;0.000548342;0.119171081;0.023905263;2.289261831;35.97827205;-1.124760831;0.973083314;0.750505852;0.071073337;-5.64782264;0.384990237;-0.275970327;-0.146514615;28.311599;73.15427611;56.11657993
1303;4.701220387;4955.344923;0.683431418;10.52888627;0.004833247;0.821202696;0.00065145;14.50933596;27.14160857;-0.274666635;0.568865318;-0.0005945;0.219947629;-4.933454403;1.220461761;-0.5272857;0.885140709;29.6246441;20.85944192;56.16651768
1304;0.49747376;1379.00192;0.029386557;10.68147983;0.000865209;0.009724473;0.000705814;2.713682271;34.35010767;-0.134892416;0.13672277;0.135863609;-0.086157233;-3.592173497;1.627408052;-0.525089936;0.151876958;30.0748668;50.8862542;52.69873041
1305;2.368263445;3283.888951;0.086621119;10.52888627;0.002890657;0.357199514;0.000384149;7.749438911;30.76571449;-0.324106345;0.424512618;0.138390367;-0.024467041;-4.650090527;1.475617051;-0.643333112;0.68329663;29.8202829;28.97853227;54.62727641
1306;0.129984254;577.6862859;0.005755682;17.51000453;0.000312085;0.002753872;0.019750459;1.60768917;36.0122227;-1.075319898;0.578936353;-0.405922729;0.2731706;-6.030848063;0.577558544;-0.146557342;0.539534288;28.3012541;75.91303801;55.66285064
1307;2.828741557;3683.062002;0.090826853;10.52888627;0.004023911;0.557165552;0.001659504;9.071247876;32.25806875;-0.648821363;0.777000295;0.233886574;0.236396192;-5.188663792;0.390421658;-0.658892058;1.116551246;29.0668814;25.78814432;55.33120033
1308;0.19424284;729.5480086;0.013130436;10.52888627;0.001564625;0.77640549;0.0493832;4.43609232;34.913173;-0.594501191;0.162358693;-0.131889443;0.400208371;-6.751550987;-0.189627993;-0.336040968;0.419853087;28.1896979;66.13977143;55.05141784
1309;0.126955263;574.2588796;0.006118004;13.9240543;0.000325537;0.002849391;0.020008943;1.640421392;36.00878889;-0.917081284;0.921963586;-0.67991085;-0.106286811;-5.229962444;0.721568874;-0.393528981;0.317426043;28.4371154;75.96380437;56.05292623
1310;6.390861119;5664.228213;0.625545057;7.019292674;0.006643891;1.372876727;0.000845724;37.7799392;9.96278223;-0.056154707;0.270394683;0.574477216;0.140685773;-4.301377208;0.875010445;0.300445207;-4.035350809;29.9122535;17.84766412;55.5622944
1311;0.131758183;592.0056988;0.006097204;12.51257112;0.001190902;0.045355361;0.000925651;3.61787793;35.53269941;-0.130619309;0.956450028;-0.480712124;0.019372052;-3.918531169;1.28903956;-0.465944489;0.422939205;28.7087654;76.37193244;56.0519785
1312;10.08354563;6525.819101;1.768454194;10.10926003;0.011817376;6.578970621;0.005657727;41.73318159;3.447837322;-0.052644556;0.031129175;0.747623816;-0.003309822;-6.201191977;-1.731565591;1.307287259;-0.118717725;30.0497836;14.01259399;54.17768121
1313;12.08024316;7219.480341;1.20710609;7.896654865;0.006749534;2.036542811;0.049575772;14.07999676;29.10169887;-0.174871366;0.210730448;-0.009895539;-0.148354741;-6.246011687;-0.860533995;-0.19167331;0.681580351;29.1716614;13.68156594;53.82837916
1314;1.010443103;1986.625802;0.045429889;10.52888627;0.003307923;1.031638855;0.027901383;8.496302409;33.09503575;-0.769981325;0.548111392;0.556242824;-0.122331206;-6.22500884;-0.463729512;-0.091997057;0.750520576;28.6621844;41.26817548;55.44408644
1315;2.359703015;3402.551812;0.087835955;10.52888627;0.003756884;0.73388445;0.010230006;8.925917436;33.39868758;-0.455642163;0.790736374;1.549795795;-0.344136555;-5.441829908;0.161973093;-0.244729124;0.5995859;28.893669;30.32446811;55.48524926
1316;0.525150995;1345.404643;0.028958767;10.52888627;0.002525464;0.75154675;0.039043162;4.884800827;34.29899453;-0.59694167;0.137027839;0.783670753;-0.209147547;-6.663284672;-0.711767506;-0.128183427;0.721169595;28.5503335;48.93124162;55.11629205
1317;10.22737504;6879.560806;1.255886077;7.019257516;0.008025684;2.450851105;0.000763718;36.44098429;9.949034519;-0.146793531;0.228584138;-0.078792761;-0.039417506;-5.731058927;-0.293399346;0.04736638;1.430849468;29.6229515;15.17296394;54.39078414
1318;8.183328616;5804.28256;0.811460152;11.67331043;0.004077681;0.190726556;0.006336239;3.029111066;36.27810964;-0.197149826;0.191045385;0.298055045;0.314515353;-7.045192362;-1.398432766;-0.087863763;0.410501142;28.9922453;16.70177415;53.86366971
1319;0.133404628;587.1100392;0.006149376;18.99786106;0.000322243;0.002143933;0.015589207;1.611184628;35.97979671;-0.854212978;0.457166849;-0.437214903;0.171055301;-5.930922995;0.963336214;-0.189732464;0.111607908;28.5119077;74.99420034;56.23259047
1320;0.132423569;591.9582293;0.006439222;11.59700882;0.001776569;0.067209718;0.002172212;4.759002624;35.44419159;-0.759298907;1.097445401;1.470425998;-0.814675785;-4.698255347;0.742922163;-0.454878818;0.186457449;28.4756406;74.8861172;56.58928176
1321;0.093099391;470.6272555;0.003182659;14.26740949;0.001605487;0.037142363;0.002389809;4.461959135;36.13315277;-0.909755212;0.719015343;1.692998579;0.32910179;-5.152366635;0.203651152;-0.231576808;0.110702213;28.5181659;87.56069323;54.80299234
1322;0.569621213;1243.706337;0.022532086;11.13925649;0.001605388;0.04190276;0.000185172;5.147430746;33.98884509;0.477615112;-0.048982252;-0.108031099;0.077891524;-4.506981758;0.613764407;-0.195963983;-0.152252956;29.9290211;52.94515103;45.2837311
1323;7.978663504;5984.258589;0.543604165;10.41443823;0.005878245;0.241495078;0.000781727;10.03683702;26.67318397;-0.111086762;0.014343071;0.638955706;-0.283249547;-5.998277451;-2.992742354;2.021281906;-2.296045147;28.9344366;16.14181384;54.22038924
1324;5.097261031;4904.308035;0.717544215;7.095551677;0.005186689;0.954600418;0.002629955;22.37213019;20.05676256;-0.269476809;0.281685441;-0.105188485;-0.076795729;-4.575283005;0.556960596;5.81386104;-0.535980759;29.3647439;19.92020791;53.946074
1325;0.080164564;431.9507965;0.002461536;24.41477666;0.000309153;0.002023109;0.013366915;1.655885706;36.16443374;-0.316477227;0.137638705;-0.458061445;0.059367698;-6.063302838;0.434044921;-0.141686028;0.297951724;28.6194851;90.71121016;54.7870578
1326;9.029107855;6165.425067;1.954501673;8.545204832;0.010025491;4.025407194;0.008303498;30.11673781;19.04282469;-0.092470937;0.367137878;0.619197305;0.304535645;-5.929192021;-1.571278261;-0.353789959;0.855489817;29.7426452;15.4097667;51.670677
1327;0.146679291;631.8582938;0.007782075;10.52888627;0.001882496;0.80195477;0.0387792;5.720172938;34.47218417;-0.673847619;0.266121004;-0.006919628;0.148166916;-6.100377528;-0.540103711;-0.091687218;0.352779697;28.3073804;75.36731708;55.07817592
1328;0.068687919;383.1834639;0.002340833;13.96222039;0.001913232;0.107962792;0.000120989;6.882913273;36.06372305;0.273140303;0.188604997;-0.793626518;0.01214423;-4.564765005;0.457346877;-0.232162293;0.233118805;29.0140605;93.86457943;52.26273084
1329;10.64667781;6714.500137;1.169297689;9.38445034;0.006683775;1.239039327;0.000712342;28.62762484;16.57386347;-0.079348274;0.231941263;0.8522108;0.556403127;-5.454777199;-0.053854817;-0.506197497;1.706846937;29.6643723;14.67022998;53.66145558
1330;0.381413429;1038.821316;0.00893761;11.52074003;0.001365566;0.016661843;0.000391805;4.1680146;35.5433841;-0.323495745;0.814844283;-0.360706312;0.040987599;-4.813745141;0.57032858;-0.279939175;0.47882019;29.1428537;70.47910575;53.16344677
1331;0.074325046;406.2598016;0.002350911;20.14224601;0.000311688;0.002247238;0.016417121;1.665878415;36.13696775;-0.466017408;0.260627746;-0.613344666;0.026459888;-5.58104863;0.419345696;-0.091871036;-0.102803721;28.8009337;92.76512453;53.40066828
1332;2.588241637;3384.581442;0.149760782;10.52888627;0.003854305;1.063644252;0.02827427;9.584584314;33.31324844;-0.379650643;0.594196055;-0.480829519;-0.402247782;-5.716154299;-0.591276211;-0.276134534;0.744514346;29.0671127;29.05767879;53.59505157
1333;0.248404461;829.7870211;0.008786325;10.5288873;0.002345456;0.123659766;0.001129878;5.82089287;34.9253809;-0.589006803;0.871608467;-0.15205372;-0.248160301;-4.859492653;0.390354819;-0.359155804;0.560936139;28.7630431;72.72069017;54.34204837
1334;9.683538377;6123.117857;1.482129845;10.29999744;0.004989517;0.754597107;0.017656073;7.548512729;33.44104239;-0.241553974;0.06973484;0.111929131;0.046090445;-6.402472936;-1.591637283;-0.095859082;0.701729731;29.4849827;14.46269124;49.41361657
1335;0.069149156;389.4075654;0.002103269;18.61630107;0.000557832;0.002689612;0.013519516;2.253414378;36.11789302;-0.297860295;0.321969885;-0.892288252;0.033393439;-5.057393572;0.460658153;-0.257033095;-0.13742455;29.0198593;94.89071299;53.12830508
1336;0.411701556;1176.821994;0.024093728;17.39558469;0.002196873;0.016914046;0.022689454;1.668841017;36.46656682;-0.284432196;0.1174964;-0.207497988;-0.298059336;-6.778054062;-1.434139498;-0.230476138;0.62587894;28.9263311;53.17701338;52.35938775
1337;0.085550419;446.2321279;0.002920872;24.79656385;0.000301779;0.002262744;0.020838945;1.64792674;36.22394516;-0.72206849;0.323497074;-0.296812385;0.018038644;-6.312366642;-0.195392592;0.163747213;0.274858945;28.2319582;89.31408389;54.73272471
1338;0.153461373;586.1860864;0.002769577;13.73334369;0.00174354;0.076791438;0.000128126;6.026395336;35.9897156;0.446486433;0.34516357;-0.931460809;-0.352828977;-4.496643587;0.536313605;-0.223569792;0.358980134;29.0277475;88.96811026;52.12136772
1339;11.63757127;7069.684825;1.128498878;8.31628218;0.006686585;1.091997292;0.000941755;16.72030995;27.05160951;-0.189825611;0.2517779;0.278345787;-0.583368756;-5.520979123;-0.507611089;-0.131233141;0.779453208;29.6345804;15.11597462;53.52320351
1340;0.076709612;413.7882718;0.002758448;13.58075395;0.001475373;0.025037884;0.001888591;4.295616832;36.1308639;-0.476698541;0.662251511;-0.979920487;0.161558819;-4.820847168;0.376772238;-0.223277367;0.116078525;28.9024172;91.49993618;53.19561821
1341;11.28632677;6941.220728;1.747809448;7.019257516;0.011043289;3.212565735;0.00681168;20.63681331;28.73471285;-0.133976685;0.028992445;-0.014827229;-0.052702863;-6.242542665;-2.566952369;0.267652517;-1.52032526;29.7712294;14.08681732;50.93846148
1342;0.095624235;476.5068298;0.003355478;16.36560572;0.000604419;0.083326552;0.018675092;2.528221272;36.20296386;-0.910520552;0.70055249;0.229971356;-0.389594472;-5.561478256;0.012554118;-0.200564751;-0.060309813;28.4451727;86.67012642;55.07389388
1343;5.157606478;4854.811027;0.128725094;10.52888627;0.004046035;0.473535723;0.000652159;11.46403811;30.64818517;-0.402843901;0.833765348;0.329508381;0.281703482;-5.172746557;0.706077555;-0.160893602;0.837931101;29.5834809;21.1094817;53.92869853
1344;0.723954341;1579.044903;0.019489767;11.29184708;0.001000742;0.002920622;0.000456948;3.016595501;35.10849226;0.074464375;0.403454674;-0.398273428;0.038611684;-4.788546131;0.694008417;-0.22465318;0.317914878;29.7286568;63.36051373;50.89098266
1345;1.602656903;2628.256377;0.039470539;10.52888627;0.001651918;0.054133253;0.000494896;4.523106741;32.88598766;-0.429090002;0.718711029;0.100303987;-0.02983873;-5.308233557;0.769211227;-0.351543034;0.505030998;29.6648648;38.21748175;53.47903481
1346;0.082490871;439.5108803;0.002846452;18.61630931;0.000305375;0.002367895;0.019300076;1.658227614;36.18274487;-0.72069475;0.373394244;-0.514423449;0.026243535;-5.910429279;0.082888443;-0.120422558;0.496414988;28.4096748;90.07916312;54.99314761
1347;1.310186754;2350.743776;0.043930955;10.52888627;0.003515087;0.341973748;0.00150406;8.026976771;33.73821501;-0.704975988;0.731832728;0.118248769;1.008247573;-5.156097402;0.086248977;-0.428968011;1.177725398;28.9702253;38.45589435;54.28818002
1348;0.143947204;614.4203232;0.009424743;10.52888627;0.001548541;0.708627936;0.044469856;4.343848608;35.22446176;-0.50843896;0.084841587;-0.191139918;0.423287402;-6.492120953;-0.773777068;-0.418764337;0.629167441;28.4544981;75.25629548;53.96302249
1349;0.078318447;423.3509069;0.002756249;15.86963073;0.000335512;0.002987477;0.0188654;1.750530454;36.14383368;-0.679799142;0.481429037;-0.646610162;0.494297858;-5.371162104;0.32690771;-0.164448947;0.159053366;28.7182932;92.05401569;54.48927807
1350;8.119206575;6054.05057;0.611565418;7.019292674;0.006465478;1.092179497;0.001016643;34.89825469;13.95612195;-0.063479227;0.269784496;0.660198923;0.229452319;-4.443452432;0.455129576;0.008160768;-4.044562845;30.0460634;17.01437477;53.5487874
1351;0.075408224;407.16696;0.002313716;12.97036726;0.001621357;0.047635575;0.000163651;5.082237936;36.08050753;-0.145268482;0.693991175;-0.893915657;0.132312912;-4.682271062;0.427711693;-0.074077524;-0.053700796;28.9313238;92.30251262;53.00680616
1352;11.2386735;6534.525354;1.609578562;10.14740633;0.011173345;6.323976111;0.004571726;40.44849302;4.983676571;-0.030976413;0.000915945;0.846432465;-0.04940989;-6.026518322;-2.14803025;1.171313339;0.390907823;30.0833708;13.41142819;52.36039334
1353;10.72558642;6777.25763;1.363821458;7.896654865;0.006241314;1.610865182;0.040038999;12.62845756;30.49105155;-0.164189859;0.169988184;-0.019786535;-0.138452172;-6.114576341;-1.289171804;-0.177298998;0.669597284;29.5208416;14.25848159;52.23767449
1354;1.175496387;2077.78826;0.042899597;10.52888627;0.002750381;0.62674321;0.017691895;6.754217486;33.82900723;-0.681477841;0.458386844;0.289471066;-0.158507075;-6.107531998;-0.897141894;-0.012125927;0.789755556;28.9239856;40.41619948;53.16896372
1355;1.245092138;2211.814033;0.056286574;10.52888627;0.003291678;0.478497023;0.007705605;7.829459789;34.48895749;-0.412611525;0.706810805;1.761064929;-0.520341543;-5.368941403;-0.174020565;-0.116313043;0.582151919;28.8782613;35.89407978;54.3019545
1356;0.516563328;1334.020459;0.028052813;10.52888627;0.002293068;0.553807109;0.033156407;4.289270659;34.63546037;-0.589006873;0.080873813;0.689810045;-0.247011547;-6.436811076;-1.211268857;-0.012130095;0.719424588;28.9467467;50.14991763;52.37968342
1357;9.866830246;6521.773718;1.20662079;7.019257516;0.007309694;1.674049097;0.000797544;32.49268649;13.8367096;-0.160679392;0.24124936;-0.282959437;-0.111869103;-5.66657097;-0.715154662;0.190964661;1.497014093;29.8987686;15.72425506;52.93858006
1358;6.982232667;5383.806755;0.770290489;11.5207202;0.004012645;0.157220793;0.011500404;2.82454101;36.48258415;-0.165410522;0.153812823;0.334282599;0.263467184;-6.704605158;-1.917259739;0.024873921;0.43816659;29.3078019;19.29664797;52.13383062
1359;0.078186438;426.3044051;0.002678408;21.59189505;0.000309885;0.00212702;0.015146224;1.662859872;36.16214491;-0.430310639;0.207830818;-0.524143173;0.126926679;-5.914704771;0.376870337;-0.039229865;0.18871595;28.695577;91.49103235;55.31183683
1360;0.083892204;433.7459507;0.003084464;12.66525755;0.001798672;0.045259524;0.002289382;4.782765765;36.18121609;-0.939355192;0.880764331;-0.317246445;-0.317558664;-4.91234173;0.344651137;-0.217930626;-0.198174198;28.6597311;89.19429998;52.43669998
1361;0.087754258;433.3627056;0.003674371;17.4718424;0.000767019;0.007334343;0.01034685;2.612289666;36.17206332;-0.852074094;0.673236822;2.650614746;0.023400766;-5.356588549;-1.527431069;0.116391604;0.059463575;28.401288;86.94674751;51.45878637
1362;0.095625366;414.0607899;0.004007512;22.1259012;0.001568728;0.013517809;0.000178872;6.285387981;35.87069221;0.507065203;-0.366222808;-0.848718317;-0.146568747;-6.308481869;-1.491994448;0.336303918;-0.011703229;28.5944108;84.91054521;45.22727349
1363;7.632860519;5721.918011;0.419710745;10.41443823;0.006021232;0.368232882;0.000721628;12.15767692;27.37282444;-0.070954935;-0.006409226;0.233850649;-0.34582894;-5.521080295;-3.138592789;1.17421955;-2.460489421;29.28368;17.19936978;51.90979021
1364;6.341656982;5026.988471;0.669834903;7.095551677;0.005326452;0.905083024;0.001571035;23.97302338;21.64752841;-0.251470955;0.264899994;-0.139291137;-0.210181714;-4.502301542;-1.014381388;5.253731399;-3.158500122;29.1378448;18.34264798;48.12092565
1365;0.090252606;431.8729427;0.004323554;16.55629359;0.000325087;0.001969192;0.01103125;1.666499641;36.13849286;-0.686361472;0.433668207;-0.458314285;0.072230513;-5.713620586;-0.991403086;0.11754683;-0.275533026;28.5265157;85.35802264;48.83577754
1366;12.09262698;6689.953009;1.781553612;8.545204832;0.009857521;3.968282105;0.007683458;30.75664386;19.8408791;-0.086062134;0.241706808;0.581328514;0.149770108;-5.600906902;-2.488902924;-0.395617035;0.213826162;29.9189053;13.7090155;47.26782024
1367;0.161758112;628.8364581;0.01109039;10.52888627;0.001794622;0.828243656;0.036997248;5.620385725;34.44166356;-0.652484628;0.193487184;-0.046409505;0.098794378;-5.684522712;-1.606935237;0.10204204;0.158211878;28.3579333;70.78941278;51.82476346
1368;0.077914614;375.8491003;0.003193015;18.84519437;0.000554113;0.002693595;0.011245148;2.110010788;35.92333812;0.223089789;-0.271309338;-0.319625204;0.0677926;-5.738426338;-1.473871057;0.209321277;-0.041236587;28.7762909;89.69262291;45.89547866
1369;9.016877954;6101.022347;1.044542445;9.38445034;0.006560116;1.210082027;0.000783017;31.19928098;19.73099564;-0.08240011;0.181890575;0.456538998;0.12649068;-5.627503247;-1.854685764;0.082428202;0.746786685;29.8624852;15.45664392;49.71403686
1370;0.077853206;398.6406;0.003049886;21.05775042;0.001452433;0.0138814;0.003422069;4.087301413;36.23538921;-0.625628637;0.67293194;-1.303271278;0.020783088;-5.728709843;-1.461905124;0.189217968;0.048047398;28.6717337;88.94112146;49.76970833
1371;0.082679369;416.4784151;0.003770853;17.85326675;0.000315854;0.001989173;0.011790317;1.651800758;36.16214493;-0.532242807;0.484633693;-0.641289842;-0.179659071;-5.523165981;-1.315518336;0.111201759;-0.204115906;28.5214104;87.98092213;51.15971178
1372;2.768666189;3417.644348;0.164856466;10.52888627;0.003404499;0.871181025;0.021036204;8.409683688;33.12899254;-0.376751726;0.495468656;-0.111974303;-0.678933079;-5.604376269;-1.926522475;-0.014571137;0.379682392;29.4178686;26.4467051;49.91951663
1373;0.103601424;485.9706176;0.005288671;10.5288873;0.002271295;0.082231706;0.002070221;5.204439186;35.28855152;-0.648823909;0.646992769;-0.294221748;0.108333301;-5.408520186;-1.510145218;0.133796595;0.578592113;28.4595442;81.44363279;50.58685636
1374;9.927540148;6107.550056;0.981653003;10.29999744;0.004957024;0.766288113;0.012770913;7.416571742;32.665492;-0.190588055;0.010834042;0.079001627;0.039515307;-5.9124087;-2.352644634;-0.004196003;0.437946231;29.577128;14.99414269;49.73149562
1375;0.079547744;398.9362711;0.003373955;21.21033784;0.000305808;0.001875539;0.012754461;1.641946461;36.21936709;-0.159306281;0.210577654;-0.690609638;-0.134316224;-5.535095833;-1.31802282;0.184507247;-0.099390697;28.7854731;89.58276512;48.60023018
1376;0.469750896;1189.97558;0.029367368;16.25112666;0.002210309;0.021525677;0.013661472;1.690133855;36.43299678;-0.258796657;0.118411961;-0.215730174;-0.265126562;-6.156488058;-2.067233986;-0.160258405;0.242488576;29.2019244;50.45600483;50.11388837
1377;0.080618569;418.3680651;0.003340601;19.2268647;0.000329837;0.002341133;0.017239979;1.6679422;36.17435253;-1.092868431;0.61616917;-0.639509001;-0.164840674;-5.830534301;-1.194897155;0.350281403;-0.0311895;28.5137621;88.3302646;51.70922966
1378;0.079059469;382.1659718;0.002938785;20.60000074;0.001168284;0.004611844;0.004431916;4.010709209;36.05304015;0.111698258;-0.221870303;-0.785839184;-0.080584682;-5.927760671;-1.552863649;0.255104879;-0.104379973;28.8891775;88.53422003;44.97234767
1379;10.78282525;6276.180214;1.237718309;8.31628218;0.006870765;1.213992971;0.000906351;16.58645706;26.9760824;-0.167241922;0.202643008;0.177853348;-0.504285582;-5.566518663;-1.942644499;0.164505974;0.329544028;29.8191162;14.01597911;49.54266617
1380;0.076710643;389.6948741;0.00315637;21.66813957;0.00057363;0.00196315;0.01126558;2.151963341;36.23157449;-0.38880553;0.30274334;-0.907338014;0.004545197;-5.554123487;-1.435673375;0.327295406;0.049085613;28.6229345;89.73169188;47.80382582
1381;12.92758166;7293.211374;1.556667394;7.019257516;0.01132467;3.426715423;0.00696266;21.26488789;25.29986908;-0.078738021;0.010376221;0.10703287;-0.004945757;-5.726167336;-2.927950449;0.114129271;-1.956359446;29.8371877;13.58521178;50.1058309
1382;0.090437196;428.2099887;0.003961192;16.86157313;0.000409188;0.046410954;0.018175826;1.896599282;36.17244509;-1.012452888;0.861538641;1.096683567;0.028237651;-5.423106884;-1.511828627;-0.059191523;-0.305066485;28.5331559;85.72114552;47.88866837
1383;1.318592814;2216.448923;0.040466733;10.6814753;0.004266588;0.495122152;0.000455598;12.81452514;33.49556732;-0.458387113;0.890529242;0.468061794;-0.443816004;-5.667536715;-1.423696895;0.34748872;0.46738398;28.8622524;41.05846094;49.37110224
1384;0.081231374;391.0425565;0.003186997;19.22663924;0.001272331;0.00588459;0.001293919;4.101697312;36.280404;-0.123905887;0.422377315;-1.398032099;0.07731119;-6.007090535;-1.577911282;0.273138542;-0.086120597;28.703466;88.26884398;45.28411413
1385;0.320384917;905.6048845;0.007774768;11.52073244;0.002016822;0.050104322;0.000353636;5.080693694;35.25727271;-0.581988433;0.956144988;0.246977637;-0.261619967;-5.887880128;-1.50461443;0.170850003;0.119067894;28.7934322;75.60406571;47.14680103
1386;0.081982035;414.0664711;0.003891522;17.47186995;0.000335698;0.002179793;0.014204755;1.673903372;36.16939298;-0.951567236;0.623188117;-0.580333853;0.078748393;-5.630105717;-1.319849021;0.114662893;0.086787526;28.4528011;88.36941987;51.05204981
1387;0.609609093;1433.775439;0.035583487;10.52888627;0.003524047;0.255869751;0.001081836;7.663525646;34.25245134;-0.739157187;0.565812436;0.25661134;1.255402524;-5.449686617;-1.718774996;0.106585078;0.852220868;29.0464478;44.66823488;51.55810745
1388;0.204503524;732.6215143;0.016084193;10.52888627;0.001493335;0.695410719;0.039256004;4.265215835;35.11383194;-0.498672911;0.102847369;-0.171369725;0.253657704;-5.94053692;-1.607980658;-0.225162668;0.420098934;28.8013236;63.83994578;51.8741705
1389;0.079749361;413.2754204;0.003223521;17.20476413;0.000326067;0.002077961;0.013556675;1.658689454;36.17778545;-0.659962546;0.586565293;-0.748704905;-0.234100529;-5.450008329;-1.411023086;0.214914157;0.185981126;28.4773856;88.85769896;51.72897389
1390;7.017704899;5497.571811;0.483563467;7.019292674;0.006280209;0.972881041;0.000886194;35.22325053;16.16108159;-0.058596153;0.216071811;0.316980361;0.176983399;-4.476967671;-1.189086966;-1.691057305;-5.071720877;29.8484006;16.85025083;50.32093356
1391;0.077593257;392.5195488;0.003348956;25.02521153;0.001077149;0.008305852;0.00667235;3.191117687;36.32618137;-0.218513013;0.137334082;-0.924872813;-0.143637086;-5.708218972;-1.486344662;0.316981789;-0.14686139;28.935534;89.81592195;48.43867635
1392;11.1214646;6306.39981;1.552596962;10.5670325;0.010906937;6.245361225;0.00469921;41.49148914;6.128499714;-0.034638755;-0.040589204;0.912305914;-0.457783558;-5.617559992;-2.663547189;0.795303406;-0.304871557;30.0204461;13.60981598;48.09520997
1393;9.673066461;6323.728786;1.415923492;7.896654865;0.005938936;1.317257953;0.018321718;11.31885222;29.79103436;-0.144963163;0.102542264;-0.026371097;-0.11207304;-5.816414645;-2.276899803;0.05539208;0.289478391;29.6984815;14.83456484;48.78716764
1394;1.4549845;2320.870578;0.062910403;10.52888627;0.002623629;0.643586094;0.014391437;6.747399638;33.69396246;-0.633869371;0.354319255;0.200581943;-0.168329072;-5.772338892;-1.972064857;0.21616276;0.493858895;29.2494816;34.41832754;49.99076516
1395;1.183570603;2095.930764;0.060134172;10.52888627;0.002881871;0.262822452;0.001694004;6.416352736;34.20514428;-0.389723714;0.566119655;1.518846705;-0.678019444;-5.47237868;-1.753469475;0.072616732;0.400743394;29.2919586;34.90415541;51.32799544
1396;0.632467902;1449.727458;0.034193937;10.52888627;0.002405305;0.640179946;0.027594024;4.892604683;34.32951245;-0.573137166;0.044251626;0.576195757;-0.243711288;-5.907823399;-2.051711991;0.149500212;0.399468872;29.2143225;46.9696361;51.42033636
1397;10.40062178;6151.872044;1.679670692;7.019257516;0.007111315;1.571057227;0.000853906;33.28737699;15.66171656;-0.144809857;0.19028345;-0.315893365;-0.078960002;-5.523504612;-1.945800683;0.386931589;0.029153229;30.0503963;15.2403236;47.16433434
1398;8.051785491;5414.721633;0.523910997;11.44442453;0.004178712;0.185205271;0.005314093;2.853734367;36.61838854;-0.102542399;0.131839423;0.457788615;0.182775864;-6.100324616;-2.481745445;0.050943121;0.134458969;29.6802124;16.28676954;48.87058161
1399;0.086733025;429.3665769;0.004435695;16.32745078;0.000325782;0.001983036;0.011409922;1.664742796;36.14764856;-0.696432106;0.502944984;-0.54730196;0.026140351;-5.634478983;-1.188190484;0.144695752;-0.23616317;28.470085;86.06833931;50.6238145
1400;0.082305247;415.1907713;0.003241418;17.09053235;0.00114156;0.011852845;0.007099107;3.20768429;36.1934258;-1.004665514;0.784936345;-0.422721371;-0.046250146;-5.375540042;-1.492760639;0.201754397;-0.005950173;28.321956;88.23258227;49.90631503
1401;0.088448718;410.528693;0.003566661;18.23483685;0.00063038;0.008178697;0.009628157;2.294804585;36.07821669;-0.813010495;0.732137201;2.612957599;-0.134837507;-5.647223816;-2.310113653;0.327653752;-0.181883559;28.3835106;86.22561994;47.28813657
1402;0.143105298;496.115128;0.010568437;28.45852693;0.001192744;0.001150868;0.002695211;4.168254908;35.8832814;0.423444163;0.057069203;-0.360007633;0.022268218;-6.554377574;-2.096219743;0.032090684;-0.112832223;28.4205322;72.05012615;42.49717116
1403;7.369925115;5188.812612;0.476460221;10.41443823;0.006253883;0.703252206;0.001009856;16.14926329;25.3715625;-0.066224818;-0.00274709;0.303015668;-0.289830918;-5.178236327;-2.835227737;1.425520314;-3.228813451;29.316977;17.77624084;44.69819366
1404;5.65900471;4417.119027;0.699296216;7.095551677;0.00529788;0.780137125;0.00141945;23.3623983;22.23576563;-0.205083111;0.217596577;-0.259908605;-0.2096403;-4.213804186;-1.444027436;4.962090293;-3.68417329;28.6174027;18.96414005;44.16172617
1405;0.10029562;444.0031714;0.004812681;16.09852042;0.000346316;0.001901429;0.009262432;1.726259085;36.10950063;-0.788598313;0.358897821;-0.280561409;0.009677919;-5.988842079;-1.730987621;0.201663259;-0.217164338;28.4191609;82.95731153;47.94756154
1406;13.89900018;6635.740561;1.52407366;8.545204832;0.010344023;4.575799341;0.009441352;33.93987736;15.20129158;-0.069887236;0.199591398;0.678524066;0.184385194;-5.092307091;-2.895311945;-0.194894684;-0.731444703;29.2489884;12.92555241;44.994344
1407;0.178974814;646.7758123;0.013019437;10.52888627;0.001905602;0.902538694;0.036519865;5.929764824;34.29212405;-0.635394205;0.203252596;-0.056284085;0.013153424;-5.685513065;-2.192962922;0.25255521;-0.065247176;28.2392445;67.75836657;47.18857265
1408;0.093980477;412.0518103;0.00390661;36.24076224;0.000460328;0.001400726;0.011070733;1.94710535;36.22699667;0.23590749;-0.02960258;-0.901585391;-0.006605451;-6.320193927;-2.388915587;0.247166316;-0.073718609;28.4397331;83.85151582;43.60029478
1409;9.838082801;5790.496994;0.676560642;9.38445034;0.006562598;1.29479907;0.000863398;31.28603899;17.59698231;-0.058595572;0.127567503;0.271894108;0.075619477;-5.369263939;-2.611682639;0.441975585;0.225505037;29.2156348;16.28161168;43.74806287
1410;0.093435457;399.6117794;0.004191969;24.56745961;0.000348368;0.001506815;0.013633358;1.730440184;36.15298981;-0.579851556;0.758690275;-0.253708964;-0.216811692;-6.089418254;-2.363011399;0.252225904;0.015618416;28.4114519;83.95741789;43.43277851
1411;0.093373461;417.5679445;0.003992526;19.37927727;0.00032384;0.001816437;0.011064744;1.674038485;36.13849307;-0.704366944;0.488601211;-0.580556989;-0.013285567;-5.929786961;-2.103702526;0.27388252;-0.33120747;28.5736294;84.28320813;47.29668312
1412;2.288871156;2990.873032;0.122925066;10.52888627;0.003693447;1.041530285;0.022496033;9.177642621;32.60522061;-0.35065856;0.465407877;-0.039520394;-0.896326995;-5.55353148;-2.532475637;0.091475776;0.154956933;29.1903606;27.87603832;48.73495092
1413;0.112948219;478.2827968;0.00523947;11.59703329;0.00125239;0.021798791;0.003936853;3.332929296;35.35721769;-0.603655946;0.618305079;-0.112590096;-0.201955676;-5.65512031;-2.394218485;0.317763233;0.192133349;28.4214528;81.40454039;47.46946397
1414;11.44529422;6254.358023;0.822462007;10.29999744;0.005500029;1.137437931;0.021605341;9.09164266;30.99346216;-0.164647381;0.005951097;0.144875414;-0.006594296;-5.670365214;-2.737307611;0.042285446;-0.093264631;29.3514916;13.62480876;45.75704791
1415;0.096738227;410.1596335;0.00462629;22.81275107;0.000315655;0.001694298;0.012623297;1.652551895;36.15985579;-0.404369761;0.370799648;-0.801381082;-0.078654935;-6.058571107;-2.293829683;0.29573972;-0.449773576;28.5162039;83.91677073;43.40755756
1416;0.408395029;1118.005672;0.025445631;14.64889962;0.002566229;0.036659434;0.007236272;1.715271846;36.12018167;-0.261238161;0.112918628;-0.174563352;-0.251952888;-6.034834546;-2.36008389;-0.018088002;-0.080887695;29.3118693;52.39205069;47.02223756
1417;0.080739285;397.2227145;0.002856067;21.74442757;0.000302886;0.00223312;0.014974532;1.650511887;36.24530785;-1.102634126;0.602740511;-0.575258337;-0.12201594;-5.939215879;-1.839969682;0.499577082;-0.285678843;28.5446909;89.82630579;48.61698656
1418;0.09817042;416.4299532;0.00474789;33.18886306;0.000428433;0.001307306;0.01109973;1.886982554;36.17740384;0.243843573;0.060120824;-0.701217744;0.016639284;-6.384851922;-2.330173307;0.168103622;-0.006130965;28.2358983;82.68170206;43.04001778
1419;9.724371641;5837.927063;1.220307722;8.31628218;0.006730627;1.316454751;0.000981378;16.81284951;23.27266799;-0.126652135;0.177922983;0.064220284;-0.388932073;-5.402841358;-2.603946391;0.363243602;-0.025638382;29.3791782;15.03269816;44.08496827
1420;0.090592087;415.547281;0.00393893;23.34667347;0.000296905;0.001664167;0.013490277;1.638419578;36.16748561;-0.557878151;0.552384717;-0.887837051;-0.002699154;-6.006848481;-2.425418175;0.330447396;-0.078185382;28.5101478;85.0741595;45.31918224
1421;11.71370316;6178.275349;1.587562532;7.019257516;0.012121066;4.274767991;0.007740481;24.6471495;17.02251394;-0.05249207;0.022278373;0.069158044;0.075741807;-5.291634235;-2.937130949;0.008550122;-2.783066889;29.1636841;13.18511178;43.60841633
1422;0.089662351;423.2763582;0.003467878;17.3955941;0.000390174;0.042970244;0.015748968;1.879568894;36.22737846;-1.062808791;0.912199337;1.188849515;-0.334296028;-5.617423729;-2.194454955;0.119452292;-0.498220581;28.3771892;86.75290433;47.95352513
1423;0.978678456;1730.287081;0.048544919;10.98665582;0.003653608;0.411635388;0.000590026;10.20388602;31.90555513;-0.421155154;0.620746402;0.358746001;0.384057736;-5.668350248;-2.276381342;0.464093242;0.063647691;28.766622;41.80088038;43.45129884
1424;0.092845583;407.8288252;0.003766202;26.24591292;0.000449638;0.001327265;0.011548885;1.926587596;36.14764816;-0.081790193;0.392467859;-0.176779635;-0.024791634;-6.293814819;-2.222122534;0.046465411;0.077721467;28.2768387;84.20642302;44.04413035
1425;0.162660419;633.7043475;0.006631725;14.6488778;0.001418153;0.041887928;0.003723014;3.543270186;34.95437704;-0.563371893;0.608539579;0.730773738;-0.044903753;-6.030192611;-2.266271518;0.086343508;-0.12554031;28.3026834;76.45426708;45.72976421
1426;0.085214653;401.9198907;0.0032894;17.01408757;0.000320775;0.002064299;0.013423076;1.67535562;36.20029303;-1.042665058;0.62395122;-0.620016983;0.006351931;-5.846866835;-2.016180831;0.26213081;-0.008324647;28.3669345;88.45972698;48.00125676
1427;0.752001984;1543.693021;0.037381345;10.52888627;0.003056679;0.24712664;0.001121545;6.659994;33.73363423;-0.675067511;0.563371692;0.424729118;0.068435628;-5.53160043;-2.514216306;0.384479391;0.60586456;28.9808725;46.13944565;44.95160908
1428;0.21095208;703.3862005;0.017022357;10.52888627;0.001640319;0.795960359;0.040737348;4.59234897;34.96963187;-0.500198754;0.075380831;-0.275116522;0.217431028;-5.885390899;-2.095963048;-0.125071819;0.139249821;28.7287712;61.4003702;48.81661347
1429;0.087089145;399.7075639;0.003517051;18.19664069;0.000317951;0.001908572;0.012723081;1.658232235;36.16901145;-0.840632071;0.640583012;-0.715979699;-0.062841623;-5.839496706;-2.22187407;0.394420857;0.034369968;28.4509634;86.20241451;45.8780932
1430;7.483990428;4974.182943;0.816204169;7.019292674;0.006250157;0.933296129;0.000961796;34.56205712;16.35639872;-0.042115944;0.161138133;0.099171423;0.104864343;-4.094727584;-1.855529929;-2.210175315;-5.349297931;28.9761947;17.07009473;40.61903911
1431;0.092360022;402.2507646;0.004286761;39.52140539;0.000295329;0.001430523;0.01323841;1.656689539;36.20868555;-0.323496715;0.424207849;-1.102393613;0.040762833;-6.155633353;-2.398319319;0.344023987;-0.119695799;28.478997;84.18673247;42.81230793
1432;8.875192082;5409.9174;1.440743089;10.29999756;0.011235203;6.586796749;0.00624149;41.83943563;5.134355783;-0.036927508;-0.018158059;1.129661668;-0.148199737;-4.903608656;-2.904566474;0.484868647;-1.316332361;29.3722293;15.29525649;44.27980984
1433;11.04962187;6169.537844;1.552087345;7.896654865;0.006197222;1.567693651;0.01896333;12.57202059;27.31980286;-0.117343922;0.09125043;-0.016477458;-0.115365127;-5.564968074;-2.744532559;0.179933843;0.000450086;29.5196877;13.88409885;45.85285029
1434;1.529937436;2504.761073;0.059204553;10.52888627;0.002971133;0.761550928;0.013065752;7.406136824;33.38954004;-0.592364161;0.350962521;0.317531092;-0.113982867;-5.678168519;-2.534223234;0.309898609;0.20612569;29.1713071;34.08068079;46.22428592
1435;1.147548896;1918.912523;0.058933459;10.52889093;0.002901121;0.327347807;0.001644038;6.52400779;33.85875231;-0.40132032;0.558490269;1.601143994;-0.582715965;-5.535538097;-2.457677264;0.256209998;0.028287047;29.1037288;35.19210485;46.1204673
1436;0.639700337;1401.45819;0.033858811;10.52888627;0.002878059;0.767183143;0.022767479;5.787141746;33.945742;-0.552079418;0.039979015;0.500450375;-0.307936275;-5.806869546;-2.511421819;0.137070007;0.126427964;29.0963387;46.30185591;46.43528716
1437;10.27428794;5861.080953;1.167232835;7.019257516;0.007191604;1.766045115;0.000924976;33.5649469;13.46362113;-0.113833726;0.135960439;-0.128202017;-0.036179572;-5.042907662;-2.520279517;0.573552062;-1.055442375;29.2338853;15.67386335;42.50364003
1438;7.894862209;5338.471065;0.401685492;11.1392389;0.00468367;0.356760194;0.005623828;3.581218599;35.19622077;-0.0799587;0.10101578;0.517071272;0.136668822;-5.887442135;-2.684320097;0.057342527;-0.448084526;29.3978115;16.75394695;45.44889827
1439;0.095273991;413.2418831;0.004213943;17.85332005;0.000338165;0.001884614;0.010304173;1.705961176;36.13467815;-0.776390917;0.450453051;-0.430508087;-0.138564899;-5.93561448;-1.911677373;0.313950358;-0.187342188;28.4034428;85.58072375;45.60624553
1440;0.085160847;396.6368999;0.003734424;17.85333821;0.000566805;0.004638666;0.010441085;2.139005061;36.13086198;-0.950955109;0.831323903;0.761096313;-0.097403846;-5.717040253;-2.364763666;0.329187586;-0.40524987;28.46053;88.35045741;45.25209955
1441;0.099255933;419.445706;0.004705188;26.32223361;0.000663977;0.008467384;0.007518543;2.255672699;35.87984758;-0.696126072;0.521865778;1.305993531;0.016658395;-6.169774534;-4.271206668;0.486842394;-0.54169066;27.9893184;86.00888452;41.58551391
1442;0.127927205;513.1794631;0.006252904;43.29814887;0.000905365;0.000821453;0.004030893;3.245713708;35.84398927;-0.093996816;-0.037690565;-0.432592208;0.063646464;-7.632186228;-4.483314631;0.08636548;0.309577416;27.9227998;75.46031943;47.9623374
1443;10.22128773;5878.216624;0.509060627;10.41443823;0.007201965;2.456931332;0.001792692;25.202695;17.92158539;-0.021210945;-0.055086828;0.862900224;-0.092204067;-4.598245035;-3.000098545;0.584838764;-3.943284389;29.2789574;14.34162912;45.69342636
1444;3.807974428;3284.41223;1.210783588;7.095551677;0.005093318;0.762359766;0.001079929;22.20038805;20.77849883;-0.144656841;0.174565525;-0.198549708;-0.225748084;-4.537269845;-3.264307177;4.929329433;-5.572992758;27.8340408;21.7544128;40.41706353
1445;0.10112226;415.4471935;0.004584892;15.56445005;0.000332713;0.001671312;0.009559508;1.707764747;35.88900447;-0.650654715;0.121769036;-0.031786297;0.085584523;-6.041305993;-3.488151245;0.431119675;-0.280826022;28.3155139;83.66635579;41.35451849
1446;12.09539822;5543.495317;1.525112229;8.545204832;0.011053695;5.744542769;0.011587157;39.90665219;10.53042237;-0.050965759;0.069887644;0.441372053;0.11362348;-4.683581346;-3.937693518;-0.155023243;-1.519068906;28.9982303;14.35704786;36.61927923
1447;0.220669061;661.3612069;0.014098508;10.52888627;0.00202825;0.907037082;0.032808329;6.260862085;33.97015545;-0.607316893;0.064698901;0.115019346;-0.125163784;-5.655540278;-3.635012279;0.416230446;-0.305871224;28.3936479;66.86814109;44.50531631
1448;0.110169177;449.9563095;0.005735314;30.5185163;0.000601991;0.001033568;0.008432324;2.490032757;35.87908576;-0.15533937;0.221259302;-0.316597176;-0.106811835;-7.075354542;-4.999997543;0.337461793;-0.194331481;27.9861836;80.95178261;42.55644505
1449;8.907508841;4916.314759;1.525393805;9.38445034;0.006164692;1.310746862;0.000859612;36.65233388;14.51232468;-0.050050377;0.079348205;0.291608334;0.036067114;-5.462750141;-4.338280882;0.999409298;-0.484202016;28.1677689;15.58188197;41.10305858
1450;0.119811003;466.6149934;0.006208608;31.8155068;0.000493488;0.000956784;0.008811806;1.96452834;36.01107815;-0.528885477;0.413220073;-0.438520836;-0.120002073;-6.787556939;-4.868986021;0.373496545;-0.021861893;27.9212744;77.67828524;44.98301261
1451;0.099713692;411.8530873;0.004693318;16.25115017;0.000335448;0.001432795;0.009732797;1.682199072;35.89358219;-0.742515192;0.297555461;-0.223086976;0.195845681;-6.265532196;-3.93136158;0.465734944;-0.507134617;28.0154891;83.99813851;42.50593376
1452;3.799927514;3330.454784;0.147637335;10.52888627;0.004260643;1.383255255;0.027395997;11.19016151;30.44795135;-0.328990347;0.395367444;-0.06929;-0.596566689;-5.722750077;-3.953927865;0.313723518;-0.270555764;28.9876233;22.06410832;40.75035885
1453;0.132850907;504.2232603;0.008225816;13.27558325;0.001064238;0.021018636;0.00353201;3.006956851;35.28855063;-0.582292832;0.498061971;0.299548849;-0.162692287;-6.298616455;-4.653636047;0.51143307;-0.274844892;27.9900548;77.60644579;42.24045136
1454;11.35724834;5558.50025;1.575338846;10.29999744;0.006869245;2.301453343;0.022873854;15.6405102;23.93835147;-0.091403034;-0.000152588;0.217346297;-0.079050359;-5.354264997;-3.634960929;0.264934299;-0.589180766;28.9841104;13.2466658;39.89630964
1455;0.099258034;419.7022875;0.004392887;25.7881584;0.000451546;0.0013328;0.010457921;1.964149907;35.94088576;-0.503860628;0.378124215;-0.455404292;0.047603477;-6.657256471;-4.5553691;0.353065883;-0.671850694;28.0972146;82.5262833;42.96605018
1456;0.95606418;1832.636613;0.041200186;10.60518444;0.003320663;0.179863727;0.001079258;2.116366292;35.25879542;-0.246894573;0.070192628;-0.069177538;-0.164677526;-5.504713525;-3.20799617;0.095856238;-0.351196144;29.2083074;43.51625366;44.96188073
1457;0.084756169;385.098224;0.00354444;25.94059227;0.000284692;0.001864288;0.016134451;1.616632296;36.26133089;-0.863369615;0.389416929;-0.937466263;0.090549314;-5.768141971;-3.425944455;0.473225478;-0.386126411;28.3869256;87.41882667;45.43134466
1458;0.12106208;491.0214713;0.006007804;38.37703102;0.000547562;0.000915737;0.008506109;2.359345206;35.84932995;-0.205999566;0.124515418;-0.198192077;0.025567105;-7.231252767;-4.900099376;0.244122075;0.112171963;27.9000608;76.74998567;46.09983444
1459;9.801422564;5015.598014;1.022834391;8.31628218;0.006859567;1.513651415;0.000996709;24.83939044;19.81569422;-0.09735437;0.1196326;0.018104822;-0.286789047;-5.53280892;-4.063238346;0.685273073;-0.631392285;28.6279135;15.71036687;38.54102248
1460;0.100636033;400.1709447;0.004384654;24.87264291;0.00040012;0.001140609;0.011305441;1.781227047;36.02252258;-0.493178793;0.453505117;-0.633605101;0.039532694;-6.71859593;-4.829989192;0.399715775;-0.318485007;28.0386338;82.84469895;38.6037728
1461;8.371963674;5049.438935;1.845461137;7.019257516;0.013302587;6.889197429;0.009959203;36.33083462;6.912456426;0.003357159;-0.012207465;0.016467126;0.083985356;-4.56482683;-3.340162676;0.035385373;-3.656344858;29.3159197;16.13591364;40.40418164
1462;0.097550665;421.6843408;0.004113736;24.22407182;0.000404706;0.025809443;0.014059213;1.850324536;36.25293725;-0.835445553;0.710318968;0.665084624;-0.692929743;-5.952785736;-3.840423224;0.252170175;-0.539787429;28.2657117;84.14965758;44.17835302
1463;0.905277039;1425.716694;0.030540072;11.74961541;0.003213361;0.393618002;0.000525923;9.283902281;32.56018061;-0.469984686;0.592669576;0.04511744;0.156755254;-6.084563743;-4.645305553;0.718829678;-0.630361335;27.9820329;52.38958636;40.37826339
1464;0.124595481;495.8521347;0.006641554;41.0474207;0.000573386;0.00090647;0.008318045;2.172306081;35.92638944;-0.385143999;0.213630071;-0.519539464;0.053846007;-7.279510234;-4.679573638;0.227957864;0.127679871;27.8967626;76.55606653;46.62192812
1465;0.149134721;560.8238586;0.008186955;25.63550672;0.001331407;0.043930602;0.002418028;3.523965975;35.43885754;-0.562150765;0.551469342;-0.167627542;-0.023292809;-6.667687089;-4.654738326;0.298988158;-0.23558165;28.0262307;71.98568656;44.94966803
1466;0.084838179;380.3373931;0.003589368;20.29484878;0.00030543;0.001676255;0.013921261;1.641521233;36.13124517;-0.81408119;0.335246248;-0.35650059;-0.20442879;-5.93878233;-3.65945497;0.484137403;0.010168003;28.1693093;88.04851053;42.09173511
1467;0.617933095;1205.116472;0.031914269;10.52888627;0.003286274;0.431497186;0.001055365;8.02022489;32.59070923;-0.594499739;0.473647166;0.517036785;-0.34022027;-6.002717473;-4.376484314;0.824514336;-0.085514847;28.2739153;55.13455129;39.44865701
1468;0.209384006;674.5325407;0.01424055;10.52888627;0.002013925;1.029368416;0.045065541;5.519104154;34.58891246;-0.473037213;-0.011597008;-0.276748539;0.149926019;-5.616962716;-3.377320558;-0.012069621;-0.213572901;28.6682598;63.36982877;46.04115049
1469;0.095468666;407.1268553;0.004049241;17.58627307;0.000325648;0.001358399;0.010903902;1.6635567;36.00840765;-0.794854496;0.428326884;-0.455648554;-0.099091602;-6.32073766;-4.159938945;0.658506878;-0.277879575;28.013583;82.95809466;42.9128863
1470;5.789175912;4018.578355;1.459468898;7.019292674;0.005984311;0.8335961;0.000796379;35.23195459;12.99632439;-0.03601202;0.152592539;-0.111900284;0.13800315;-4.096766745;-3.458304618;-4.087910748;-6.200494364;27.9052043;19.0138718;39.21652828
1471;0.112876299;452.023375;0.005037716;32.95997181;0.000469855;0.001027019;0.010467137;1.96287032;35.99047825;-0.380260815;0.321054719;-0.106009236;-0.072169336;-6.88971672;-4.964180806;0.338455081;-0.382706776;27.9450457;79.51575231;42.97330793
1472;8.182294176;4943.52316;1.683824302;10.45259119;0.011093947;7.002618269;0.007821283;50.36542361;3.962063806;-0.03723262;-0.032654456;1.093424807;-0.079030223;-4.190549072;-3.543259398;0.295945342;-2.412146603;29.0754595;18.03509766;39.69408576
1473;11.469865;5565.138245;1.0663396;7.896654865;0.007026359;2.245600142;0.015903279;17.52218162;20.41651883;-0.060884608;0.022431166;-0.072447859;-0.026402242;-5.389103361;-3.897218483;0.474451832;-0.499235946;28.9598334;14.66585441;39.03684722
1474;3.235823865;3521.302301;0.164169995;10.52888627;0.003502801;1.027130648;0.015287868;9.139992902;31.74306521;-0.460525334;0.299997012;0.184182618;-0.209418684;-5.662834518;-3.833810841;0.480127904;-0.262184395;28.9506773;27.20769597;45.35475219
1475;1.247639386;1811.86489;0.058672686;10.9103428;0.003305882;0.584696359;0.00172926;8.130945259;32.2084677;-0.393080042;0.496536754;1.13154066;-0.053494304;-5.89041612;-4.113975536;0.435686789;-0.513230513;28.3767692;38.87087894;41.05200021
1476;2.961893988;3199.203828;0.084592419;10.52888627;0.003843238;1.127939192;0.01792647;8.25076426;32.23136719;-0.38819586;0.007324165;0.376985364;-0.335967447;-5.530527722;-3.558197275;0.314143913;-0.37953844;29.0552916;29.38081148;46.39859536
1477;11.50367597;5310.9391;1.619118149;7.019257516;0.006922376;1.994076136;0.001087076;38.76494357;10.58687047;-0.078432418;0.05768046;0.237375915;3.83E-05;-4.890924401;-3.89727657;0.862690949;-1.984520072;28.3803897;13.89180591;38.07363634
1478;11.04431186;5805.73001;0.690020543;10.5288723;0.006459446;1.903723074;0.004552151;12.67440242;26.0948303;-0.015869691;0.007934528;0.452849151;0.044457674;-5.390917442;-3.349463401;0.252233666;-0.868313524;29.1642199;13.78038564;41.08326248
1479;0.096997714;412.9474522;0.004543484;15.1066675;0.000329553;0.001595996;0.010612542;1.685059757;35.93020381;-0.717490037;0.198980544;-0.158680629;0.159723833;-6.058643852;-3.649477673;0.446008696;-0.275097117;28.1696919;84.47871336;41.63910512
1480;0.101657126;401.8084349;0.004421946;24.56738807;0.00057796;0.003965717;0.007644897;2.098454418;35.94012298;-0.769676325;0.552385971;-0.138888807;-0.049914962;-6.375521747;-4.562933994;0.418090735;-0.555976878;28.1054297;83.09526666;38.86156123
1481;0.130740884;531.7985646;0.004662817;30.51844277;0.000524659;0.009089394;0.013700142;2.014882627;36.12017908;-0.690936708;0.588090443;1.727980597;-0.565850588;-5.645882872;-4.48819661;0.31508124;-0.299655426;28.5988789;77.67289952;48.27234355
1482;0.151298757;596.4404084;0.008767023;44.59516018;0.000808506;0.000968905;0.004554956;2.892940184;36.09996331;0.061037079;-0.242011855;0.171025882;0.013842927;-6.746278919;-3.987820359;0.056590028;0.477099488;27.698408;71.84306258;50.98597561
1483;7.704605365;5731.308972;0.60738917;10.49073203;0.00746943;4.274561852;0.003528395;38.42953397;8.971661022;-0.005036233;-0.065768046;0.698219477;0.151511982;-3.989938112;-3.116984923;-0.036779293;-3.777631779;29.1355858;18.94736653;42.60610106
1484;4.746011066;4174.211505;0.927306392;7.095551677;0.005488775;1.334626201;0.001192873;29.92697057;18.09133838;-0.186466943;0.204778793;-0.233184029;-0.234232947;-4.380167756;-3.104952907;4.66302733;-4.9884453;28.1490224;20.11228137;47.15137601
1485;0.11350108;484.4506079;0.004378958;42.03924009;0.000382798;0.001503208;0.005546436;1.711648632;36.14001897;-0.274361657;-0.007934615;-0.201178899;-0.022916702;-5.602173493;-4.108896125;0.374608005;-0.279585334;28.6791369;80.79579004;46.41629357
1486;10.75017411;5358.224418;1.847600594;8.545204832;0.010442694;6.276727995;0.009957007;62.68055344;3.914003938;-0.037537465;0.065310007;0.563268816;0.207539952;-4.406024082;-4.384018353;-0.389717959;-1.028221855;28.9671608;14.78608764;40.85793647
1487;0.215041834;769.9131663;0.014934061;10.52888627;0.002477637;1.167715929;0.042017963;7.514749885;33.09122157;-0.494399092;-0.001220948;-0.076023614;-0.319483663;-5.039384729;-4.146080686;0.330096274;-0.584787061;28.6260864;66.11975854;40.67295244
1488;0.161796441;588.179222;0.008118972;51.80516544;0.000417403;0.001082369;0.006726331;1.852596814;36.16443363;0.250251382;-0.06134217;-0.207032734;-0.046685485;-6.332634948;-4.573530077;0.300805707;-0.028667332;28.1407819;69.93556496;50.34239526
1489;9.559766897;5558.952312;0.787327155;9.38445034;0.006231327;2.204558425;0.000702931;51.30466494;10.50676745;-0.041199998;0.060121547;0.265222807;0.055890334;-5.054835266;-4.382473352;0.897572293;-0.15150201;28.732299;15.63818316;44.69785785
1490;0.132188846;540.2793406;0.005604878;31.12888582;0.000593772;0.005812816;0.008126654;2.16316465;36.03320425;-0.450452698;0.246589443;-0.244582322;0.061789766;-6.213242455;-4.44120547;0.272097413;0.230091806;28.2007228;75.46182172;48.68006669
1491;0.128645343;535.8344868;0.004955608;45.8540735;0.000369667;0.001397495;0.005197266;1.693349756;36.08890041;-0.452894651;0.114444171;-0.226323796;-0.052723411;-5.702323901;-4.390821445;0.282665756;-0.380957619;28.5275522;76.71145236;50.77094379
1492;5.161228827;4234.155899;0.463418587;10.52888627;0.005166449;1.895384127;0.036891851;13.50942137;26.68046306;-0.238502825;0.350047632;0.174519914;-0.293506176;-5.130553424;-4.364872629;0.348107251;-0.228943632;28.8044791;21.43703116;46.68032383
1493;0.123933863;532.6316225;0.004572453;12.5125928;0.001361066;0.085506448;0.005817901;3.692411521;34.94063794;-0.494399894;0.410779214;0.01940115;-0.112709675;-5.722884408;-4.611706713;0.410158421;-0.005136807;28.4054824;77.52954361;46.69846287
1494;9.95682764;5405.900227;0.743694696;10.29999744;0.008165192;3.240892642;0.019536509;18.88307133;13.39764839;-0.010986639;-0.004883104;-0.019775889;-0.046106213;-4.729307879;-4.09048049;0.355488964;-0.364510575;28.9310046;14.4689464;37.952016
1495;0.150832085;567.9788995;0.008527117;50.20293944;0.000357648;0.001268499;0.005732825;1.689486516;36.13467818;-0.29602948;0.185857507;-0.516272043;0.010090328;-6.007908693;-4.519920403;0.264311668;-0.132753816;28.390693;73.16133583;48.57014775
1496;4.011127334;4068.531601;0.077234161;10.68148214;0.004095177;1.210586121;0.002353126;5.490713473;29.75782864;-0.132450094;0.038453307;0.116909762;-0.192672594;-4.708652529;-3.565913413;0.351880695;-0.537374116;29.0974209;30.80878764;43.76765825
1497;0.098438749;415.0165527;0.002262644;33.26511133;0.000239627;0.001814101;0.019695498;1.47728473;36.21860424;-0.875880957;0.483412971;-0.802377406;-0.044552451;-5.274237878;-4.009906104;0.5560791;-0.592798342;28.7999257;85.06557256;39.49386594
1498;0.154136807;589.0446604;0.008100523;44.93849035;0.000460043;0.000987085;0.007165653;1.902463054;36.17206332;0.072634688;-0.119328103;-0.523944231;0.011894278;-6.489951321;-4.409891748;0.142830186;0.096586987;28.1496659;72.61869643;50.45927601
1499;10.1692232;5984.426709;1.096789169;8.31628218;0.007764156;2.709286738;0.000886378;36.11239804;10.89665285;-0.058595713;0.07019262;-0.060943969;-0.128572073;-5.032925809;-4.345228466;0.559576209;-0.2426788;29.0025156;15.1935457;44.57474413
1500;0.126720101;521.2986296;0.005346427;49.59257568;0.000347404;0.001195547;0.007334592;1.679865914;36.13238935;-0.333261897;0.36561173;-0.712755515;-0.075453182;-6.034620517;-4.639224949;0.378196102;-0.042073055;28.2756447;75.33169032;48.02904871
1501;8.430324306;4791.215246;1.900472495;7.019257516;0.012631956;7.373975017;0.010693885;53.18555899;2.712336501;0.011597318;0.003356702;0.077388245;0.029649517;-4.2427764;-3.677279149;-0.340095105;-3.562556597;29.1659769;16.76873066;37.88499443
1502;0.134698203;529.1646465;0.004980098;27.7336678;0.000329866;0.036181428;0.018914009;1.713077049;36.21478906;-0.831019961;0.606098334;0.691483179;-0.244695725;-5.395750062;-4.343985246;0.19209226;-0.4253161;28.6651868;76.88579759;46.25762436
1503;1.03120321;1698.042571;0.057379142;10.83406645;0.00386638;0.800805175;0.000482841;13.66076726;30.63598279;-0.491347752;0.568865036;0.305770937;0.506074519;-5.647879963;-4.44119609;0.596070241;-0.238589768;28.5234947;43.79508801;45.62203839
1504;0.139075967;558.1196531;0.00647857;50.05032;0.000650862;0.002478283;0.007571073;2.417931237;36.14917431;-0.155034482;0.022584021;-0.607473044;-0.057938339;-6.500418878;-4.177359098;0.062800608;0.147162362;27.9679767;74.43208335;51.93871236
1505;0.139501016;594.0467417;0.005690829;19.30297392;0.001753239;0.134744802;0.002977936;4.362602825;35.07187381;-0.561235352;0.56550756;-0.458302675;-0.28562745;-6.166261149;-4.302392515;0.111666835;0.052650625;28.362034;75.54339834;50.38844052
1506;0.114927386;462.021845;0.003574567;55.77259649;0.000289094;0.001606287;0.014269728;1.558300576;36.19457083;-0.621509777;0.328532259;-0.942674448;-0.078980551;-5.430325497;-4.263989994;0.509592918;-0.111764573;28.7477399;82.8846009;45.45708832
1507;0.430479142;1270.484643;0.033710292;10.52889129;0.003816639;0.6210357;0.001024996;9.473250245;30.05614992;-0.554215288;0.469984654;0.826802688;-0.310795336;-5.468805363;-4.489817709;0.678081173;0.139021459;28.6780962;54.90768866;45.56788305
1508;0.230986463;806.1184756;0.01215169;10.52888627;0.002464994;1.301232636;0.05234667;6.573878966;32.96685216;-0.393383763;-0.001220758;-0.224041401;0.05933213;-4.956927674;-3.811168459;0.20437299;-0.536162898;28.7680781;67.79613525;38.13363812
1509;0.126283742;537.717274;0.005732378;43.25998171;0.000337705;0.001403683;0.008376954;1.65119693;36.16138177;-0.575121016;0.341959252;-0.62698279;-0.125128374;-5.750516167;-4.478701033;0.457025352;0.093473759;28.5120128;77.63606166;50.20934034
1510;5.940464634;4564.17682;1.028405524;7.019292674;0.006086574;1.418189278;0.000578599;43.33666768;9.744572026;-0.033570523;0.146488781;-0.164716368;0.138055614;-3.930542341;-3.378146339;-4.140669919;-5.394743792;28.3760819;18.56065276;42.0759138
1511;0.1450329;546.9528914;0.006508461;54.93328909;0.00036805;0.001080135;0.007566266;1.721561087;36.17358923;-0.192266901;0.275277405;-0.91127027;-0.111033357;-6.199345958;-4.557766754;0.296339264;0.047700949;28.1974749;72.41337447;48.17590976
1512;9.233056124;4950.278511;1.886511931;11.29184713;0.010190283;6.397653558;0.007386139;63.16656067;2.433087737;-0.04119993;-0.020294562;1.090118514;0.095524289;-4.169316834;-3.916007124;-0.235141828;-2.214617112;29.215884;16.01338417;40.90559918
1513;11.99187727;5785.746608;1.013434425;7.896654865;0.008492809;3.182888713;0.015266787;21.18372598;8.45402224;-0.001526061;0.008850347;-0.151493471;0.059244839;-4.832972086;-4.327626055;0.432406196;-0.172029959;28.9038698;13.36632066;39.32588305
1514;4.324446119;3636.741345;0.109305381;10.52888627;0.004406206;1.561876738;0.032160027;11.49028522;28.7530156;-0.319834954;0.255134172;0.332453795;-0.313126531;-4.972544767;-4.254824666;0.515879911;-0.335341413;28.9774614;24.0145096;41.53472612
1515;0.940211746;1821.698704;0.053181809;10.68147938;0.003619663;0.657388827;0.001587207;8.864505794;29.22834671;-0.327770154;0.494095105;1.230539633;0.216724158;-5.345412111;-4.403028002;0.334148998;-0.356961804;28.8006946;38.73025128;44.50433732
1516;4.737958709;4032.815791;0.514353663;10.52888627;0.004662911;1.805659813;0.034723699;11.22016821;28.7667599;-0.197150295;0.003356615;0.265048732;-0.332687425;-4.805528018;-3.951098329;0.450647558;-0.438174129;28.9728329;27.17095176;42.62240019
1517;11.42303343;5850.749654;1.423129403;7.019257516;0.007075624;3.039672651;0.001149059;56.53835973;5.705052327;-0.077669521;0.033875996;0.220888591;-0.003278767;-4.596755767;-4.1587585;0.643671086;-1.240691805;28.8681211;14.26653005;44.88874071
1518;9.490089822;5503.179825;1.053870622;10.5288723;0.007109068;3.073432557;0.005250833;19.42863931;15.26610327;0.03997918;-0.025330403;0.042818155;0.067514004;-4.632703543;-3.756191588;0.29227851;-0.796550668;28.9350054;15.27715383;39.63222317
1519;0.115326605;474.9380544;0.005964444;48.37184005;0.000363967;0.001469358;0.00662575;1.685060846;36.14917447;-0.367137454;0.039063503;-0.265552734;-0.123378867;-5.59903262;-4.240169245;0.415234295;-0.233259365;28.5942993;79.31639114;45.33575834
1520;0.11995761;499.6643741;0.00673556;29.6029806;0.000510732;0.01075317;0.012128702;2.019496128;36.12475874;-0.688496611;0.627460347;0.256956673;-0.123058631;-5.761244633;-4.577241105;0.199761557;-0.290109962;28.4241324;77.38168874;47.64221779
1521;0.394167579;889.233912;0.005646408;14.95404959;0.001240535;0.195043298;0.002517076;3.666030842;33.71378877;-0.402233931;0.297555544;0.284376516;-0.048043303;-5.30956552;-4.207125031;0.272443123;-0.217016339;28.6626783;75.48648864;48.23080054
1522;0.122774063;525.0981393;0.005908808;28.42036963;0.000876108;0.010216059;0.00095508;3.430335504;36.06257825;0.282296519;-0.044404598;-0.082662729;-0.100610523;-6.339093164;-3.392885193;-0.016596229;0.156818944;28.4321425;78.35858648;51.8176735
1523;9.453542108;4874.641152;1.543525337;10.41443823;0.008401586;7.458483431;0.004725467;46.99013128;4.04292896;-0.005188646;-0.043031585;0.480852926;0.092228121;-3.351142438;-2.398422507;0.184202097;-3.549235603;28.9964587;14.64126656;37.5405674
1524;4.036366891;3922.893101;1.36017152;7.095551677;0.005812952;1.9547501;0.001760282;34.56683264;16.39985805;-0.185856538;0.199895898;-0.178966489;-0.178313936;-3.947823918;-2.598840313;4.396113215;-4.401130307;28.7975943;21.97388293;46.64375825
1525;0.113264313;445.7089132;0.005256613;22.43110688;0.000437866;0.001832814;0.004724911;1.685922428;35.95004126;-0.227668241;-0.024109611;0.11836578;0.116959428;-5.244916474;-4.134808841;0.313573024;-0.022072281;28.5852412;81.0903516;43.8770654
1526;10.56349374;5228.512502;1.681117803;8.545205159;0.011202096;7.071995627;0.010567548;71.65774959;1.340526958;-0.041199675;0.079958846;0.517146292;0.278344281;-3.745258347;-3.766249285;-0.388656634;-1.442401111;28.7957905;14.41728368;39.70130778
1527;1.617557552;2348.048321;0.074337692;10.52888627;0.005834358;2.974385804;0.054931783;17.0031796;25.22050269;-0.327768658;0.144657671;-0.049534489;0.049356617;-4.814599336;-3.96376039;0.32246228;-0.485666555;28.8926673;32.5381483;45.8608278
1528;0.132694475;542.8481028;0.007544524;33.57035946;0.000626831;0.001336987;0.002891849;2.410128725;36.13849302;-0.246284584;0.029602978;-0.362666462;0.013619259;-6.237285307;-3.946352076;0.231871344;0.014301173;28.5182923;76.38590521;51.41962417
1529;8.859244503;5177.455942;0.987571017;9.38445034;0.006198606;2.569911952;0.000465843;54.60164009;7.793672165;-0.067140818;0.113223742;0.344298904;-0.008567237;-4.544480368;-4.095635381;0.854900805;-0.191594015;28.9432403;15.83647569;42.52628164
1530;0.127398867;539.5203363;0.006716572;22.65998051;0.000765074;0.02637981;0.002890017;2.554235198;35.77227238;-0.451368429;0.43610915;-0.500512964;0.024762871;-5.800464499;-3.844202295;0.310348326;-0.051922475;28.6672093;79.19008069;51.08186464
1531;0.113072354;475.7384788;0.004884823;31.28142148;0.000406216;0.001652136;0.003427603;1.703853771;35.99505585;-0.339671161;0.053407338;0.198932;-0.046232011;-5.567898511;-4.183378453;0.314090677;-0.10905781;28.3987215;82.51916009;44.80310357
1532;6.235227779;4517.632755;0.625616389;10.52888627;0.008994192;4.575449409;0.032899596;23.54439404;17.84114928;-0.248878806;0.273751007;0.095368051;-0.08259029;-4.764541365;-4.078551026;0.325194584;-0.645404653;29.1360394;20.47720229;41.21766299
1533;0.37286619;865.8423041;0.009707089;10.83408878;0.001964811;0.500578721;0.00164603;5.504805629;33.59171545;-0.518814297;0.452894547;-0.13548696;-0.41945282;-5.349733391;-4.057280223;0.419061275;0.127916304;28.5753335;69.93956118;50.23737043
1534;13.51480251;5516.306437;1.736379598;10.29999744;0.010973052;6.681369967;0.016372091;36.60395633;5.498307427;-0.013275548;0.031891855;0.07903637;-0.013182773;-4.186141667;-3.369054229;0.264399804;-0.949802791;28.8468393;14.29804806;37.91226796
1535;0.115135599;485.298292;0.005381904;28.76369622;0.000378961;0.001451867;0.004340846;1.710137188;35.99581884;-0.50019832;0.079653289;0.012487826;0.021457705;-5.84276804;-4.142377028;0.227100853;-0.100588922;28.583721;79.53390326;45.76320306
1536;9.985260229;4649.603944;0.329148099;10.52888627;0.006584486;4.771213988;0.003409882;20.63897807;15.62775728;-0.086672502;0.036927277;0.189369821;0.011522622;-4.146070749;-3.076481226;0.173317827;-1.01835696;29.1788227;19.28956318;41.33931839
1537;0.124923609;506.0858305;0.006590303;25.48277572;0.000531405;0.025711794;0.011304647;1.696410176;35.01693301;-0.399487344;0.20416886;-0.074298601;0.080627494;-4.914693419;-4.005791536;0.456086971;-0.372526839;28.7582624;80.68865907;46.3874383
1538;0.13062055;536.8104059;0.006227678;34.1044471;0.000711305;0.001293601;0.001981741;2.744579427;36.1896114;-0.021667846;0.130923954;-0.811506151;0.008604616;-6.258858747;-3.752507562;0.15499543;-0.046294682;28.6411731;77.12736382;50.82119201
1539;8.557724312;5348.607346;0.484782045;8.31628218;0.008030786;3.951066091;0.000724341;43.62036851;6.176202899;-0.090335076;0.115054936;0.210798273;-0.115448717;-4.534126044;-4.10809418;0.677994893;-0.5314563;29.0390663;15.12161793;43.03086171
1540;0.111838318;508.0460753;0.00545329;25.78817157;0.000437719;0.001416937;0.005160712;1.771937888;36.06067066;-0.55055391;0.184942076;-0.205443439;-0.029827294;-5.800715665;-4.047467341;0.36083402;0.057480808;28.624451;81.91786357;51.02811999
1541;6.684753971;4293.449092;1.788927501;7.019257516;0.012688138;7.911259113;0.011259125;63.15037371;0.936156569;0.008240299;0.01312262;0.085621066;0.042823101;-3.4983469;-2.914777893;-0.030387492;-3.149818175;29.0151508;16.84301259;36.62716383
1542;0.666076755;1167.681611;0.008872844;17.31933817;0.001047573;0.188898082;0.003371172;3.216257745;33.56617415;-0.309000256;0.258491634;0.180837688;-0.240809487;-5.200110632;-4.124306793;0.197652416;-0.361051766;28.8209874;60.77234599;44.55107287
1543;1.625120056;2391.158607;0.062924955;10.52888627;0.004189615;1.612937006;0.000345632;16.38333845;27.05311058;-0.540787822;0.723288745;-0.037035637;0.703627214;-5.108893007;-3.858738414;0.541997322;-0.191958904;29.0459244;34.02521112;48.26805271
1544;0.124785789;538.0814003;0.007692099;25.63554087;0.000818263;0.0167974;0.002088305;2.911168257;35.92333682;-0.065920448;0.300912852;-0.656740723;0.000804522;-6.046514538;-3.602284859;0.103459509;0.122697665;28.6000002;78.36896555;51.25074544
1545;0.180809039;947.1065212;0.007394337;12.2837084;0.001942561;0.579127555;0.002702862;6.115922995;32.83792317;-0.462355273;0.658589165;-0.227189468;-0.051301297;-5.669370162;-3.684623355;0.057887263;-0.034441439;28.7172258;71.02583276;49.56912102
1546;0.122088272;488.6924769;0.005914389;28.57296147;0.000469894;0.006198877;0.006390723;1.678367535;35.59488072;-0.355388211;0.154271207;-0.369184469;-0.019724207;-5.176268094;-4.139129023;0.435527399;0.007107159;28.6437001;79.2545314;45.45949505
1547;2.581573819;2730.688755;0.061731467;10.52888627;0.005013116;2.00130995;0.000697409;13.70967929;25.44175294;-0.58290322;0.457167116;0.164344574;-0.208220961;-5.03658432;-4.182466157;0.661793045;0.198932255;28.939062;36.81293843;47.7868765
1548;1.274739194;1889.561336;0.048207499;10.52888627;0.00594204;3.579421551;0.069976427;16.28887685;24.68717827;-0.232856325;0.132145152;0.100396032;0.159716706;-4.608195458;-3.727669714;0.126321273;-0.573523603;29.0550462;38.91265249;45.54778158
1549;0.132113441;510.6736845;0.01130972;32.76924992;0.000423605;0.003250874;0.004035394;1.734899948;35.90388251;-0.37369909;0.102389405;0.02579304;-0.112006526;-5.579714398;-4.199388041;0.443463694;-0.018284784;28.634901;78.09994485;45.38658204
1550;5.794249637;4634.058004;1.332336806;7.019292674;0.006191875;1.830854333;0.000430205;52.04434385;7.21764624;-0.03662247;0.184331822;-0.059082039;0.167584883;-3.455088774;-3.049689798;-3.714939243;-4.761382366;28.7311718;18.38585856;44.16958823
1551;0.123174822;528.9752559;0.005061418;29.60295313;0.000622578;0.001353448;0.003692741;2.265738025;36.14612259;-0.426038455;0.231330563;-0.492250062;-0.033046746;-5.983231322;-3.892161355;0.294384723;-0.11754637;28.6017222;78.92456876;50.96966384
1552;8.189166918;4629.10181;1.817949047;10.91037208;0.010704133;6.760616454;0.008040188;68.38344224;1.092181509;-0.031739187;-0.021667997;0.691613295;0.105403611;-3.426140014;-3.170560569;-0.291873414;-2.096298275;29.1346231;17.51323581;38.96043064
1553;10.77266559;5754.63483;1.108845329;7.896654865;0.011412202;6.545939669;0.013878302;38.89437488;2.950006676;-0.00671415;0.032197082;-0.042795407;0.088890191;-4.304479708;-3.809548857;0.461934456;-0.782747522;28.7235424;13.6277987;40.75611379
1554;7.773292713;5196.348417;0.391332323;10.52888627;0.008679273;4.872793115;0.064385073;23.86080325;18.22566137;-0.230414605;0.172429347;0.20078345;-0.016582705;-4.674303033;-3.912235118;0.507062994;-0.755743566;29.0005742;19.65013853;42.96351738
1555;2.478852002;3021.935454;0.065094846;10.52888627;0.005774296;2.405250313;0.00099553;14.97232149;23.03613818;-0.363170428;0.395825181;0.358761124;0.210608939;-4.956497505;-4.189771563;0.321736078;-0.575106474;28.971059;35.48295402;41.06308869
1556;9.099004192;5064.466701;1.022226413;10.52888627;0.008827774;5.353509289;0.057822033;23.51576406;16.98509245;-0.132450588;0.049439989;0.245331195;-0.057664411;-4.42510625;-3.532968211;0.357214375;-0.910591637;29.0286825;21.28210076;42.2648151
1557;9.599365641;5185.85388;0.878997259;7.019257516;0.007076775;3.442991264;0.00116801;63.87263934;2.821051626;-0.085604283;0.065462625;0.204404031;-0.006560947;-4.011369642;-3.89327687;0.720333869;-1.379777785;28.7219535;16.92726505;40.83542513
1558;13.13537582;5458.168495;1.652999684;10.5288723;0.008869753;6.284406711;0.005976722;39.04375641;7.116140774;0.008545183;-9.35E-08;-0.003292126;-0.051050379;-4.05186941;-2.957614443;0.338766913;-0.884037266;28.9052696;12.67682892;37.70980614
1559;0.113337437;476.6192458;0.004940571;24.79627464;0.000422155;0.001752884;0.005378102;1.640609332;35.98132246;-0.262153992;0.014038462;0.045872655;0.01973043;-5.301880918;-4.152281349;0.413830935;-0.089955855;28.6295317;81.18283428;45.66539711
1560;0.235579248;678.3438143;0.006204527;19.37925511;0.000902496;0.135211381;0.003134997;2.883362575;35.20920271;-0.543839662;0.286263702;-0.297659324;-0.187979308;-5.439599832;-4.129374009;0.256417498;-0.131499166;28.669005;75.59582274;50.74463999
1561;0.837947089;1325.509795;0.01860212;10.91036295;0.002912007;0.98631027;0.002682924;7.301202639;30.86335909;-0.385754286;0.305490461;-0.245930798;0.061045474;-5.352817193;-3.663102228;0.285868498;-0.252625291;28.9775775;55.63968148;44.82153264
1562;0.141826498;571.4563155;0.007811318;37.38518674;0.000811197;0.007450635;0.000728252;2.949545505;35.78180836;0.064546801;-0.042268134;-0.322653554;0.020666531;-6.705644512;-4.397708553;0.02766205;0.332435531;28.6881829;74.91532481;49.21030631
1563;14.0070186;5916.999657;2.000199794;10.41443823;0.008627802;9.565552795;0.003445629;49.24323944;3.08198259;0.004730112;-0.0054936;0.352402992;-0.088910467;-3.240608983;-1.7940146;0.769606964;-2.935064187;29.2483496;13.49418516;42.14142964
1564;5.036292125;4030.063458;1.376537366;7.095551677;0.006313914;3.284792522;0.002376426;49.13501341;11.379568;-0.236211886;0.248115153;-0.379992981;-0.21818555;-4.124300515;-2.51287748;4.782892031;-5.176702711;28.6030484;20.57886965;39.53128314
1565;0.118659222;458.4456452;0.005560212;18.38741606;0.000546052;0.002175499;0.001563479;1.738525583;35.66011564;-0.109256283;0.066835448;0.223915115;-0.042749248;-4.888906995;-3.64585385;0.413656605;-0.602475967;28.8060987;81.87436491;42.72065798
1566;9.852944226;4993.972271;2.612356581;8.545205486;0.010611067;6.870439063;0.008605327;77.83705829;0.489822692;-0.039063431;0.089419535;0.459501122;0.271742777;-3.679011902;-2.730761787;0.009436034;-1.797976607;28.865688;14.83534773;38.50811084
1567;3.150352507;2953.105342;0.090719426;10.52888627;0.008280638;4.380300445;0.050012771;23.02849617;20.84872717;-0.28626347;0.13245033;-0.02646743;0.075722523;-4.502566373;-2.951332732;0.290533417;-0.526316451;29.1235046;30.98830082;42.11129969
1568;0.112790041;484.1918929;0.004483992;34.79109745;0.000338686;0.001214989;0.00149772;1.63770481;36.02481152;-0.274666615;0.035706647;-0.090943263;-0.016461578;-6.316361953;-4.380973125;0.228503534;-0.31290225;28.7374928;80.60747579;48.07215907
1569;7.597332933;4777.355991;1.030590271;9.38445034;0.006906029;4.066136053;0.000479283;69.44938254;3.186143842;-0.07110825;0.112613444;0.535425291;0.083622132;-4.613134644;-3.205470048;0.787976068;-0.589708114;28.9923985;16.69374198;38.04385231
1570;0.124981225;527.9516781;0.00670786;21.3629592;0.000392721;0.00452608;0.00092869;1.771649264;35.83788708;-0.450147928;0.207525432;-0.179654997;-0.107029481;-6.120172479;-4.234453612;0.342935181;-0.255129681;28.7827319;82.31462408;47.31148888
1571;0.133518638;513.1900511;0.005358594;20.44739508;0.000588296;0.042981199;0.001475649;2.164300604;35.75853645;-0.366832481;0.025635468;0.118049262;-0.174773434;-5.290192202;-3.834008479;0.25892364;-0.264152984;28.715338;75.03179251;44.18236524
1572;8.239140658;5279.296428;0.372829004;10.52888627;0.010805151;6.149107317;0.021004066;27.08587067;14.61419445;-0.280618145;0.304879798;0.095324768;-0.122153331;-4.656598064;-3.180973939;0.334506999;-0.676354852;29.0953432;16.20386297;39.58976808
1573;0.74978374;1269.304106;0.020906353;10.98666847;0.003518625;1.343917463;0.000345101;9.005804777;30.56733051;-0.466933328;0.379040123;-0.419152266;-0.237441777;-5.587153989;-3.817334848;0.400405461;-0.270260863;28.9021862;54.50265474;45.04767709
1574;12.51723791;6073.430214;1.496545882;10.29999744;0.011237754;8.140219872;0.018759903;36.88814475;5.366314719;-0.014496322;0.043183695;0.131731132;-0.072469763;-4.102272968;-2.437572225;0.318499544;-0.649345138;29.115775;13.72109949;41.86105366
1575;0.120839163;497.0144455;0.006259172;25.8644249;0.000335502;0.001565101;0.001415593;1.637199461;35.91265596;-0.384228084;0.071108041;-0.1191173;-0.013168243;-5.82612951;-3.975224168;0.329495313;-0.383731289;28.7602377;80.3523431;45.02998136
1576;7.144612827;4516.628014;1.133406216;10.52888627;0.006015968;5.204041104;0.003737802;21.06765792;14.8640345;-0.130924359;0.057374667;0.204187959;0.006582332;-4.044061845;-2.218482326;-0.051538559;-0.669835551;29.3480494;19.22387403;39.80348451
1577;0.14837051;621.0155393;0.007425849;14.80149659;0.001275694;0.037092888;0.013414399;2.506773871;34.77277673;-0.285042224;0.168461887;0.213955961;-0.225741452;-4.429721001;-3.149864089;0.411051217;-0.37186498;29.1357007;73.40624494;40.92282344
1578;0.113519126;496.5373486;0.004309499;33.26517604;0.000452719;0.001097675;0.001521346;1.812322683;36.05456706;-0.293893071;0.010070994;-0.188546569;0.039972212;-6.466700162;-4.466926671;0.209088428;-0.213572987;28.7393936;80.65975108;49.28462793
1579;11.34814324;5613.452911;1.4487812;8.31628218;0.009484881;5.836709076;0.000724822;53.29501451;2.356805947;-0.076296682;0.1205483;0.139966861;-0.023235787;-4.632120424;-3.114655642;0.503686127;-0.668793888;29.1149507;14.18430658;38.73607619
1580;0.120909315;489.500767;0.005029751;27.7718506;0.00034585;0.002353266;0.001087516;1.673702216;35.91723309;-0.406506427;0.12390508;-0.132544488;-0.062635965;-5.962375951;-4.066987612;0.33185853;-0.376891396;28.8428006;79.08394423;47.62395561
1581;9.180690956;4849.324034;2.031112819;7.019257516;0.011291103;7.114425993;0.008782772;75.78221208;0.284586088;0.018616558;0.027466336;0.115262538;0.034589004;-3.382205128;-1.999561699;0.548054846;-2.75279623;28.9039283;15.48011003;39.56033953
1582;2.013044651;1630.085709;0.044946571;11.48260613;0.002950482;1.11916515;0.004913103;7.58984592;29.91463575;-0.338755445;0.245368634;0.052349937;-0.046269552;-4.969955238;-3.519740189;0.219890399;-0.722957062;28.8930272;39.43049302;41.28793165
1583;2.406744703;2915.376441;0.055968266;10.52888627;0.005983478;3.531403098;0.000265003;24.34229762;23.14673819;-0.579851659;0.74098947;-0.123175171;0.318424704;-5.500813282;-3.6881185;0.646214002;-0.821700811;29.0436117;31.22730482;45.35753173
1584;0.125022162;509.3641141;0.00644142;24.41480308;0.000455655;0.001059799;0.001945497;1.796870843;35.83330759;-0.372326099;0.136112869;-0.52884476;0.083126748;-6.500601491;-4.376599021;0.12238591;-0.100275222;28.7685227;76.27363608;48.71457166
1585;0.87378269;1361.919328;0.035124578;11.97853132;0.002449209;0.945282545;0.000190383;6.579543748;31.23036007;-0.557266978;0.541092579;-0.624048122;0.692997743;-6.091652214;-4.124459554;0.102151623;-0.253495029;28.8304724;54.60257528;44.16785051
1586;0.186484887;656.7157599;0.006781538;15.29738827;0.001269228;0.169867164;0.005277409;3.272095803;34.16775668;-0.274971868;0.121616382;-0.207746928;-0.05598447;-4.850525907;-3.461785978;0.436694993;-0.258430308;28.8393636;76.52917543;41.96552693
1587;4.328654164;3326.875701;0.101590243;10.52888627;0.006838472;3.733253822;0.000372893;18.16798655;21.29734082;-0.556657396;0.46876417;0.134572237;-0.016925053;-5.215320847;-3.522252809;0.597664947;-0.150328996;29.0589431;31.73406896;41.54511184
1588;1.97328237;2285.245253;0.053981475;10.52888627;0.00677862;3.65833226;0.049844759;18.76262501;22.74619728;-0.200811888;0.121158496;-0.018161284;0.163015151;-4.168049406;-2.796053214;0.020666873;-0.385164804;29.0206809;35.4336965;41.84285099
1589;0.201763846;623.6359057;0.011874273;17.35741693;0.001051867;0.164842164;0.001417055;3.16070579;34.58968195;-0.319070879;0.12314196;-0.06640409;0.026385118;-5.424914826;-3.788026614;0.345338896;0.048260526;28.7681898;66.54490386;41.6708105
1590;6.1236251;4622.064698;0.920075605;7.019292674;0.006612673;3.222448426;0.000435691;66.44573151;3.076282039;-0.048830042;0.203863653;0.026690024;0.167315759;-3.54737348;-2.46630939;-2.830018038;-5.72672563;28.9327779;17.89755329;42.14638249
1591;0.10750994;469.2901867;0.003823932;30.36589639;0.00035469;0.001300232;0.001182954;1.683891395;36.04998921;-0.357677045;0.097048974;-0.195235348;-0.026134983;-6.160485156;-4.253911613;0.360809067;-0.419534186;28.8131402;82.29452184;48.80707271
1592;10.31120887;4417.746017;1.951370206;11.7496232;0.010635846;6.50408856;0.008686011;70.77993668;0.380718549;-0.015564376;-0.017547982;0.675153538;0.102109147;-3.05657051;-2.250141638;0.373876305;-2.235074022;29.0543323;14.481279;34.70247036
1593;11.91022996;5528.275526;1.410116602;7.896654865;0.01213344;7.954317854;0.014593313;41.50729993;2.045893162;-0.003814931;0.052797044;-0.09549412;0.049353032;-4.280545128;-2.782047515;0.44541251;-0.49576391;28.8890856;15.81011936;40.28179117
1594;7.404481235;5162.290791;0.990517158;10.52888627;0.010273904;5.939817621;0.022108628;26.72839285;15.04944083;-0.252998236;0.189519788;0.14642524;-0.098939776;-4.436290215;-2.864022838;0.42373017;-0.725862409;29.08465;19.1980513;42.29433674
1595;5.19695727;4051.863671;0.10793561;10.52888627;0.007604884;4.07621521;0.000574205;18.98847915;19.35483882;-0.385753879;0.42725922;0.24335415;0.246831117;-4.988915705;-3.418746591;0.297164308;-0.562805659;29.0226825;23.45291119;43.32806121
1596;6.40081265;4352.093621;0.579440027;10.52888627;0.00964002;6.222718911;0.049565051;27.86732342;15.00825054;-0.171209048;0.068666623;0.141578137;-0.01649686;-4.218777919;-2.559937119;0.209275922;-0.459802593;29.2153274;19.97225143;39.85722944
1597;11.32512038;5407.744373;0.853977159;7.019257516;0.007063994;4.067925054;0.001264574;77.90293779;0.773262055;-0.080873908;0.074465547;0.164863529;2.33E-05;-3.99473442;-2.798202679;0.756347719;-1.819240257;28.8502004;14.58915008;37.18888438
1598;11.36554204;5540.907654;1.331435983;10.5288723;0.008627596;7.552202866;0.007235778;37.8494771;7.429718045;0.007324448;-5.38E-08;-0.059279903;-0.105392155;-3.960384016;-2.135183612;0.126592455;-0.850807196;29.1943273;13.67227639;38.77797276
1599;0.128746165;493.1871775;0.005959448;18.00591513;0.000716587;0.008174803;0.001168849;2.110395611;35.62807048;-0.199896125;0.016174889;0.480746385;-0.173002191;-4.956182076;-3.707777524;0.414493666;-0.386394305;28.8178497;76.45719863;42.26797165
1600;0.245508541;861.4093819;0.017244318;12.05484379;0.0021189;0.606424778;0.00081569;5.6557065;32.92031765;-0.37720907;0.265511099;-0.254261782;0.089057314;-5.62318253;-3.777665328;0.341800153;-0.543341852;28.9215443;64.80074955;43.87365669
1601;2.342224583;3190.889802;0.041979874;10.52888673;0.004392154;1.779483987;0.000707027;11.99655429;28.04954926;-0.435499131;0.480972267;-0.447245422;-0.17654823;-5.556676521;-1.248519343;0.136202551;-0.550297647;29.5625156;50.75847139;41.07159325
1602;0.28057275;768.0504545;0.02410557;12.62703803;0.000797974;0.189121075;0.000955512;2.888807954;32.84898119;0.170751362;0.133976428;0.287606625;0.063638781;-7.072993613;-2.695591382;0.177465824;-0.474692105;29.0283083;58.31781395;45.34179219
1603;11.44054142;5764.904415;1.281809926;10.41443823;0.008267275;7.657165189;0.002674987;60.88897948;3.817478359;-0.051270764;0.04470899;0.853013336;-0.279939751;-4.744900908;-0.521048117;3.436144424;-3.246334982;29.7674181;14.44943228;38.31762796
1604;9.105272149;4722.321916;1.006740369;7.095551677;0.006544911;3.567488047;0.003579599;60.9421374;9.162411688;-0.269171674;0.297249806;-0.360292675;-0.134523577;-3.910442389;-0.429235362;5.296597321;-3.073783192;28.8160684;14.99822485;35.40489054
1605;0.135014061;520.1245193;0.007386049;13.9622464;0.000655996;0.002395345;0.010162499;1.370292002;35.54567074;-0.074465597;0.133671547;-0.428315011;-0.080495301;-5.24977775;-0.676622672;0.104094663;-0.414622809;29.4267094;75.72925317;42.51944784
1606;6.914749502;4691.674434;1.7841094;8.545205486;0.011428585;7.36549191;0.010489521;72.67472882;0.21897136;-0.050355207;0.211493485;0.401834643;0.428148151;-4.668859232;-0.665845013;-0.318156457;-1.059770449;29.3550312;17.56729488;38.04965832
1607;1.784694295;2659.72077;0.026472746;10.52888627;0.006706258;3.478234271;0.065851323;18.14682434;25.42497475;-0.471815748;0.249641489;-0.369115171;-0.01982799;-5.432241601;-0.612955087;0.049131166;-0.293353422;29.3440722;48.99499557;44.55078132
1608;0.125110523;480.3510308;0.006135192;24.33850572;0.001633436;0.509813527;0.000346054;5.370397729;35.42359557;-0.077822329;0.08178997;-0.39800874;0.033073455;-6.334509284;-2.192449216;0.278161737;-0.362607625;28.8977369;76.98369636;45.19988113
1609;10.87446652;5354.995764;0.3899455;9.38445034;0.007312729;4.45672828;0.000610209;78.38115141;1.533562983;-0.112308357;0.218207553;0.832086719;0.104731159;-4.819514509;-0.701272158;0.096126568;-0.484004177;29.3421934;15.92603137;39.91726118
1610;0.594373346;1338.158308;0.019117821;10.60518574;0.003599669;1.697743555;0.000175686;10.54570656;30.19654491;-0.307931467;0.409252967;-0.381522597;0.00498678;-6.192229679;-1.906463017;0.289961254;-0.446438388;29.1075959;55.99307147;41.56244023
1611;0.135285835;532.0675194;0.007526531;14.19113492;0.001344715;0.117328327;0.005210683;3.1901267;34.90325713;-0.276192246;0.272224466;-0.270491804;-0.070852758;-5.507934903;-1.169941784;0.281792578;-0.491051488;29.1201173;74.83469548;39.38533522
1612;11.84402761;5962.08749;0.458191012;10.52888627;0.01080538;5.843060473;0.075214185;28.82232183;16.78254662;-0.345623213;0.626392593;0.269924182;-0.409049;-5.255637783;-0.722438746;-0.083071933;-0.41503548;29.4020999;16.20892313;41.06039474
1613;3.391260819;3494.09448;0.112324432;10.52888627;0.005873526;2.879982407;0.000513048;15.95666495;24.96718364;-0.567644495;0.622577906;-0.561250843;0.019723132;-5.637474998;-1.422875509;0.214240174;-0.357828978;29.4370964;32.13952531;39.039463
1614;11.27992114;6110.89157;1.027935126;10.29999744;0.009626849;5.233285165;0.043687714;28.54425567;14.89420148;-0.151372041;0.165715565;0.138298806;-0.138373138;-5.459445706;-0.667517088;-0.28904775;-0.260478422;29.4277318;14.34580645;43.60145249
1615;0.183800434;688.211339;0.009510691;14.64890052;0.001824053;0.372950653;0.000471531;5.320416143;34.97268666;-0.347605648;0.166325769;-0.353208378;0.046399075;-5.872844028;-1.684572746;0.281407067;-0.488989758;29.1756505;71.72350519;45.7342715
1616;3.733296126;3408.537619;0.065153135;10.52888627;0.003620322;1.171473354;0.002932039;7.701348726;29.16195213;-0.383312314;0.228888893;-0.105408953;-0.298066709;-5.802957795;-0.387178452;-0.460326956;-0.460534011;29.7320161;28.86051146;43.08223724
1617;0.190249914;798.4426548;0.007329336;14.72529032;0.000944621;0.035760228;0.009465391;1.938469603;34.49125418;-0.60060384;0.46662727;0.571287544;-0.183108425;-5.408985813;-0.441268735;0.136998205;-0.214619335;29.3245645;73.9794727;46.05095582
1618;0.179039858;607.8203392;0.007823188;16.32741918;0.001706679;0.695581133;0.000493205;5.634414334;34.31959443;0.011597206;0.204473853;-0.357754727;-0.006525234;-6.58717978;-2.272731854;0.355013321;-0.315080586;29.0101449;73.54015096;45.44524555
1619;11.89699627;6111.957664;0.777768168;8.31628218;0.009971652;6.080568036;0.000901401;58.98841946;0.6569149;-0.100406308;0.198980899;0.172857571;-0.011742854;-4.937826362;-0.694063163;0.129135155;-0.44369168;29.3393444;14.93633888;41.61791878
1620;0.407584321;1030.479534;0.01665821;11.59702716;0.002676902;1.007956899;0.00019944;8.033905848;32.99661456;-0.344858982;0.272835444;-0.303837397;-0.019841714;-6.012288541;-1.758571405;0.266847269;-0.341304935;29.2087751;60.80078545;43.0821002
1621;11.87202331;5848.682793;2.08991707;7.019257516;0.012870841;7.992498462;0.008771141;71.38389376;0.092323041;-0.05371262;0.085756733;0.372146828;0.113623998;-5.003666466;-0.55908701;1.566412427;-3.014637615;29.6151402;13.04364628;40.40691987
1622;0.955115195;1943.843245;0.01470901;10.83406886;0.003308053;1.151483985;0.004463231;8.526425786;30.37813548;-0.443281052;0.360881016;-0.514295637;-0.013231112;-5.406449611;-0.893551154;0.043899207;-0.473430614;29.4218785;55.88141237;40.53471434
1623;6.101434519;4118.561332;0.190835496;10.52888627;0.006915159;4.529836128;0.000399778;40.10179839;16.16410964;-0.586565391;0.76723511;0.351801405;0.176427533;-5.489307502;-1.212382563;0.365003642;-0.679711173;29.3591286;23.44583102;38.56144264
1624;0.466397123;1103.817306;0.03311097;11.13925549;0.001923057;0.887489023;0.000338788;6.328820152;31.45542477;-0.046998874;0.238654849;-0.415383223;0.013986361;-6.654371747;-2.277449356;0.30945335;-0.391659026;29.0494085;49.44413576;42.00846848
1625;2.843719863;2795.811942;0.396057146;10.52888627;0.005253398;3.195764522;0.000186877;19.2799955;24.75509432;-0.603045325;0.685445493;-0.556793251;0.081338542;-6.128213062;-1.738797285;0.171584289;-0.734354396;29.4126878;31.63753555;39.36867468
1626;0.229148918;735.3834975;0.007611527;17.77700372;0.00114811;0.106980445;0.00795874;2.593460689;34.65796185;-0.479292959;0.386364087;0.194218048;-0.26059632;-5.344550994;-0.772109195;0.072887378;-0.031046009;29.3412585;72.42882921;41.71175915
1627;8.420048417;5605.343026;0.351707377;10.52888627;0.00810889;4.374441656;0.000664272;24.34535908;16.91640886;-0.629901833;0.695211043;0.467469502;-0.234955187;-5.35067158;-1.093059906;0.131702604;-0.416456731;29.5472574;19.98191526;40.50515857
1628;0.88487337;1623.425204;0.026225768;10.52888627;0.003911429;2.040486561;0.051914138;9.340206925;29.9203388;-0.523697715;0.23529774;-0.364049717;0.153131444;-5.576983419;-0.460785867;-0.314823743;-0.151456208;29.332909;51.01586983;47.40075871
1629;0.243700232;871.6707939;0.015583441;11.33000343;0.002283619;0.605415995;0.001945253;6.174788921;33.38916202;-0.311899206;0.253914219;0.204150899;0.059007891;-5.633856325;-1.268123602;0.163738084;-0.298712869;29.236334;65.55261396;38.40541507
1630;8.831293173;4820.528207;0.501368225;7.019292674;0.006999124;3.577589247;0.000481736;77.50494438;1.957773133;-0.064699879;0.239875949;0.382967393;0.124176577;-3.636104867;-0.541746111;-0.518833045;-5.904974872;29.3204521;15.15587257;38.39153329
1631;0.349331742;886.9701146;0.016070512;12.35999147;0.002565911;1.068435933;0.000258318;7.857311882;33.05459378;-0.227057813;0.264290455;-0.389522497;0.056043373;-6.222792164;-2.011555778;0.308984987;-0.503340798;28.9838496;61.41018072;42.59804341
1632;13.01847633;5800.061527;2.155919143;11.59703198;0.010943496;6.688219448;0.007441132;71.48012857;0.097277755;-0.040284435;0.013275843;1.070372525;0.148205003;-4.572871443;-0.752278739;1.150803804;-1.580452976;29.4082621;12.37424581;41.15331283
1633;12.56178785;6050.352344;1.080039378;7.896654865;0.011510833;6.355107232;0.021293924;34.4283603;3.939573117;-0.039063856;0.157017929;-0.009830188;-0.003389444;-5.222457502;-0.662688042;-0.165429519;-0.21303399;29.3953838;15.00810933;38.56729951
1634;6.878623518;4855.92938;0.212383861;10.52888627;0.008974453;4.613492644;0.069938489;24.60401267;20.84109275;-0.433668367;0.44282316;-0.133670558;-0.113845518;-5.403435934;-0.660712134;-0.047013035;-0.10967861;29.3944529;22.92265433;44.52248125
1635;9.506874464;5546.588135;0.65846603;10.52888627;0.008398895;4.018396003;0.0021115;21.21081247;18.01582649;-0.429701574;0.718405798;0.485573975;0.02897296;-5.287207033;-0.931445416;0.248629299;-0.759897917;29.4718391;16.60863549;43.1893543
1636;4.118041491;4097.129768;0.066356244;10.52888627;0.006002429;3.029961916;0.054241273;14.68312098;24.85733752;-0.374767326;0.213934277;-0.070921788;-0.04286678;-5.543204851;-0.623631716;-0.111166091;-0.100749086;29.412285;28.16958027;45.27770462
1637;9.478073862;5887.114576;0.56768647;7.019257516;0.007565304;4.477668531;0.001116904;84.92284045;0.336466198;-0.112307949;0.142064041;0.069332593;0.003278872;-4.405620663;-0.417746609;0.586553942;-1.439153182;29.5670941;17.18999393;43.15572059
1638;9.6271576;5689.932521;0.913439069;10.5288723;0.00587789;3.171746874;0.009548488;21.75119008;22.14115907;-0.195623604;0.188909387;-0.181137111;-0.097163705;-5.746764207;-0.522664075;-0.234016285;-0.422833802;29.6540171;15.54527959;43.82623651
1639;0.164106186;564.6682262;0.008278951;14.34367786;0.000832377;0.004183211;0.008802862;1.642718045;35.31907122;-0.267036494;0.249641016;-0.705260979;0.001840256;-5.304118102;-0.84427341;0.219082658;-0.378227369;29.4288186;72.95981388;43.46211249
1640;1.890288187;2484.421297;0.035278712;12.35987536;0.004329052;1.827859813;0.000655273;12.04673633;28.95443346;-0.421155279;0.439467035;-0.439337166;-0.32315964;-5.671648912;-1.443094037;0.296279516;-0.536228208;29.3220835;49.03789127;41.74677011
1641;0.316482894;940.7192086;0.01006062;12.66516431;0.001712855;0.283245985;0.00242514;4.799299503;32.82188566;-0.485853602;0.744042054;-0.249807512;-0.507238525;-5.017166191;0.573691673;-0.308932794;-0.049417155;29.2951622;71.58337897;46.75656459
1642;0.51006186;1086.966282;0.04091188;10.56703583;0.002795408;0.775605953;0.000155355;8.458981644;31.94181798;0.066530771;-0.228277979;0.522586424;0.041811885;-4.708176131;-0.254614433;0.445623018;-0.343281933;29.123116;45.79201541;38.93117505
1643;9.495549737;5760.849065;1.07328667;10.41443823;0.006709659;2.294430651;0.00216131;33.22981612;8.636722378;-0.08911327;0.096895302;1.340447167;-0.233839191;-5.27556959;0.033380068;4.384158363;-2.543740467;29.61806;15.06867753;43.40372611
1644;6.55432534;4858.191281;0.754884272;7.095551677;0.006547434;2.838151636;0.003455622;56.27797749;12.37373863;-0.268866577;0.308847004;-0.258318454;-0.030715977;-3.128112249;0.789172774;4.820567981;-1.114155006;29.4812191;16.54675578;44.33771656
1645;0.142540699;567.3216928;0.008898776;17.31925155;0.000757351;0.00217155;0.004341492;1.968878936;35.86077445;-0.090640648;-0.036926948;-0.471159285;0.26889106;-5.530960177;1.475801892;-0.37533938;-0.104868168;29.1262505;72.8457699;48.00693907
1646;11.1035203;5865.854704;2.135688592;8.545204832;0.013293671;7.049687806;0.017726137;49.6571112;3.133500793;-0.068971405;0.347911657;1.037574659;0.391886458;-5.521814322;0.534691475;-0.209655038;-0.770020095;29.6282322;13.14103909;41.09246503
1647;0.209551994;729.8483059;0.015841716;10.52888627;0.004413344;2.213660155;0.055480519;12.28046244;30.70773089;-0.690328251;0.437024561;-0.375803822;0.14480847;-6.067836083;0.979873803;-0.151752617;0.140560464;28.8470999;62.87107854;50.02486142
1648;0.303555098;787.8589017;0.024245408;10.75777639;0.002077982;0.255265181;0.00020702;5.849686372;33.68861798;0.212408363;0.253914018;-0.279228748;-0.173544695;-4.186685428;0.394044154;-0.007054494;-0.263299851;29.2686179;57.03375716;42.0972375
1649;10.38460774;6008.29467;0.605772708;9.38445034;0.007882205;3.491678373;0.000694505;53.13220508;3.147232234;-0.14557353;0.336008813;0.645786606;0.152398095;-4.798557988;0.672341896;-0.719038029;-0.191782963;29.5479518;14.87019475;43.24915333
1650;0.612486234;1399.532498;0.025083638;11.21553706;0.003118483;0.611586493;0.000658291;7.933538494;31.89718481;-0.251166914;0.361948892;-0.695170408;-0.195509807;-4.266276892;0.410415686;-0.093219854;0.025426057;29.4575165;54.71174071;43.13016449
1651;0.140557837;546.0513445;0.008984592;17.0140564;0.000771378;0.00298158;0.004447789;2.020133056;35.70894525;-0.637225943;0.348215727;-1.13950689;0.059457536;-5.097772912;0.936023399;-0.312066418;-0.403281006;29.3204769;73.23682308;46.15926629
1652;3.678083699;3889.501032;0.206044657;10.52888627;0.00732651;3.519010165;0.086411478;20.15102245;25.80304368;-0.434127159;0.854823553;-0.168170749;-0.57722296;-5.708638818;0.673078441;-0.398310743;-0.129628784;29.4480741;24.93017279;46.78429055
1653;2.729338648;3551.802146;0.033761724;10.52888627;0.00401229;0.926023304;0.00102997;10.29258493;29.18179013;-0.471815849;0.686055829;0.009774678;-0.241274322;-4.62772625;0.409739158;-0.490149438;0.04076699;29.5271775;42.51780436;46.95868001
1654;9.326947716;5778.15426;0.877201191;10.29999744;0.006661726;2.470430388;0.053988524;15.14824639;26.72201858;-0.263527433;0.232093411;0.125105712;0.026287153;-6.345741736;0.617862945;-0.234292204;0.009067669;29.3289421;16.17514518;45.42380074
1655;0.147953993;531.4286623;0.010665774;12.89406848;0.001252922;0.066534009;0.00140992;3.303621549;34.90020249;-0.294808914;0.505385748;-0.496392512;-0.270022168;-4.574812554;0.60630241;-0.372975868;-0.029872232;29.4034285;71.74221688;41.01163728
1656;1.07156106;1819.804676;0.054537145;12.20742451;0.002672792;0.144519116;0.000623364;3.175021602;34.79796615;-0.308847135;0.147709542;0.003273739;-0.200904644;-6.791981334;0.946481247;-0.192770825;-0.102411064;29.5578576;39.1020108;44.84899421
1657;0.124031575;514.7318636;0.007199703;23.6520015;0.000488841;0.00230956;0.008627708;1.436796486;36.05838216;-0.893276627;0.563676566;1.252949192;-0.188165408;-6.132025517;1.388738566;-0.089187495;0.067185214;28.7149054;77.28511659;48.66409215
1658;1.659652308;1811.390911;0.066740926;10.52888627;0.002517164;0.406155229;0.000371069;6.764285025;31.66905818;0.280160516;0.140995544;-0.239616243;0.098679927;-4.212685912;0.14257998;0.02886862;-0.285495719;29.308276;38.50971262;40.54594952
1659;10.44858715;6292.008556;0.89285027;8.31628218;0.009175213;3.296036377;0.000839814;29.64838342;8.816826452;-0.11963299;0.255135179;0.326115142;-0.176496202;-5.28410595;0.629733968;-0.370979575;-0.230218317;29.3214121;15.65741789;46.89891607
1660;0.200718584;683.523823;0.013476806;11.13926448;0.001417531;0.101318866;0.000905853;3.696584522;34.06781233;-0.329599779;0.548112672;-0.135091145;-0.250727871;-4.443231863;0.508061779;-0.329611018;0.09827797;29.3503325;66.56761421;44.21667544
1661;12.01279062;6587.034826;1.785409472;7.019257516;0.013328589;5.644819254;0.014262637;44.90294344;0.356335848;-0.077822816;0.155339747;1.124706501;0.405077965;-5.806974179;0.117498486;2.352936884;-2.42695052;29.3769176;14.54227071;46.52055985
1662;0.135737448;548.9784797;0.00837593;11.90224196;0.001388147;0.309848872;0.006142094;3.980231465;34.04912898;-0.705893941;0.657826668;0.075386404;-0.577294844;-5.363483271;0.930079349;-0.183351809;-0.504100187;28.9538476;74.56336465;47.6743635
1663;6.958512769;5005.860632;0.385105348;10.52888627;0.006646496;2.727694316;0.000534295;34.13846117;20.41379941;-0.409558461;0.716575185;-0.182468488;0.364815739;-4.526826025;0.660734137;-0.397068993;0.155747773;29.6614663;17.77188026;46.28748161
1664;1.012842213;1394.231936;0.078170712;10.52888627;0.003419845;0.70800931;0.000396474;8.868588621;31.52409559;-0.08179013;0.048219717;-0.334784884;-0.063859198;-4.354345762;0.096458825;0.23032629;-0.333763476;29.4412996;40.7683315;38.50619437
1665;3.947602033;3457.392774;0.069441794;10.52888627;0.005496669;1.919533684;0.000353076;21.73400566;27.57424611;-0.443128469;0.69673729;-0.35245355;0.122088681;-4.371918513;0.476538282;-0.326073611;-0.286955156;29.6979442;31.0590586;42.50311192
1666;0.121590213;498.2629195;0.007267882;20.67630739;0.000531537;0.00240689;0.007758673;1.483100156;35.94279285;-0.918148981;0.561540267;0.39159689;-0.115902669;-5.637779817;1.218342128;-0.359493861;-0.010288518;29.0706113;76.69925427;46.88063429
1667;6.44211499;4805.036512;0.252859713;10.52888627;0.005633921;1.420159667;0.001144461;14.65270714;24.18286414;-0.504165226;0.684224729;0.735017115;-0.258148745;-5.062524801;0.465636534;-0.515448774;0.095382678;29.3862849;19.36120668;42.78488206
1668;0.204414454;701.80041;0.015447131;10.52888627;0.002803268;1.422202312;0.049834279;6.636971601;33.3559639;-0.52217231;0.26337506;-0.451354147;0.788812342;-6.504739996;1.056538767;-0.675908287;-0.087204239;28.8714725;65.20488931;45.96205875
1669;0.136652761;526.8077978;0.008517882;14.15294559;0.000896233;0.053010723;0.004998577;2.433035566;35.01579404;-0.663777324;0.594346983;-1.065455334;-0.22090091;-4.988645539;0.719988096;-0.340474994;-0.051152593;29.2085082;73.08416144;46.08991226
1670;8.563945728;5836.845266;0.456647689;7.019292674;0.007350981;3.173666118;0.00058552;71.0764078;2.703958364;-0.081179985;0.346690854;0.317197272;0.110805047;-3.449618905;0.706914065;0.578116456;-4.937258255;29.6757654;14.65804366;47.49014879
1671;0.272169528;794.937835;0.02258923;10.68147682;0.001919976;0.223650865;0.00046258;5.073493487;32.94778131;-0.031739589;0.369884073;-0.355597203;-0.108223567;-4.227232864;0.42297481;-0.047468285;-0.212647567;29.2781616;58.69948891;42.309784
1672;12.85923871;6292.784853;1.988096322;11.7496232;0.012995418;7.444446152;0.00912638;58.22394287;0.065233097;-0.051423695;0.02044783;1.426069876;0.148203741;-5.504919202;0.107986018;1.780662093;-0.89851887;29.3738785;12.53620792;44.66255447
1673;11.66206021;6368.995025;1.623626201;7.896654865;0.008618846;3.491795733;0.063326441;21.15454909;18.57663133;-0.116275742;0.249336395;-0.059261938;-0.105534004;-5.982595963;0.635724714;-0.288465729;-0.230270776;29.2610305;14.64610127;45.72106079
1674;0.704095721;1517.234176;0.040173602;10.52888627;0.005629526;2.25884058;0.03762372;14.94505533;28.3974778;-0.628376692;0.628376014;-0.193046874;-0.188083616;-6.113726593;0.754464981;-0.260062246;0.068327203;29.3994055;47.9857288;48.14670663
1675;5.482349479;4704.211579;0.260699834;10.52888627;0.005428962;1.643077697;0.009798664;13.66752909;25.70651325;-0.36530801;0.897244737;0.64410455;-0.261033153;-5.340980792;0.581838128;-0.260361075;-0.206729771;29.6131347;20.8224917;47.96169098
1676;0.669462697;1458.007236;0.039032099;10.52888627;0.003958155;1.560948073;0.040326392;8.420929656;31.43102107;-0.488906517;0.271919327;0.297913128;0.126731039;-6.442216137;0.778976193;-0.197496035;0.007825916;29.2525729;45.2007297;47.23241015
1677;13.28861537;6679.781496;1.114242606;7.019257516;0.00880587;4.222522927;0.000984312;58.93085433;1.238290173;-0.140690047;0.195166294;0.02983043;0.00330662;-4.813657642;0.740698388;0.272241546;-0.841458423;29.656845;13.00697254;43.97565883
1678;7.785317531;5117.985944;0.622309896;11.29182168;0.004214042;0.54641037;0.008575534;6.847923617;32.09553792;-0.205084645;0.213629579;0.05928875;0.278289544;-6.660413935;0.595152161;0.239336401;-0.121621745;29.498199;17.04723908;44.41623108
1679;0.145127853;556.8096578;0.009859031;17.16663746;0.000717456;0.002254692;0.004813813;1.856063326;35.82338914;-0.453504333;0.106204014;-0.740130942;0.020254284;-5.440314981;1.278582322;-0.28186919;-0.17936681;29.2761606;72.42905232;47.0906213
1680;0.578854628;1335.94269;0.009994944;11.1392575;0.002033859;0.33583109;0.001283249;5.476848322;32.62886432;-0.3527944;0.736105864;-0.326638589;-0.425708546;-4.728181541;0.459618507;-0.249385552;0.002853408;29.3861379;68.76662451;47.14238144
1681;0.657023284;1294.901743;0.020839819;19.98939145;0.002051873;0.386772022;0.006849201;5.874189071;34.69572325;-0.595719513;0.786157798;1.40066079;-0.23677268;-5.085682834;1.956948616;-0.409998148;0.472759752;28.4009458;65.21072553;49.80400788
1682;0.414899103;1384.574221;0.016004679;10.71962568;0.002678418;0.569402467;9.68E-05;10.02863388;32.8451659;0.458693521;0.313119727;-0.138385387;-0.13084638;-2.58981433;1.256166832;-0.58935002;-0.269338772;29.6029328;56.72749116;45.03298717
1683;10.20695045;6248.424433;1.281045745;10.41443823;0.006356033;1.090095245;0.0012949;18.49637864;16.07445937;-0.109255301;0.097200482;1.241647508;-0.200911092;-5.399854392;-0.281315945;3.953685077;-2.249377173;29.492294;13.7146179;49.46376498
1684;5.286287259;4291.974907;0.81272501;7.095551677;0.006038585;1.877085619;0.003091694;34.86802378;15.38744851;-0.246588256;0.290536017;-0.248693853;0.066851617;-3.035123209;1.486383527;4.935766857;0.162615098;29.1623176;20.24084745;42.07073976
1685;0.179112875;663.1474176;0.013293166;21.74447187;0.000672919;0.003627455;0.005781879;2.210323243;36.20944856;-0.398877415;0.350963247;-0.64911838;0.149774411;-5.597800123;2.871614786;-0.341665984;0.221121142;28.3133712;67.78276438;50.14049122
1686;10.31943943;6163.715817;1.922961979;8.545204832;0.013019878;6.300911951;0.016251903;41.82407233;7.163477309;-0.087892963;0.437025705;1.166027722;0.347378801;-5.685127793;0.769806095;0.023632031;-0.70737309;29.7596337;14.04298321;46.51495619
1687;0.20296734;715.2282952;0.017570494;10.52888627;0.003435798;1.932928825;0.065987134;10.07128742;32.23365306;-0.769675989;0.516983677;-0.2835459;0.493876069;-6.179120727;1.466624562;0.041931281;0.537778716;27.9950015;63.99573343;50.59450841
1688;0.3805643;920.8266157;0.025761372;11.59704137;0.001562201;0.219463742;0.002477838;4.749171788;35.31373152;0.017395004;-0.01800502;-0.998911642;-0.034672892;-3.486267019;2.059905445;-0.586585721;-0.048360867;29.3392679;54.51362651;39.12718999
1689;9.571453141;5993.548385;1.044908412;9.38445034;0.007764959;2.533580535;0.000710902;41.22505142;6.894909244;-0.132755765;0.357372276;1.331689563;0.569102559;-5.102915976;1.702639597;-0.909790215;0.418282263;29.2294408;15.29017327;48.14479604
1690;0.557853387;1489.504417;0.031345845;11.59700757;0.002596777;0.393312402;0.000385876;7.110026594;33.63674309;-0.534684567;1.03793496;0.007058696;-0.256192891;-3.884748063;1.757950631;-0.520967601;0.086842681;29.2259674;53.98324496;47.17489643
1691;0.167335216;599.5938099;0.012685641;26.09338571;0.000728822;0.002475972;0.00336129;2.296554404;36.10950053;-0.500502993;0.320749438;-0.789569049;-0.263022133;-5.064843933;2.41807535;-0.39189806;0.195084013;28.4083932;69.39700327;45.75198077
1692;3.379556744;3552.535858;0.174758813;10.52888627;0.005945511;2.466925006;0.056061002;15.80951615;29.57054223;-0.485245605;0.867183555;-0.18136755;-0.577218163;-5.949404794;1.26980527;-0.333081993;0.541915156;29.2606616;29.18587435;49.74872222
1693;1.882508499;2549.563128;0.075287524;10.52888627;0.003531909;0.575200188;0.001041158;8.415485952;32.27789866;-0.72450815;1.040070319;0.032599156;-0.68414721;-4.679310583;1.863214152;-0.585689;0.198948622;28.9743975;38.1893665;48.69725459
1694;9.583186981;5962.172403;0.988924206;10.29999744;0.005997512;1.799998796;0.036641617;12.25656192;29.63310046;-0.28290665;0.215613416;0.148155054;0.04276111;-6.473325468;0.762974834;-0.019208591;0.086256409;29.2858833;15.45118347;48.71932067
1695;0.175893928;615.2692402;0.011495974;14.03851202;0.001167624;0.097606197;0.003503655;3.414351438;35.50523338;-0.402538355;0.077211902;-0.86415069;0.657090983;-4.388512015;2.344098474;-0.389732599;-0.009496813;29.0738391;68.8751807;47.02578165
1696;0.42394227;1163.23582;0.028745353;16.63261791;0.002449804;0.037557824;0.001686039;2.171751192;35.79210718;-0.30640552;0.14893038;-0.136688165;-0.298061764;-6.84404901;0.989954955;-0.077438851;0.328734191;29.0681679;50.77928509;50.39376393
1697;0.13271986;558.1247818;0.00798072;20.06642015;0.00041495;0.002219455;0.0143885;1.638700398;36.30329352;-1.261938508;0.851770095;-0.007105524;-0.392381793;-6.2818148;2.141411837;0.130367841;0.378825436;28.0612217;74.8905375;51.85076043
1698;0.514523925;1227.421435;0.017908898;12.20740232;0.002050692;0.358603794;0.000596825;6.558625993;35.10772943;0.061952953;0.4296991;-1.637920008;-0.159647986;-3.176882746;1.71694375;-0.626923898;0.042082236;29.3178267;55.9244977;44.4804842
1699;9.46781416;6204.487651;1.170090563;8.31628218;0.008494521;2.425064299;0.000964718;24.32600688;18.84061516;-0.189520263;0.304574883;0.2684487;-0.622884561;-5.62715425;1.370196047;-0.299632884;0.284834499;29.2602146;15.68480501;49.00655245
1700;0.164545468;577.630448;0.011087823;12.97038481;0.001712286;0.229113527;0.003063477;4.816570104;35.72801789;-0.81362303;0.636004874;-1.003408933;0.712553258;-4.237984498;2.084716484;-0.468589545;0.194970344;29.0512678;69.97204838;45.17018069
1701;11.49339606;6828.888585;1.880290477;7.019257516;0.012923232;4.81419437;0.014167969;33.80153768;1.497018616;-0.104984127;0.228583607;1.338757446;0.828270651;-5.877395384;-0.00179222;2.092882355;-2.090619367;29.7190062;14.61567471;49.90425189
1702;0.15210798;590.8217545;0.010394638;13.31373697;0.001011107;0.18572254;0.011194034;3.165197428;35.67881678;-0.998873558;0.9077744;1.867485015;-0.756449829;-5.509161866;1.88145601;-0.098719947;0.042542234;28.1697723;71.08282775;50.27600269
1703;6.415569318;4912.963392;0.41221394;10.52888627;0.005951168;1.667869817;0.000574179;23.22439268;22.2861093;-0.301522934;0.849635481;0.19766253;0.338039375;-4.432137105;1.843083438;-0.412629399;0.027696859;29.3608926;18.68923156;47.30669995
1704;2.250835531;2563.83631;0.068388634;10.83406964;0.00241729;0.39416568;0.000140231;7.6116746;32.96914113;-0.08362091;0.760521107;-0.417771001;-0.19853595;-3.252031044;1.663677215;-0.610893775;0.241447424;29.5835172;38.34380923;47.27350513
1705;5.645277191;4649.946079;0.55544954;10.52888627;0.003730854;0.822141954;0.000259025;11.68850242;25.95218522;-0.352183193;0.707114009;0.052721747;0.194929527;-4.061533929;1.772004967;-0.503943621;0.111113269;29.4548599;23.14745094;46.62722572
1706;0.143158211;586.1338061;0.009070705;23.84257426;0.00055392;0.002394495;0.009021102;1.915456408;36.33037806;-1.121250251;0.819422027;-0.448623081;0.045778517;-5.751071502;2.231455931;-0.275218265;0.421979781;28.2808511;73.10802031;51.86369485
1707;4.678676893;4269.28766;0.34511603;10.52888627;0.004854826;0.958300596;0.001312746;11.67732691;29.89135744;-0.769673835;0.8728286;0.520347376;0.562787666;-5.261944695;1.744758062;-0.687949793;0.665236395;29.2313133;21.83504849;48.99399538
1708;0.197262035;704.1860516;0.016221044;10.52888627;0.002165359;1.160526679;0.05381773;5.703062857;34.26160188;-0.534074711;0.284738178;-0.555111215;0.894200653;-6.620180442;1.485848479;-0.468276782;0.333203587;28.4152469;63.96429683;51.0699523
1709;0.151820311;581.1769483;0.010475989;26.70359116;0.000889009;0.047455238;0.004599158;2.687930438;36.15565902;-0.864436127;0.57222107;-1.184214979;-0.714446605;-5.018267364;2.251189433;-0.504997951;0.415283371;28.3998725;72.20802981;50.12041024
1710;10.28733883;6539.435671;0.478910553;7.019292674;0.007125568;2.144221575;0.000663558;47.13082282;4.730388773;-0.075076203;0.374768004;0.538363782;0.235998866;-3.513791114;1.565493351;1.557280114;-4.89659557;29.5899995;15.04737294;50.77616263
1711;0.205657954;635.2610832;0.014415762;13.27554488;0.002006462;0.291019146;0.001465512;5.698894183;35.72801738;-0.536515828;0.773950007;-1.274315417;0.006674423;-3.811877366;1.90555742;-0.344571278;-0.202815602;29.0948674;65.91255582;44.08892674
1712;11.53167839;6427.09386;1.744453394;11.44443835;0.013425766;7.330433039;0.010793039;55.36095636;0.260551539;-0.039063735;0.023957481;1.353622512;0.135026067;-5.407493712;0.153367193;1.968361748;-0.722366247;29.6718153;13.44395641;49.57884557
1713;12.24316126;6587.330973;1.586747029;7.896654865;0.007729667;2.739568887;0.054084681;18.0526994;23.97382923;-0.16083278;0.258949743;0.05598985;-0.135179267;-6.212811968;0.884099184;-0.204441708;0.225323815;29.2828795;13.31218428;47.81671861
1714;1.064638798;1925.145867;0.051582974;10.52888627;0.004435499;1.677782076;0.033090687;11.55582724;30.9938389;-0.693991032;0.647908024;0.223590617;-0.175005363;-6.273513793;1.082074495;-0.185779744;0.56870122;29.0024286;39.63322061;51.23122593
1715;3.00761085;3457.737527;0.288067303;10.52888627;0.004505982;1.114446733;0.007789359;10.84993389;30.38423865;-0.418106507;1.019014746;1.008204573;-0.732354972;-5.601798083;1.572572693;-0.348803578;0.581376477;29.3257655;26.51409544;49.91813514
1716;0.492104668;1259.174766;0.030152929;10.52888627;0.003407295;1.263403772;0.039896867;6.9248129;32.97983298;-0.525528611;0.244758025;0.393421087;0.230480319;-6.606964885;1.030411054;0.006407869;0.226273279;29.1050857;47.89509839;50.23606145
1717;10.88871439;6406.171839;1.726958267;7.019257516;0.008814922;3.398524044;0.000867644;45.78303205;4.308452624;-0.160526956;0.2403337;-0.022860624;0.003344153;-5.142200048;1.302196923;0.623918197;-0.344396833;29.4223148;14.65368458;47.30913839
1718;7.265942899;5363.263521;0.741728062;11.67330755;0.004116611;0.355150772;0.007701514;5.121955734;34.09450389;-0.198980996;0.206304831;0.181139758;0.3293385;-6.704511427;0.612068189;0.346088967;0.216134824;29.2757198;16.45147999;48.96774666
1719;0.182950442;664.4544875;0.01401631;25.63576427;0.000728534;0.004112729;0.003888233;2.323509672;36.26667065;-0.53895615;0.457166372;-1.15834157;-0.008037624;-5.492541593;2.598865586;-0.234348851;0.14480743;28.4310972;67.23150823;49.71802857
1720;0.689904453;1327.992872;0.014724241;11.59741943;0.002274457;0.350171753;0.002517914;5.939033626;35.03523788;-1.007106187;0.927151041;1.081733373;-2.165431372;-4.708262382;1.976609844;-0.345906231;0.079949568;28.6477227;66.69075755;48.08018818
1721;0.166679133;666.063138;0.012286525;17.70067604;0.001451854;0.055519829;0.009251049;4.479017517;35.22903618;-0.554214807;0.66591402;1.079866598;0.024707752;-4.766869687;1.698710964;-0.450814598;0.800922844;27.799061;70.90202319;54.60423629
1722;0.238155276;784.4865152;0.022152092;11.86407797;0.001418227;0.096877215;0.000842474;4.239307643;35.7707448;0.375072503;-0.083927667;-1.647678712;-0.381573758;-1.469869721;2.017194672;-0.622036952;-0.22948039;29.4136221;65.18756556;48.40280396
1723;10.28405331;6312.61144;1.347493252;10.41443823;0.006113842;0.486386925;0.00086785;11.86744979;22.71988099;-0.119479184;0.044861359;0.91230946;-0.29312882;-5.701878142;-1.682425383;3.114406793;-2.581270427;29.005595;14.1118301;52.42222705
1724;6.981600088;5672.99419;0.832199568;7.095551677;0.005508687;1.260987725;0.00277528;28.34892603;17.67099007;-0.303047139;0.346995148;-0.279625506;0.02182552;-3.164401368;1.450386018;4.628078585;0.14497951;28.7447938;17.75003253;53.24606769
1725;0.16918006;662.7269274;0.012704621;14.64888574;0.00031481;0.002676118;0.016817108;1.567791688;36.03244106;-0.81179223;0.747398545;-0.511118811;0.050552202;-5.639111092;2.389664437;-0.235404461;0.31278488;27.8426621;69.66530696;52.85299275
1726;10.77414341;6653.537708;1.941877716;8.545204832;0.011869588;5.240409579;0.013356815;35.7611216;10.86308971;-0.088503469;0.385144023;0.864620329;0.311135929;-5.845146998;-0.329769685;-0.201530558;0.065034788;29.7460147;13.81964313;50.28996108
1727;0.187865124;712.654748;0.015659193;10.52888627;0.002945195;1.670412398;0.076137724;8.971624296;33.1278456;-0.740377852;0.375987785;-0.566827996;0.25027142;-6.055167603;0.734650205;-0.007655117;0.584369259;27.7707576;66.59160701;53.72366504
1728;0.318357759;943.9164273;0.028950341;11.59703555;0.001483104;0.098651594;0.001461119;4.575191609;34.74303626;0.089418341;-0.466627728;-0.262414715;0.027832101;-2.934518741;2.689504574;-0.75144718;0.00699691;29.2457692;58.11181834;46.21782246
1729;9.864992688;6308.177569;1.18533951;9.38445034;0.007257791;1.716459525;0.000829071;32.48149027;13.02074891;-0.132450651;0.332041961;1.099290898;0.495061467;-5.182946778;1.181392088;-0.856762069;0.94192645;29.2251893;14.85255563;52.14728715
1730;0.188539927;702.1921893;0.015578437;11.21556777;0.000972847;0.01607509;0.002187773;2.966973223;35.63875215;-1.051972043;0.82552463;-1.275783596;0.572675573;-3.253513286;2.277063169;-0.633020487;0.202593821;29.1070975;66.5130327;51.85065433
1731;0.17764551;671.8169828;0.013794447;14.26741082;0.000419435;0.002379245;0.015378307;1.79765795;36.05990766;-0.443738913;0.738853182;-0.678985821;-0.390603278;-4.910484517;2.114021887;-0.38657516;0.396321917;27.8831551;68.08389041;52.13591791
1732;2.731837978;3512.405734;0.119714994;10.52888627;0.005248616;1.91959932;0.053226614;14.10548816;30.96981116;-0.439315102;0.740989926;-0.036308768;-0.583690496;-5.798849721;0.61107538;-0.364581567;0.95046928;28.918138;27.63563427;52.62440298
1733;0.241618788;822.7002523;0.020944645;10.52888627;0.002225342;0.155291358;0.002638234;5.767293778;33.90301014;-0.6946008;0.8911404;-0.254669992;-0.514998071;-4.274130768;1.976407619;-0.608072427;0.911484276;28.0954704;61.58597211;52.97103385
1734;9.162930857;6183.148126;1.571617215;10.29999744;0.005725921;1.419438168;0.031158261;10.6413464;31.11057581;-0.257118505;0.137028241;0.148159739;0.0164291;-6.461602744;-0.402725052;0.119428016;0.569647752;28.9984243;14.50155122;51.85123438
1735;0.194714071;761.9884769;0.020175976;15.86963453;0.000622154;0.004817144;0.011035354;2.235424429;35.58534621;-0.186162494;0.102847245;-0.883393802;0.149483063;-4.133574063;2.487626578;-0.51970412;0.439631487;28.8744845;66.39729985;52.97644147
1736;0.430929817;1181.293769;0.039940578;17.01410165;0.002384318;0.020478773;0.02021245;1.901385813;36.16824831;-0.29572403;0.143131887;-0.161389238;-0.309588309;-6.81106201;-0.191819945;-0.034453978;0.668259497;28.632317;49.27546702;50.64767779
1737;0.13899811;581.5719082;0.007510161;19.68476611;0.000272925;0.002369323;0.023759865;1.553844298;36.00726397;-1.245155629;0.758384242;-0.731770538;-0.108889371;-6.240867811;1.44266602;0.211571787;0.390903439;27.825098;74.41177072;51.37043532
1738;0.202780934;734.6488159;0.020462339;11.67332721;0.000937321;0.022605433;0.002950269;2.824620054;35.64867018;-0.238959258;-0.122380947;-1.451319887;-0.019486467;-2.438124486;2.352361722;-0.737173077;0.035832596;29.5008798;64.32682073;51.2305932
1739;9.807709547;6405.605429;1.088043274;8.31628218;0.007329158;1.585574259;0.00097759;19.00569399;23.00485023;-0.187689134;0.265816366;0.220669204;-0.532260024;-5.576330518;0.732831164;-0.30724542;0.688861141;29.0857577;15.3770153;52.16221804
1740;0.212985071;765.4075606;0.022675181;12.20737389;0.001007177;0.012228779;0.003130804;3.167310179;35.56474517;-0.639057663;0.198980935;-0.976931462;0.354560246;-3.861203671;2.416272659;-0.611042386;0.477948877;29.0993628;63.07423099;52.647708
1741;10.48468704;6638.945914;1.847097823;7.019257516;0.012446602;4.192513811;0.01125967;26.30756699;2.567475858;-0.091555777;0.193792239;1.022586119;0.770641497;-6.042725888;-1.366908612;0.997921223;-2.044316324;29.6293386;14.66123448;51.58139805
1742;0.163997433;646.7938807;0.01279494;12.7796151;0.000582684;0.158468995;0.029977789;2.435579394;35.95805254;-1.0365636;0.987276131;2.283019823;-0.262321228;-5.314159744;1.391453122;-0.241894568;0.164807389;27.7460937;69.12142154;53.62779313
1743;4.863720347;4700.241834;0.235832454;10.52888627;0.00508426;0.910350794;0.000756754;16.17293719;29.1176722;-0.473646366;1.088899819;0.474445298;-0.045395377;-4.27860406;1.992194776;-0.608129532;0.919967703;28.9078065;22.84549147;52.89258707
1744;0.185639261;698.2541465;0.014859189;11.29184804;0.000992237;0.025775369;0.001761393;2.881264304;35.73412236;-0.477920414;0.921049708;-1.54047323;0.191209495;-2.389581497;2.161510683;-0.766588701;0.204234759;29.3887745;66.05622271;51.44904865
1745;3.351828722;3951.917642;0.139784985;10.52888965;0.003486817;0.503397789;0.000531663;9.833668637;32.5037492;-0.782495692;1.276589754;1.042500424;-0.83570022;-3.538058757;2.149585542;-0.704192753;0.372074061;29.2788722;30.31341075;53.2169744
1746;0.147588746;604.7713372;0.009064311;17.2048274;0.000279627;0.002606992;0.022386849;1.550966307;36.03205956;-1.034119774;0.844294711;-0.804328458;0.197157255;-5.657858549;1.648591772;-0.253851756;0.636520017;27.9489677;73.05869488;52.56012515
1747;2.120441363;2999.311279;0.074986456;10.52888627;0.003917132;0.538924657;0.002841193;8.959176092;32.13752249;-0.739157051;0.773338306;0.312744878;0.793846252;-5.013291091;1.379041572;-0.710764311;1.314740017;28.6286933;34.2996185;54.1115421
1748;0.186456478;691.9948788;0.020955171;10.52888627;0.001954166;1.071986456;0.071034156;5.465153473;34.54618697;-0.543840475;0.211798664;-0.332788481;0.492422025;-6.534261171;0.624467336;-0.343546494;0.636195096;28.1362213;65.09821836;52.22942873
1749;0.174509949;663.5082187;0.01501348;16.78518056;0.000419063;0.003273362;0.017340278;1.8064368;36.05418567;-0.606707453;0.81118149;-1.002297391;-0.540266456;-4.768663205;1.962262632;-0.455150894;0.745525067;28.043893;68.41297758;52.54503601
1750;7.456587684;5804.257147;0.83213261;7.019292674;0.006782668;1.451127022;0.000898221;41.42032102;8.636755389;-0.096439277;0.413831783;0.785698905;0.39380782;-3.73077653;1.34799207;1.022763122;-4.192392727;29.419418;16.40847313;53.31267714
1751;0.20430237;719.6289612;0.018525705;11.5970272;0.001015236;0.024435519;0.00247917;3.060788637;35.55253713;-0.638447903;0.252694031;-1.104066129;0.041237733;-3.250031545;2.434700471;-0.534990238;-0.052477551;29.2459744;64.35591826;49.84822771
1752;10.9856205;6644.461053;1.777078617;10.87221855;0.012704902;6.823232556;0.008616004;48.77018993;1.000625103;-0.041199984;0.023499754;1.449130405;0.197605016;-5.63155383;-0.968177713;1.459205926;-0.491381094;29.7557598;13.28978314;52.17068044
1753;11.81449569;6705.692302;1.859388417;7.896654865;0.007219912;2.410606269;0.058380277;16.10309823;26.59498592;-0.166478708;0.201422313;0.029629003;-0.141746873;-6.186634456;-0.108705617;-0.117102784;0.721413437;29.1479916;13.94481441;50.7382377
1754;1.324880527;2403.233701;0.071108699;10.52888627;0.004026193;1.317025382;0.035593682;10.74749571;32.09479232;-0.702841379;0.546891718;0.302659975;-0.21618141;-6.171033188;0.27204849;-0.089011069;0.929725895;28.6484133;35.14157665;52.35397094
1755;2.016456486;3161.976545;0.055278132;10.52888627;0.003866309;0.717241891;0.015825232;9.493425251;32.08411987;-0.426651366;0.883816677;0.933932265;-0.572556904;-5.347896318;1.084863266;-0.413073045;0.931764062;28.6434377;35.6705669;53.50117872
1756;0.443773821;1274.469676;0.032275254;10.52888627;0.003065728;1.028953951;0.055945803;6.126384061;33.64437325;-0.56794918;0.171818823;0.632181404;-0.028030442;-6.522195095;0.022063684;0.084381094;0.770418462;28.6929395;50.9860919;52.10405139
1757;11.29576476;7000.00492;2.081741334;7.019257516;0.008032808;2.298567722;0.000945573;37.42912134;8.062992629;-0.161900241;0.236518842;-0.062406205;0.003374685;-5.333622034;0.589190698;0.406208589;0.482724973;29.4096083;13.37089304;51.87670271
1758;6.714358573;5182.042136;0.613416683;11.59701473;0.004195769;0.269474289;0.008226678;4.087084224;35.34729157;-0.169072837;0.180364025;0.242068851;0.301341962;-6.710175868;-0.725278653;0.251135172;0.4838116;28.9186743;18.55430366;50.41924256
1759;0.175286053;663.630839;0.012689443;14.7252219;0.000321241;0.002547545;0.018533704;1.604478516;36.05532999;-0.700094815;0.84261593;-0.492948694;-0.082931655;-5.446817318;2.128838676;-0.232019879;0.373295709;27.9251742;69.04002607;52.9240663
1760;0.1799341;684.4334945;0.016654083;14.80159302;0.001420355;0.062231123;0.006520642;4.187416829;35.32364825;-0.808737499;0.521868785;0.079928276;-1.628284881;-4.350146727;2.031330329;-0.371788105;0.509438034;28.3043102;67.59660422;52.80629046
1761;0.136714461;590.6388983;0.008678225;12.43627352;0.001232368;0.028728125;0.008129929;3.81574276;35.29083616;-0.422984786;0.816979731;1.184486807;-0.468568449;-5.583224643;1.169272895;-0.424879872;0.407788556;27.7326453;73.40372195;55.91965207
1762;0.406652589;1150.336377;0.019969949;11.10110435;0.001895906;0.105384974;0.000124375;6.691595363;34.42869025;0.218665491;-0.757927321;-0.270308181;0.1481513;-2.988985774;2.358841302;-0.679038859;-2.62E-05;29.9256864;56.48836429;52.60048683
1763;7.788851921;5722.113941;0.806466976;10.41443823;0.005754797;0.259383086;0.000764679;10.21766107;25.39979045;-0.143283671;0.031738341;0.971599887;-0.253607476;-6.7374536;-2.470262795;3.297243207;-2.340969089;28.5137675;16.27680618;53.68385723
1764;5.357326101;4987.569887;0.888418628;7.095551677;0.005290611;1.097304699;0.002744309;25.69045038;18.68724784;-0.331429206;0.348826314;-0.316188175;-0.02273844;-4.284082706;1.578628171;5.773892195;0.234868262;28.7595724;19.58778191;55.24978442
1765;0.169792995;674.8372784;0.012555708;18.15852646;0.000320872;0.001918874;0.014979446;1.627571949;36.09271518;-0.954924179;0.631733497;-0.461903536;0.040768837;-6.538995565;1.887055157;-0.137836296;0.343674856;27.9157522;68.73204393;55.56478025
1766;8.49257595;6239.352167;1.790988254;8.545204832;0.010473661;4.145712408;0.009735679;31.29362968;15.94595302;-0.093996722;0.391553009;0.996382704;0.288088023;-6.621792325;-0.803645011;-0.225223876;0.758448952;29.4576325;16.55996432;51.29389132
1767;0.197060849;734.6411095;0.015944457;10.52888627;0.001963039;1.028903644;0.052219168;6.108524837;34.35163834;-0.754416371;0.430311083;-0.12883559;-0.00016471;-6.862355187;0.366386596;-0.198272788;0.425744264;27.6919086;64.92793707;54.95834364
1768;0.205879705;764.8640533;0.014933185;14.41999493;0.001435625;0.040936647;0.002053936;4.888342786;35.79439658;0.578630327;0.059206507;-0.53979088;-0.330707296;-4.142363552;2.527157972;-0.595543214;0.470457421;28.8600951;64.67057457;53.78638293
1769;10.58083867;6772.810087;1.086629526;9.38445034;0.006988859;1.51455788;0.000828615;32.53385434;13.68681046;-0.099185348;0.259712992;0.982246437;0.48211019;-5.95934332;0.881167267;-0.980844401;1.551218368;29.2648512;14.40418828;53.43395219
1770;0.17976927;751.1831838;0.00990876;11.52073724;0.001497328;0.024918074;0.00069339;4.732358129;35.44648699;-0.708029191;0.41688251;0.296251419;-0.199353085;-4.364879113;2.442052456;-0.594620756;1.011527068;28.9232839;69.9001041;54.73983055
1771;0.136698648;585.7461982;0.009157852;14.6488482;0.000322469;0.002162448;0.016222174;1.626291041;36.12094488;-0.793480976;0.958586533;-0.646520993;-0.031949696;-5.866499273;1.613517391;-0.191261467;0.10260239;27.9468713;74.26126119;55.04210315
1772;2.863140659;3593.618701;0.187421027;10.52888627;0.003877554;1.180452749;0.036737601;9.704733582;33.08283528;-0.341655436;0.632954624;-0.279892644;-0.642783533;-6.483744638;0.296589513;-0.38226016;0.79359079;28.7116576;27.16587066;54.579446
1773;0.445104923;1195.505526;0.019834937;10.9866675;0.002745302;0.131242804;0.0014407;5.94710395;34.56831331;-0.395519663;0.60060368;0.329850582;-0.449205329;-5.163826605;1.49929756;-0.751494734;1.069203937;28.4771671;62.73953638;55.63240342
1774;8.470566862;5854.992944;1.433615433;10.29999744;0.004599573;0.737698298;0.016536924;7.191215218;33.32583541;-0.256660673;0.148472711;0.148160812;0.049365121;-7.258287634;-0.805854008;-0.021587436;0.634555679;28.8203254;16.16979428;50.86561152
1775;0.12879942;577.0449244;0.007337936;17.01409468;0.000318282;0.002663799;0.01818721;1.621774892;36.14383373;-0.325632464;0.805078091;-1.018914172;-0.253826001;-5.115672279;1.810938969;-0.406949277;0.319857666;27.9370671;76.37863779;55.68720497
1776;0.362835444;1085.436078;0.023878884;18.15855192;0.001997182;0.015809883;0.023345474;1.645450855;36.32923366;-0.346079511;0.16083267;-0.242080307;-0.378750698;-7.763993978;-0.529294246;-0.213153167;0.658382819;28.2514081;52.64611786;52.70500376
1777;0.120578942;554.8667158;0.006396287;22.35472868;0.000318242;0.002139049;0.019657476;1.644229747;36.12094491;-1.282692339;0.760825047;-0.497916201;0.126549467;-7.089107726;0.941242223;0.070527208;0.341097695;27.658639;77.65210924;55.86341916
1778;0.393579904;1110.573338;0.019753266;11.82592123;0.001759149;0.071428652;0.000113787;5.659146377;34.90630616;0.233162754;-0.264290603;-0.471344871;0.139439882;-3.707374314;2.649840474;-0.700134943;0.164946216;29.3686332;57.3837539;52.1494162
1779;10.16340761;6663.992615;1.309404134;8.31628218;0.007029961;1.250337619;0.000984949;16.96343734;25.04730878;-0.166631409;0.261848917;0.166337425;-0.560267886;-6.207246799;0.401563795;-0.307201521;0.675230515;28.8800175;15.71096691;52.73593232
1780;0.12685686;562.4289782;0.008109579;18.92127439;0.000859712;0.010317557;0.013128517;2.930218418;36.12933642;-0.430310984;1.047395975;-1.485383812;-0.596822995;-4.76399179;1.87552779;-0.6158876;0.750389947;28.1090439;76.15833641;55.31715773
1781;11.69570363;6797.421643;1.782776353;7.019257516;0.010747066;2.936811155;0.008761868;19.72513329;7.767969066;-0.115665405;0.223088895;0.638881598;0.734407042;-7.030889013;-2.000417364;0.77838314;-1.860107826;29.5861666;13.20006361;51.2559325
1782;0.130944033;572.801249;0.006587464;14.03860583;0.000442198;0.071061825;0.023924346;1.977187349;36.05800258;-1.132239777;1.097295171;2.743942954;-0.381361609;-6.109192135;0.985594949;-0.233499015;-0.011709609;27.7647894;76.55174432;55.26030078
1783;5.444416448;5113.374613;0.228300569;10.52888627;0.004710115;0.676759104;0.000665727;14.76159061;29.95846991;-0.344859363;0.617695502;-0.202476336;0.239789934;-5.264705655;1.850718494;-0.547484517;1.035965558;28.9379533;20.57335662;55.64088637
1784;0.364571155;1097.611571;0.023789082;12.05482162;0.001278706;0.016261751;0.000293973;3.881014601;35.33738273;-0.472427583;-0.028076216;-1.126718852;0.333213985;-3.755410411;2.616930808;-0.665949307;0.006792648;29.818923;53.7720694;50.58492119
1785;1.295776626;2270.836544;0.034114655;10.98665748;0.00229668;0.151358542;0.000541734;6.361818349;34.00983162;-0.520035421;0.620440802;-0.360068968;-0.229521086;-4.751754169;2.48754151;-0.726864341;1.048898992;29.0695881;47.85894658;54.87363053
1786;0.131618229;576.6200476;0.008168018;17.77706326;0.000324831;0.002188743;0.018059709;1.638762906;36.12666705;-1.215857751;0.921811886;-0.728819246;0.431137528;-6.471944812;1.197582866;-0.273765643;0.678199093;27.7671681;75.84335475;55.04386753
1787;2.101568418;3022.49322;0.111154185;10.52888627;0.003774413;0.334318711;0.001525708;8.056979523;32.88980029;-0.51026823;0.682393574;0.181189942;0.088205651;-5.702028545;0.961644316;-0.69393323;1.175392262;28.4650598;29.5254385;55.21244952
1788;0.1843635;701.5152865;0.013930922;10.52888627;0.00142164;0.690849181;0.049355953;4.123892285;35.25269152;-0.593890741;0.201422448;-0.377261899;0.235529319;-7.447489977;0.252625676;-0.523846448;0.562145183;27.9874656;66.95300012;54.94769995
1789;0.126199019;563.6637571;0.007345537;14.30552061;0.00032138;0.00262786;0.018437343;1.628398317;36.13010042;-0.880763899;1.179845213;-0.811377614;0.104651925;-5.678995059;1.403829256;-0.371518663;0.484079726;27.8909746;76.72014969;55.07024685
1790;8.278704203;6068.21617;0.727217721;7.019292674;0.006532826;1.30503435;0.000896929;39.25390857;10.41445536;-0.065920719;0.296030341;0.676753103;0.203084747;-4.574408966;1.261287966;0.719044426;-4.544307393;29.5519442;16.03517312;52.83014444
1791;0.182959554;702.1912802;0.010572033;13.73334106;0.001332254;0.021943599;0.003147311;4.279582289;35.91875933;-0.231941767;0.62013569;-0.860378335;0.048998951;-4.284872324;2.385201512;-0.379496394;0.669021225;28.7459153;68.878943;54.74428283
1792;9.896768242;6217.712221;1.590307171;10.87221735;0.011373871;5.976753748;0.005247187;43.98609671;2.358323634;-0.051881483;0.040437387;1.162594118;0.220648852;-6.623937761;-1.626610474;1.599063891;0.04718949;29.8046199;13.36502716;53.50371942
1793;11.77723131;6939.94197;1.321312673;7.896654865;0.006115779;1.634851251;0.047848017;12.43401821;29.56481657;-0.158238753;0.216681532;-0.082349783;-0.141763318;-6.871203495;-0.462001747;-0.094194787;0.706107426;28.896039;13.31973947;52.76613686
1794;1.245770466;2214.992821;0.060980096;10.52888627;0.002791292;0.827210448;0.030910432;7.058240244;33.7725498;-0.683918845;0.574967209;0.781903244;-0.188214594;-6.934135768;-0.040564472;-0.171342799;0.883703799;28.3258042;36.97305321;53.04775939
1795;1.573365139;2472.346214;0.068953332;11.13921674;0.003272303;0.45905023;0.011249675;7.606431707;33.81450633;-0.359510571;0.727563937;1.230662634;-0.384904766;-6.047220135;0.713532776;-0.316701642;0.626415411;28.5998871;32.80848203;53.41647287
1796;0.421982369;1236.112035;0.023875206;10.52888627;0.002169507;0.612010892;0.040323188;4.237767558;34.80483818;-0.55635206;0.177617231;0.561363593;-0.22068903;-7.35970876;-0.337414492;0.020071218;0.6531912;28.3103499;53.96232604;53.49425671
1797;11.48799893;6921.668057;1.541712679;7.019257516;0.007623606;1.947354174;0.000931974;36.33612303;10.33395111;-0.15243953;0.222938212;-0.019522093;-0.019691668;-6.187256466;0.257330178;0.200930468;1.064069227;29.3091385;14.71746227;52.56717736
1798;7.341002018;5348.737761;1.018891596;11.7496061;0.00370948;0.152762595;0.012082892;2.79058066;36.07058445;-0.214850525;0.207525346;0.284879652;0.329335697;-7.649207144;-1.116430188;0.086417578;0.496774381;28.6564608;16.39114377;51.47838246
1799;0.157812478;636.7562319;0.01102371;16.02225137;0.000323062;0.001959104;0.015581199;1.629423602;36.10187102;-0.939359614;0.804467703;-0.534401137;0.062077018;-6.342410926;1.66382955;-0.09744032;0.300620556;27.8271294;70.93253734;54.44128306
1800;0.126581334;561.0697485;0.007378103;13.12284665;0.001769956;0.065912233;0.007474927;4.625255028;35.04745774;-0.279552624;0.533468128;0.243981985;-0.234792459;-5.177526389;1.425611703;-0.413158829;0.340519004;27.8620825;76.54295325;55.71295515
1801;0.105503632;490.5093215;0.005464929;17.9296396;0.000997839;0.012537605;0.008990268;3.261127211;36.04693621;-0.738545949;0.689107148;1.521973271;-0.350079981;-5.00391157;0.217042665;-0.293213443;0.212517565;28.2062047;83.40321017;52.91474509
1802;0.256695236;860.1663962;0.018927497;11.52074059;0.001607122;0.026694052;0.000146069;7.754274051;34.50384617;0.615711511;0.455641462;0.498897804;-0.041174794;-3.789616076;0.884565182;-0.223211665;0.220593267;29.8532036;61.65630149;44.97616507
1803;7.623099238;5792.435278;0.490315335;10.45258764;0.005893766;0.261100315;0.000709567;10.63403524;27.33124262;-0.093538733;0.006713454;0.629070524;-0.2140874;-5.984552875;-3.262061978;1.685055794;-1.933674574;28.6739588;16.94387212;53.785273
1804;5.487489566;5051.984536;0.898949027;7.095551677;0.005334679;1.038806872;0.002471279;24.25872406;20.22995389;-0.24323112;0.26245886;-0.223928383;-0.048458052;-4.174994525;0.540250598;5.544226342;-1.023597703;29.4008301;19.23535863;53.730622
1805;0.094501275;462.1470984;0.004555403;23.19406147;0.000331491;0.002124843;0.018167764;1.717227008;36.17816708;-0.368663855;0.103763202;-0.459761186;-0.008097472;-6.045356831;0.802411223;-0.136780053;0.341430316;28.3679323;86.46515773;53.57382686
1806;7.020861101;5501.238998;1.723205791;8.545204832;0.009944251;3.859565104;0.008452684;29.9334586;19.34495362;-0.091860526;0.333567633;0.704856924;0.266680059;-5.978929501;-1.690438853;-0.417899806;0.936367867;29.5163495;18.28554804;49.33558979
1807;0.160197404;649.5048148;0.01079215;10.52888627;0.00190898;0.979273975;0.046424368;6.084169961;34.3882559;-0.68910681;0.253913865;-0.112330655;0.138302111;-6.020475108;-0.561095178;-0.082256587;0.399089664;27.920014;72.09576572;52.38612056
1808;0.079541679;397.1771656;0.003224299;15.18295163;0.000967311;0.01337193;0.010093673;3.244833336;36.15833;0.240180402;0.503556115;-1.169296063;-0.054531585;-4.012434863;0.97841766;-0.309755343;0.056752177;28.6737856;91.32905014;48.42093736
1809;9.985350927;6462.43816;0.814672777;9.38445034;0.006651252;1.203193493;0.000761473;29.71731903;16.4105824;-0.079348256;0.213019555;0.711982896;0.394938428;-5.454364293;-0.074814497;-0.633692874;1.685960942;29.5630436;14.64951037;52.7842608
1810;0.547743571;1272.031128;0.013782692;11.13925622;0.002346793;0.13019878;0.000322489;6.767165001;34.67513356;-0.113528668;0.729698053;0.021118246;-0.038649868;-4.397948185;0.92546581;-0.333952975;0.72240442;28.9638229;62.62922029;51.02472485
1811;0.085838912;426.3411929;0.004222186;19.37923587;0.000396222;0.002343858;0.017185955;1.866870454;36.14230784;-0.589617346;0.270088313;-0.577455973;0.052868221;-5.372298667;0.59249928;-0.1211583;-0.039465106;28.5917519;89.48220258;50.29691952
1812;2.538078579;3250.613776;0.149497627;10.52888627;0.00366061;1.124057273;0.034194602;9.417342818;33.17629651;-0.368053799;0.595569457;-0.411641293;-0.504398226;-5.663911869;-0.606643707;-0.238293855;0.9025544;28.7872744;29.38044776;53.17769343
1813;0.236018765;804.6819381;0.01596485;10.52888834;0.002786651;0.17637552;0.001021627;6.644596753;34.50880158;-0.373546496;0.810570936;0.168375969;-0.248512905;-4.680134212;0.504730862;-0.46636052;0.814994172;28.5426979;65.84393862;52.20080642
1814;5.985932318;4933.196989;1.044470324;10.29999744;0.004817159;0.744391015;0.014592903;7.274819183;33.37313896;-0.238807325;0.068361528;0.121811351;0.036209241;-6.369455594;-1.650580904;-0.028920647;0.809192461;29.0044087;17.98743389;49.75129427
1815;0.082599522;420.8961241;0.003924802;18.46367411;0.000329093;0.002564692;0.018828539;1.729168295;36.1957152;-0.453810122;0.483412711;-1.014586443;0.083928119;-4.714504104;0.716644336;-0.355745073;0.318177933;28.7449618;90.02791707;50.81598212
1816;0.384757402;1120.219644;0.02162396;17.31928699;0.002108999;0.017694261;0.017805098;1.689820325;36.35517444;-0.286873678;0.115665291;-0.20255838;-0.293119042;-6.668301897;-1.504088519;-0.137996124;0.753676131;28.3164129;56.32550721;50.37330888
1817;0.104977532;492.6660286;0.005347414;23.57566224;0.000302904;0.002280715;0.020756277;1.65277193;36.18884841;-0.831324306;0.339976517;-0.390691582;0.177764831;-6.278838934;-0.0825417;0.187375495;0.30664783;27.8098079;82.42542591;52.36614551
1818;0.2370071;735.8863158;0.005689375;12.43629204;0.00191057;0.073199322;0.000967077;6.23078071;35.62044203;0.410474469;0.622577342;-0.604410118;-0.022974627;-3.941831475;0.939165216;-0.190527648;0.249428888;29.0162155;77.71951927;49.07037022
1819;9.498102508;6252.435505;0.962656258;8.31628218;0.006802096;1.135160437;0.000934912;16.88325149;26.44581944;-0.15900183;0.231940884;0.209199494;-0.515793539;-5.540501919;-0.582597937;-0.18662461;0.839580668;29.3895979;15.87803907;52.0273452
1820;0.086402125;435.6998369;0.004342433;15.25930216;0.001226691;0.020118997;0.00764121;3.748295179;36.18884874;-0.422375692;0.964994697;-1.118645781;0.028837316;-4.459936987;0.710525628;-0.302918787;0.417958391;28.5240852;87.6492076;52.24591683
1821;12.56429546;7261.036193;1.642505132;7.019257516;0.010921529;3.096600505;0.007115531;19.98661736;25.1740233;-0.111393127;0.049744731;-0.085639733;-0.171268554;-6.287011958;-2.753581972;0.226771335;-1.354885121;29.4538379;13.40994703;52.08257336
1822;0.110803388;511.4912264;0.005376947;17.09043423;0.000376413;0.040386568;0.021468713;1.871584416;36.1648159;-0.914488361;0.738853668;0.562878346;-0.300945894;-5.456094331;0.090514507;-0.130990383;-0.077835718;28.0215924;82.40778781;52.72802026
1823;4.565634599;4727.444224;0.240802314;10.52888627;0.004761497;0.651932726;0.000555403;16.36401418;29.62123922;-0.223395945;0.527360557;-0.205152611;0.260020354;-5.024770331;0.791262202;-0.164664153;0.833160745;29.3304821;23.21548452;53.7494806
1824;0.376013421;1079.461327;0.032819912;12.66517906;0.001840261;0.059528298;9.23E-05;7.068342607;34.8490858;0.427868953;0.483412445;-0.085443503;-0.045853552;-4.232374301;0.966821759;-0.271240925;0.138000979;29.6123226;57.23742132;49.71811768
1825;1.769390943;2598.096409;0.092717451;10.52888627;0.00295154;0.304723667;0.000182256;9.892202706;32.09021557;-0.223090075;0.414136183;-0.2143695;0.087439608;-4.876070191;0.905795724;-0.26304444;0.446583357;29.5353601;35.6073396;51.88312771
1826;0.100026164;478.8713736;0.005213476;18.9214818;0.000298656;0.002262353;0.01956684;1.653699286;36.17854855;-0.819880131;0.414288943;-0.514408818;0.329380949;-5.817858803;0.237925877;-0.081568241;0.559960132;28.0214691;85.25122971;53.15662614
1827;1.265100827;2147.341946;0.052961706;10.52888627;0.003709892;0.327308085;0.001408711;8.488821261;33.31706082;-0.537124742;0.69765214;0.345935148;0.355049458;-5.078532755;0.055599471;-0.469299397;1.262575177;28.6411093;38.36753004;52.46398264
1828;0.164074967;633.1874641;0.012409742;10.52888627;0.001501115;0.725056849;0.044885604;4.390483981;35.11612082;-0.520035998;0.084841578;-0.158213436;0.359061994;-6.431980695;-0.756824931;-0.343518229;0.666211961;27.8908195;70.53465141;51.56011576
1829;0.0899768;444.0669976;0.004507788;16.21296523;0.000350247;0.002490158;0.018525838;1.767227124;36.16443357;-0.795159429;0.585802147;-0.653512465;0.269903719;-5.166214143;0.379894433;-0.178474917;0.287955302;28.307283;87.00681231;51.62497479
1830;7.627932798;5950.69647;0.615436722;7.019292674;0.006393283;0.95402131;0.000993167;34.82334126;13.9927452;-0.047609471;0.233162112;0.482069233;0.160595543;-4.33857504;0.468210002;-0.044255339;-4.129093612;29.7244828;16.90171529;53.77137422
1831;0.089000916;439.7164356;0.003896025;12.97037006;0.00193419;0.093033734;0.003368048;5.29230963;35.82872947;-0.062868342;0.806298783;-0.236189918;0.227271739;-4.154636588;0.855758468;-0.206966115;0.229261405;28.5053764;87.97900901;50.61014335
1832;10.61083797;6463.913541;1.498005549;10.22370134;0.011014481;6.00203105;0.004626138;40.28036415;5.150380107;-0.046846062;0.004120539;1.304220318;-0.105396742;-6.146794364;-2.308754522;1.137047317;0.311612429;29.9139755;13.710864;53.64810211
1833;8.88446003;6075.761625;1.292987828;7.896654865;0.00603727;1.493320866;0.036528552;11.90085195;30.31480762;-0.16281653;0.162205975;-0.032956965;-0.138450803;-6.106084963;-1.371582338;-0.161634304;0.849380504;29.3077847;15.33292591;51.5928928
1834;1.177884817;2147.887082;0.0505609;10.52888627;0.002744161;0.81489541;0.026231654;7.305731747;33.69396289;-0.683308987;0.46632169;0.391580764;-0.206266268;-6.036162123;-0.953874296;-0.032394983;0.906384877;28.4234384;37.4877922;52.29904374
1835;1.207164431;2059.559471;0.056523714;10.5288886;0.003122568;0.436935818;0.010078765;7.43660923;34.18453935;-0.377515691;0.688500313;1.637596932;-0.742678133;-5.304380588;-0.19953166;-0.151138078;0.692038959;28.6416096;36.49114356;52.49700002
1836;0.573915991;1456.455088;0.028985934;10.52888627;0.002304387;0.656492764;0.036976922;4.674306839;34.47905287;-0.580156542;0.08667231;0.648645501;-0.215725701;-6.374413754;-1.232794253;0.070579493;0.748548693;28.3736228;49.67583437;52.42011699
1837;9.030980727;6338.46499;1.297136692;7.019257516;0.007260531;1.611401119;0.000840828;32.35375266;14.16592797;-0.143589104;0.215308615;-0.138054558;-0.072362047;-5.65018051;-0.754512368;0.159767515;1.45658698;29.730098;16.7679369;51.34637594
1838;5.822840523;4769.135822;0.691045097;11.59701476;0.003937907;0.152246085;0.006584609;2.776437706;36.47571692;-0.164189786;0.15411798;0.349103219;0.266760174;-6.644300059;-2.024911594;0.070314334;0.667470287;28.8074045;17.42131714;50.3951439
1839;0.09217156;459.1512278;0.004063561;23.8807221;0.000327615;0.0021788;0.01824944;1.703305613;36.18045595;-0.474867734;0.194097441;-0.548925025;-0.055892807;-5.824653528;0.626614605;-0.092823374;0.211815639;28.4199052;87.59217135;53.95889833
1840;0.093739926;462.0990847;0.004866659;14.80141649;0.001742499;0.086570065;0.006469664;4.724140398;35.81041669;-0.614643211;0.802028128;0.458063201;-0.578902102;-4.703401414;0.43183114;-0.360081998;0.138389082;28.2761416;86.31867803;53.39666801
1841;0.091002822;432.3775202;0.004294042;15.25912116;0.000673181;0.009775046;0.009978567;2.463831835;35.94851331;-0.810875837;0.648517868;1.954804392;0.631051306;-5.57281017;-0.677452899;0.113235746;-0.136634557;28.2754058;86.81616317;49.29551023
1842;0.07781892;376.1351996;0.003138956;20.82889443;0.000919367;0.008585277;0.006556735;3.322079586;36.21860417;0.407574823;0.225683127;-1.263109772;-0.058945123;-5.911356296;-0.591649228;0.090225926;0.044054488;28.7959958;89.95407992;44.77490179
1843;7.031947715;5560.490329;0.43420136;10.45258764;0.005989603;0.370184782;0.000738205;11.63752466;27.13707348;-0.095064664;0.001677875;0.790449774;-0.210795718;-5.926110914;-3.103874843;1.882126907;-1.688882682;28.800358;16.97100707;52.9800838
1844;5.477804684;4878.843212;0.981902211;7.095551677;0.005335666;0.866765325;0.002088292;23.5444399;21.50714947;-0.259100547;0.270698691;-0.156050338;-0.154171062;-4.521218764;-0.087641721;5.494642164;-1.827057695;29.1262819;18.53729685;46.78425257
1845;0.096583556;450.1668336;0.004417054;17.77704316;0.000304194;0.002169423;0.017643007;1.68140158;36.16290775;-0.454726064;0.311899428;-0.599771011;-0.130173498;-6.067855707;-0.135961619;0.120285916;-0.234898616;28.1538357;83.73082011;50.55041075
1846;9.655000866;6179.590778;1.778752048;8.545204832;0.009508136;3.468645797;0.008061989;26.40277351;20.31544903;-0.092165757;0.320749699;0.579669163;0.241973839;-6.017846017;-1.836293691;-0.354085246;0.556260582;29.3097667;15.47775497;48.83162364
1847;0.170134226;651.9716597;0.011837573;10.52888627;0.001938799;0.810723928;0.033317932;5.916893625;34.48133914;-0.632342831;0.27588715;-0.09907423;0.220612798;-5.946696552;-0.903370192;0.0332659;0.226392822;27.9157447;69.84634041;50.26857987
1848;0.073142376;362.6155392;0.002894161;18.54000343;0.000320505;0.001794723;0.012621193;1.719103421;36.15298961;0.116274911;-0.332650945;-0.705221905;-0.002693464;-5.774307214;-0.577074103;0.02376691;-0.036067738;28.8165604;93.64254029;44.33013253
1849;8.931721122;5931.13308;0.994588784;9.38445034;0.006609533;1.052696303;0.000880962;25.33332856;19.98048329;-0.093386731;0.207526097;0.440081;0.019397568;-5.800543243;-0.92653386;-0.161829838;0.922197239;29.5043125;16.09303294;49.10294636
1850;0.082507246;391.4501441;0.003482826;12.81774734;0.000623559;0.002710948;0.009595677;2.308963079;36.19266326;-0.783104713;0.931423983;-1.062667929;-0.150857894;-5.604610421;-0.503735466;0.017000075;-0.001683591;28.6407509;88.87393858;46.0086919
1851;0.085189812;398.356598;0.003587657;16.2511159;0.000472299;0.002292125;0.012383451;2.01587766;36.1606189;-0.517898699;0.208746392;-0.667714385;0.099225661;-5.830706204;-0.508750299;0.158367108;-0.188904613;28.3767779;88.02306251;46.08717479
1852;2.592286711;3103.291453;0.210722178;10.52888627;0.003498554;0.920856018;0.019735235;8.607052281;33.32583646;-0.381787249;0.525376772;-0.121862034;-0.590018248;-5.86072715;-1.138683302;-0.151971521;0.559381563;28.873425;28.4527713;48.71503325
1853;0.118421738;502.6619017;0.006823699;10.52888989;0.001298993;0.023515566;0.003762742;3.563874648;35.19699596;-0.676290344;0.916776167;-0.304061416;-0.050837848;-5.495323227;-0.627621917;-0.017884899;0.33649731;28.0619784;78.03862041;48.3577314
1854;5.570943349;4587.211214;1.367043848;10.29999744;0.004795105;0.79385775;0.012047846;7.226297286;33.38992388;-0.22003842;0.059205958;0.092173357;0.039506056;-6.307538528;-1.798062965;-0.048193197;0.522852253;29.0759394;19.63864667;48.63317135
1855;0.075162588;359.8160376;0.003092104;20.67635336;0.000551725;0.002167934;0.00884085;2.176177986;36.25141137;-0.245368444;0.104372978;-0.890165888;0.282781835;-5.740659646;-0.573683349;0.095457633;-0.143698914;28.5790784;91.83031329;44.61015729
1856;0.436452371;1192.363415;0.02635198;17.09039604;0.002369734;0.021042411;0.008382471;1.768751857;36.31244848;-0.280159602;0.122074168;-0.214084171;-0.293119685;-6.676236609;-1.496551598;-0.151465134;0.53342651;28.7205752;50.71208227;51.54078531
1857;0.086788755;429.9969763;0.00353821;18.00605694;0.000307985;0.002420962;0.017961904;1.713435332;36.20715971;-1.080659939;0.663166559;-0.433574209;-0.179725098;-6.167332586;-0.444701735;0.337601704;-0.22765237;27.8515778;86.98714494;50.5993012
1858;0.072039108;355.0648267;0.002670791;22.20222931;0.000380528;0.001671787;0.012236918;1.861427705;36.25751516;-0.066834967;0.149539256;-1.226295271;0.063895583;-5.710458188;-0.656070795;0.010609935;-0.326365012;28.9003198;94.01012459;45.18436151
1859;7.245180859;5533.970209;1.216723713;8.31628218;0.006205249;0.966314731;0.0011358;13.76617901;27.90003018;-0.192877592;0.240485995;0.276670157;-0.591627376;-5.853132541;-1.121535451;0.035193547;0.482541557;29.4505001;18.13564432;48.30122028
1860;0.07874816;366.7377076;0.003207138;15.86963171;0.000451749;0.002066437;0.011132839;1.988543717;36.23004879;-0.609759457;0.408337239;-0.973579318;0.304336662;-5.672522724;-0.559506737;0.100606474;0.103471302;28.6842549;90.15674112;43.25479809
1861;12.11418311;7107.981982;1.552176137;7.019257516;0.010690579;2.939445137;0.007150306;18.96988914;28.586702;-0.129398786;0.025940677;0.174545657;0.046100885;-6.194506833;-2.576703593;0.252269877;-1.490757376;29.4473747;14.24089539;48.66709445
1862;0.098873011;454.2228322;0.004781533;13.65706391;0.00049135;0.051533806;0.016383538;2.196931119;36.18541574;-0.996736193;0.850704626;1.399726633;-0.143200273;-5.657446356;-0.689282978;-0.002361492;-0.312944565;27.7678669;84.11604872;48.62428294
1863;1.799299345;2811.754062;0.047737415;10.52888627;0.004336159;0.498945828;0.000744804;12.43246937;32.46556454;-0.415661387;0.900905615;0.686229798;-0.19018157;-5.622019043;-0.531568868;0.067930848;0.739967497;28.6616313;36.12443628;46.04713468
1864;0.077208291;368.9001683;0.002842317;13.88589773;0.000918276;0.016864997;0.007915018;2.963366012;36.17206279;-0.2472005;0.941191534;-1.149838674;0.267217839;-5.711793174;-0.557111865;-0.012122555;-0.057962116;28.9212432;90.03285208;45.34555787
1865;0.172716885;667.63138;0.009324721;10.98665638;0.003051012;0.239260734;0.000600262;7.807103801;34.06095081;-0.47730964;0.916165876;0.237509376;-0.031553623;-5.723797241;-0.400006295;-0.149587505;0.297028783;28.5737933;75.74224886;46.29085716
1866;0.083323685;414.336635;0.003400027;15.79334854;0.000305112;0.002384809;0.018011163;1.696036183;36.21593367;-0.896176204;0.647908294;-0.85379242;-0.115521462;-5.897512743;-0.515680856;0.170630225;0.22694611;27.9961817;88.30957375;49.87352317
1867;0.640952439;1450.214442;0.036204928;10.52888627;0.002813767;0.220871396;0.001586232;6.258780728;34.37910251;-0.782493306;0.66774435;0.42124518;1.034327809;-5.587412286;-0.812791397;-0.130647327;1.017169397;28.4326113;44.44095478;49.7047
1868;0.186496336;685.1798603;0.013122714;10.52888627;0.001614601;0.702100403;0.039311772;4.34046979;35.20843959;-0.489212189;0.12970383;-0.291591124;0.362333332;-6.360983985;-0.884799963;-0.436527093;0.438677801;28.1774566;67.07502354;51.32159679
1869;0.085339179;401.6808525;0.003629395;16.13662374;0.00048526;0.002512613;0.012188921;2.036924812;36.18694103;-0.789513391;0.456251046;-0.831397544;-0.125060462;-5.726498714;-0.605326855;0.123047698;0.133815901;28.2980206;88.15855978;46.72851817
1870;8.409857629;5922.509654;0.773345496;7.019292674;0.006426003;0.953419613;0.001088425;33.20546537;16.21143455;-0.056765061;0.226448283;0.373109731;0.173700525;-4.487277189;-0.436753865;-0.814033386;-5.318202528;29.5831773;16.75627946;47.61352726
1871;0.076745818;367.6682285;0.002956501;16.78516712;0.000408486;0.001894171;0.011758693;1.915376804;36.22089289;-0.495621029;0.43824642;-1.043894651;0.19225365;-5.670853048;-0.543110368;0.19476634;-0.278976841;28.7714481;91.02552274;44.92699972
1872;10.57788493;6333.371817;1.512691664;10.14740633;0.010848022;5.867390913;0.004729748;37.89013261;4.012040442;-0.019989665;-0.002898877;0.895832186;0.059279112;-6.059924036;-2.2390927;1.107379666;-0.01045737;29.629477;13.90606837;51.91873865
1873;9.204273086;5882.093567;1.446812232;7.896654865;0.005801354;1.628002851;0.048881055;11.79953834;30.47350308;-0.155797244;0.148014836;-0.049429338;-0.121971341;-6.157553768;-1.600753351;-0.010775628;0.612442759;29.2433696;14.98364715;47.85073351
1874;1.267719041;2123.359717;0.056646428;10.52888627;0.002771504;0.668598798;0.013288306;6.826177458;33.86791834;-0.615863409;0.429089318;0.179191841;-0.135424;-6.06284921;-1.278888898;0.105226844;0.68072328;28.678853;36.63736636;49.60572434
1875;0.995284732;1857.159711;0.052273473;10.52888627;0.002692131;0.290772727;0.005003369;6.226655257;34.4653073;-0.417494811;0.622579832;2.062646194;-0.307803611;-5.655365648;-0.897128239;-0.067653053;0.559555258;28.5995403;38.36371047;50.28890722
1876;0.614325605;1418.392886;0.035621363;10.52888627;0.002457139;0.586529262;0.023138541;4.622706481;34.60417886;-0.554520898;0.081178954;0.483978828;-0.199252499;-6.338935227;-1.41848034;0.045781796;0.492320979;28.7129992;47.04899756;49.55744858
1877;9.913890663;6002.667714;1.383137309;7.019257516;0.007147688;1.419674618;0.000901998;28.2957231;15.67087181;-0.162815706;0.226905665;-0.381762;-0.111881017;-5.805752634;-1.218131277;0.338527176;0.338695294;29.557796;14.50978275;49.36366943
1878;5.981696759;4793.469613;0.759500994;11.52071906;0.004075473;0.179353254;0.00357238;2.826996313;36.4902139;-0.155949769;0.15076096;0.352396553;0.238766183;-6.605965373;-1.994932872;0.025286092;0.289688665;28.9796866;19.6850271;50.23793088
1879;0.089266072;432.042042;0.003776986;18.61635738;0.000305746;0.002205253;0.017728657;1.682723062;36.1896116;-0.524917903;0.367137483;-0.687224538;-0.139939526;-5.947807567;-0.341747634;0.175297467;-0.229681863;28.2428789;86.09207055;49.90333534
1880;0.0857654;396.8438034;0.003920604;13.12298046;0.000627076;0.004875588;0.009958614;2.313456863;36.13238738;-1.094390472;0.806910101;-0.014384152;-0.050285082;-5.554864401;-0.665184012;0.043970184;-0.112460343;28.259565;88.1270237;43.84547908
1881;0.104761741;412.9999381;0.003501284;25.48286124;0.000703372;0.005602781;0.01042291;2.370858147;36.07211276;-0.721149006;0.640887016;3.462747873;-0.135532574;-6.207802185;-3.181105454;0.283945134;-0.119359411;28.1336597;83.34868532;40.44539913
1882;0.11212883;436.109326;0.00542221;36.73662928;0.001091461;0.0014522;0.004216201;4.444941623;36.17435159;-0.005341004;-0.720083933;0.324118521;-0.157960254;-7.124329363;-3.05874945;0.014466486;-0.065199831;27.8207527;79.07755061;42.8439059
1883;8.571194992;5513.198445;0.499436472;10.41443823;0.006220441;0.686585946;0.001063527;16.94516788;26.28979732;-0.056764163;-0.012970869;0.247027217;-0.385341847;-5.302149933;-3.045816746;1.336128478;-3.557108266;29.0386433;16.03313386;45.34424728
1884;4.3549468;3698.528542;1.135417885;7.095551677;0.004957392;0.565156012;0.001607308;18.95052856;22.30518858;-0.236516934;0.243842443;-0.241586986;-0.29226556;-4.648865616;-1.898008109;5.214716647;-4.588593034;28.3912067;22.11848705;38.62954801
1885;0.108626186;446.4285964;0.005556881;17.77702008;0.000337857;0.001715077;0.010632244;1.850486508;36.0652485;-0.712607424;0.372936391;-0.451785256;-0.056127034;-6.465507612;-2.387009719;0.36475428;-0.555521083;28.127983;81.84742433;45.49314257
1886;9.590726479;5663.913123;1.715124807;8.545204832;0.009779847;4.212448694;0.009949035;33.58576177;17.12548021;-0.069276879;0.153508347;0.520410339;0.166285154;-5.39526789;-3.291331684;-0.348707426;-1.306376348;29.302704;16.41142299;42.07638026
1887;0.187291747;644.6996014;0.014085908;10.52888627;0.001675524;0.737330367;0.033376568;5.221064591;34.51033105;-0.62990082;0.181889876;0.134755882;0.013144451;-6.094003066;-2.798530647;0.332850315;-0.126197042;28.0421931;67.41702379;46.74635803
1888;0.104871772;396.8635043;0.00450398;25.94073221;0.000476046;0.001394252;0.011586003;2.170067327;36.05685614;0.522781701;0.00549314;-0.120513774;0.041878181;-6.853139497;-3.312337969;0.130355238;0.066316732;27.9039862;81.12719124;39.83674783
1889;11.30772676;5701.456923;1.0430447;9.38445034;0.006373039;1.094079486;0.001010688;28.77891168;19.54406687;-0.06653035;0.124820735;0.120273303;-0.005121107;-5.785747269;-3.066605099;0.433848949;-0.30241251;28.7970369;16.1649783;42.72254904
1890;0.098738207;395.8012191;0.005053627;37.38513098;0.000375726;0.001563396;0.013147797;1.858243871;36.1972409;-0.601518827;0.427563459;-1.106118029;-0.082134422;-6.725563506;-3.172662971;0.202065444;-0.028374271;27.8496761;82.78060066;40.60990378
1891;0.097073016;415.8861915;0.004414396;21.97329558;0.000325676;0.001633236;0.012810057;1.805161208;36.10492236;-0.712911822;0.454115169;-0.667811482;-0.059284151;-6.435816471;-2.913015789;0.3529089;-0.38683149;28.1206006;83.21463158;43.34867695
1892;2.767841081;3093.379054;0.175130498;10.52888627;0.003569252;0.917497783;0.02229312;8.559836238;32.83220246;-0.329905925;0.388653798;0.023058001;-0.695370933;-6.134967258;-3.194686049;0.0898552;-0.206253749;29.0910777;26.63059502;44.73868968
1893;0.135271365;488.7615438;0.008596306;13.42815396;0.001155039;0.007932346;0.005798667;3.097670128;35.61357346;-0.514542187;0.443739312;0.220533209;-0.129553777;-6.310941258;-3.148162277;0.233973301;0.055988258;27.8409268;73.52055941;42.30765574
1894;9.983948165;5572.300437;0.973918654;10.29999744;0.005771599;1.256310433;0.026067038;9.763661883;30.20684879;-0.124668083;-5.00E-08;0.108653376;0.023052576;-6.06737685;-3.125565232;0.160482011;-0.264453211;28.9815413;15.40381931;45.72610902
1895;0.102571109;394.4602262;0.004623703;42.57333797;0.000383431;0.001463226;0.010733984;1.895476512;36.13162639;-0.273750583;0.239264791;-0.934482385;-0.172457892;-6.539828454;-3.157172643;0.306811179;-0.249489344;27.8684638;82.35115068;38.94896897
1896;0.341166354;983.9744768;0.022282357;15.41186525;0.002635971;0.035794662;0.007714816;1.744777145;36.14459651;-0.24292702;0.120548293;-0.227256795;-0.26512745;-6.323617134;-2.787282979;-0.06767032;-0.175900116;28.8216824;55.04789052;44.76438237
1897;0.084761072;408.9894465;0.003470579;22.35475322;0.000309157;0.00199534;0.014650973;1.765656491;36.16214534;-1.128574728;0.620136025;-0.85027958;-0.210957051;-6.340788158;-2.375983339;0.590947996;-0.365002322;28.2049475;87.4362325;47.39334145
1898;0.097143476;397.9801764;0.004143986;35.40144133;0.000418428;0.001586603;0.012884132;2.093161057;36.13849214;0.265511619;-0.469068981;0.347629534;-0.005529361;-6.966542244;-3.190221639;0.119765125;-0.032439229;27.8664857;82.68570965;42.43719462
1899;8.102151038;4904.80916;1.413598221;8.31628218;0.006554339;1.215940363;0.001196833;17.99061392;24.87260323;-0.130924812;0.155339262;0.052680041;-0.392232113;-5.905239658;-3.214414987;0.344088386;-0.467596596;29.0849955;17.06986797;41.68071017
1900;0.10271189;395.1860906;0.004931054;50.81314839;0.000361977;0.001506504;0.012070911;1.834797493;36.1537522;-0.419323995;0.324106642;-1.173976041;0.152701064;-6.626086938;-3.254304294;0.300369205;0.01221087;28.0292889;82.50591171;42.737297
1901;9.862267461;5921.06452;1.545189636;7.019257516;0.012332073;4.65413467;0.007979297;26.81968622;16.28394579;-0.025330424;0.000305179;0.070809179;0.088920526;-5.436996685;-3.04956208;0.186129878;-3.259650634;29.3668592;15.12887112;41.67117936
1902;0.101773951;427.6930556;0.003853846;17.73890843;0.000405419;0.031443352;0.015872176;1.929409946;36.16405197;-1.056400046;0.930510705;1.518342856;-0.314636994;-6.159339534;-2.962589298;0.156371297;-0.562194058;28.0778829;85.97326016;42.77910421
1903;0.644552357;1203.730967;0.025512563;14.19105395;0.003319173;0.335578267;0.001467925;9.374546131;34.28294641;-0.498672004;0.67506965;0.114161914;-0.047811483;-6.242560351;-3.009631224;0.493636951;-0.058062171;28.083838;50.9996777;43.14543559
1904;0.092685181;381.914949;0.003965805;43.18364236;0.000428165;0.001287253;0.012073111;2.067017143;36.2620928;-0.169683613;0.009156286;-0.530135987;-0.011235092;-6.909070287;-3.092828044;0.068986708;0.018812686;27.6851424;84.05245973;41.04438149
1905;0.117051524;454.6911338;0.00580734;17.92968571;0.001394468;0.037702354;0.005265374;3.517609268;35.92486477;-0.859096635;0.778222455;1.19863033;-0.264886376;-6.551742679;-3.061605556;0.123789913;-0.22058512;27.8353124;79.62593603;43.17280146
1906;0.091638172;409.8373752;0.00377921;19.79891064;0.000318653;0.001807145;0.01418704;1.780276783;36.14497822;-1.010162712;0.616169144;-0.653034409;-0.132070402;-6.306449649;-2.726470355;0.355175387;-0.14116887;28.1374575;84.84068925;43.63653478
1907;0.539643733;1145.239627;0.027403876;10.52889782;0.002837633;0.207663677;0.001396873;6.293788361;34.32569285;-0.678730532;0.508437751;0.418099975;0.038918665;-6.182200886;-3.269677504;0.340478934;0.565791544;28.5064247;50.98771593;41.94174258
1908;0.179618506;642.0502536;0.012928576;10.52888627;0.001658571;0.772779842;0.039769484;4.57388774;35.11230626;-0.500198791;0.070497808;-0.225710867;0.222376961;-6.237516318;-2.567570196;-0.007873173;-0.015978233;28.2839221;67.13815537;46.39610596
1909;0.091612514;390.7281525;0.00412677;25.74990919;0.000325626;0.001661233;0.013884951;1.784262266;36.13315215;-0.805993829;0.598162145;-0.745740424;-0.34303171;-6.365661417;-3.083142709;0.382175904;-0.009592008;28.0431705;84.39531842;40.82565767
1910;8.011801954;4979.27579;0.814960793;7.019292674;0.006208507;0.719431578;0.001107881;28.91650768;16.56544868;-0.04699883;0.165410611;0.033147426;0.144441075;-4.388653488;-2.187177243;-2.682174203;-6.502289313;28.6636337;16.37435935;41.05856138
1911;0.097235168;397.0414766;0.00381939;35.40147149;0.000327855;0.001593227;0.013579928;1.772502414;36.16595965;-0.115360589;0.122684727;-0.979474383;-0.053657104;-6.793306652;-3.252709845;0.219076671;-0.191632286;28.0892293;82.59336413;41.19976146
1912;10.16505208;5639.145101;1.496466131;10.56703129;0.010820306;6.375470023;0.006437978;41.27329081;5.954922793;-0.038606132;-0.041809923;1.050621664;-0.372153974;-5.039486934;-3.091733082;0.484342214;-2.314291851;29.5316828;14.01804595;43.26374695
1913;9.324177807;5561.975498;1.503102143;7.896654865;0.006324417;1.558619815;0.019426257;13.00211106;27.0687876;-0.11017204;0.063631147;-0.082348627;-0.069239606;-6.047483708;-3.234898426;0.21900458;-0.151927266;29.246951;15.31333237;43.6904758
1914;1.419181077;2177.11752;0.056553159;10.52888627;0.002828108;0.643358681;0.013352774;6.654489105;33.66573152;-0.544145156;0.317086802;0.297797006;-0.128780889;-6.17616791;-3.103136943;0.356585094;0.197203373;28.8676299;34.50419057;44.27986371
1915;1.08502721;1692.305823;0.05702802;10.52889326;0.002859106;0.310691037;0.003547514;6.46126634;34.11587108;-0.44557093;0.52247735;1.526925566;-0.434349159;-6.122196579;-3.269647359;0.17836035;-0.046042638;28.8206413;35.32893616;42.58450587
1916;0.601755943;1386.863375;0.034363623;10.52888627;0.002782189;0.64771004;0.022093654;5.04717527;34.18226061;-0.541397907;0.029907901;0.533385895;-0.382041655;-6.146159105;-2.958372505;0.276786124;-0.067401175;28.7710807;47.10453098;47.44989565
1917;10.10466155;5156.82465;1.771081682;7.019257516;0.007008254;1.572386296;0.001047781;31.60875348;15.22606544;-0.111697448;0.128636016;-0.108429792;-0.036185237;-5.252774447;-2.897468735;0.582876227;-1.537966304;28.9472818;14.49695452;40.42743195
1918;7.77756254;5184.60589;0.397187246;11.13923893;0.004855566;0.413860284;0.006622895;3.83823239;34.95817345;-0.045472792;0.102541609;0.694916681;0.07079935;-6.143614857;-3.036691924;0.116836377;-0.427050585;29.0613074;16.74570679;42.88960259
1919;0.101190485;424.5395928;0.004726312;18.76891642;0.000329974;0.001698492;0.01248568;1.813427559;36.09271506;-0.770897368;0.459303354;-0.512856335;-0.064350073;-6.394529851;-2.642082406;0.333813317;-0.305841498;28.1462288;82.59477082;45.83648126
1920;0.090385888;382.9591614;0.003626803;24.26232442;0.000599318;0.002342804;0.011121652;2.212646123;36.1552769;-0.974147422;0.813622464;0.606043225;-0.110137692;-6.351947731;-3.207809726;0.25228968;-0.157614499;28.0740748;86.20690859;42.88208224
1921;0.104251785;410.8391245;0.00434313;32.34946533;0.000557127;0.007236917;0.009197771;2.112211094;36.02786239;-0.777305577;0.516372995;0.882179479;0.530834302;-5.916944922;-4.212251597;0.467311785;-0.432538415;28.034548;82.49513589;40.052239
1922;0.135489331;502.3483212;0.007677936;50.20294316;0.000647624;0.001127743;0.007163114;2.766084762;36.06868172;0.251777811;0.058747768;-0.090106929;0.056322806;-7.307835778;-4.432411089;0.124917427;0.098364936;27.6784167;73.52200562;44.13861683
1923;9.048587126;5320.560032;0.538881689;10.41443823;0.007355112;2.93024994;0.002275379;24.14215373;15.95048271;-0.036164929;-0.078433111;0.5105014;-0.029633309;-3.717880582;-2.857635013;0.092313919;-3.49433523;28.8285631;16.50350107;41.96767428
1924;3.566233786;3044.295848;1.465567436;7.095551677;0.005229908;0.841336051;0.001364852;24.03363342;21.61242166;-0.13519625;0.152592329;-0.11155208;-0.149650775;-4.302605055;-2.915531923;4.879875046;-5.486444504;27.7440676;20.95014104;39.67679652
1925;0.107387241;445.4154946;0.004315782;20.98145683;0.000345897;0.001721024;0.005617873;1.867641591;35.82720406;-0.50386065;0.07477041;-0.186458357;0.088945516;-5.962120495;-3.855025334;0.423821152;-0.540304342;28.1887259;81.50644955;41.96546261
1926;8.441373589;5077.808294;1.55497893;8.545204832;0.011138205;5.673550819;0.014839395;39.49352731;9.284504558;-0.047608778;0.053712746;0.375480849;0.095499466;-4.116694975;-3.911568796;0.018289749;-1.86837032;28.6207359;18.02608511;39.17211649
1927;0.602900326;1288.492395;0.020134499;10.52888627;0.002802081;1.357838354;0.042510204;8.598794801;32.56935532;-0.505385717;0.050049974;-0.036488449;-0.085645756;-5.062479958;-3.71922306;0.61768316;-0.437864448;28.3687932;59.37594039;43.88650404
1928;0.112091698;400.236309;0.0053976;78.58514216;0.000595829;0.001132585;0.007437757;2.570536771;36.24378169;0.072023237;-0.182805363;-0.791668642;-0.11702698;-6.890526872;-4.668268797;0.322538066;-0.216897054;27.823393;79.50804249;40.90368704
1929;7.994286604;4282.317123;0.848460897;9.38445034;0.006259106;1.440922174;0.000812854;35.16152604;15.43474423;-0.044557057;0.07843272;0.352639573;0.067355328;-4.90678203;-4.080337863;0.894621722;-0.452956352;27.9841819;17.51180165;32.97687385
1930;0.111887662;417.1923234;0.003644763;66.1488556;0.000565328;0.013465711;0.009467486;2.237005824;36.09271502;-0.471510381;0.561845081;-0.937801084;0.040067022;-6.527750898;-4.57495245;0.422272682;-0.08059315;27.9050156;78.16490328;41.14416056
1931;0.109229378;425.2512752;0.00411714;25.10148037;0.000330914;0.001651467;0.008420059;1.809879882;35.85695947;-0.547501828;0.167546481;-0.339899837;0.084072054;-6.120398191;-4.199384493;0.346318035;-0.335043847;28.1350536;80.56825089;40.2980507
1932;3.602996359;3093.413612;0.645521668;10.52888627;0.004794749;1.926244531;0.042851682;12.91148714;29.13984872;-0.346691036;0.353557177;0.121745798;-0.425270332;-5.287330167;-3.964438358;0.321396008;-0.265373349;28.6956273;24.66284797;43.25216178
1933;0.154419088;555.2713303;0.026333906;15.41180336;0.001145438;0.112480336;0.006622532;3.358630149;35.398417;-0.590227841;0.582903355;0.355703982;-0.060900381;-5.886409724;-4.43225005;0.418501974;-0.312257458;27.9800113;75.21027203;38.29984641
1934;9.196240367;5228.643476;0.821541456;10.29999744;0.007519463;2.883023128;0.027822223;17.26618511;22.06032169;-0.061342272;0.005340702;0.115253126;-0.06258318;-4.699414614;-3.62566011;0.360257091;-0.552138699;28.927113;16.27796389;41.17187226
1935;0.111842353;425.00965;0.004645707;37.46149947;0.000343352;0.001272097;0.009065981;1.813891466;35.96911545;-0.428784965;0.15259253;-0.376276335;-0.026246157;-6.46843154;-4.419503328;0.352245842;-0.454006662;28.0183713;81.01459737;40.54841001
1936;2.607886114;2835.577157;0.05707751;10.91036863;0.003967676;0.745042397;0.001561704;4.963713777;32.00475665;-0.162968679;0.072939341;-0.013181327;-0.115276424;-4.712205386;-3.370091498;0.16794336;-0.773670567;28.8789662;35.18917785;38.52784147
1937;0.101672674;401.5193096;0.00456087;28.61111463;0.00029185;0.002353258;0.012399767;1.717138372;36.08890103;-0.662557362;0.268868307;-0.667283627;0.097172607;-5.296064917;-3.500365875;0.590378382;-0.464865145;28.4350273;82.16252955;37.42332075
1938;0.120081197;426.7082682;0.005443552;78.12733789;0.000641393;0.001085411;0.006774609;2.79161228;36.25141145;0.262764842;0.036926755;-1.080053171;0.078369779;-6.991044907;-4.62275599;0.304623537;-0.154431951;27.8029177;76.93993527;44.09383762
1939;7.275891318;4366.042446;1.344284645;8.31628218;0.006726089;1.627192318;0.00096823;20.04319769;19.74169026;-0.097354281;0.114444455;0.067510211;-0.248880314;-5.095977591;-4.037701128;0.646003103;-0.7265226;28.4737161;19.08412677;36.3790513
1940;0.108884427;426.3475451;0.004601894;39.36899114;0.00036115;0.001195626;0.010215457;1.81766266;36.0164189;-0.519424714;0.303353913;-0.541554533;-0.039404285;-6.435861885;-4.584896125;0.399059293;-0.296863699;27.9859568;79.9161801;41.36018436
1941;8.47995985;4851.394978;1.796801057;7.019257516;0.013764371;7.120950214;0.01284219;35.54514458;6.426444951;0.014649007;-0.021057727;-0.004936969;0.1202123;-3.822027638;-3.125609094;0.126457811;-3.469243468;29.0262798;15.96324523;36.15237695
1942;0.116718581;436.8654722;0.004204578;23.27039232;0.000361721;0.02656267;0.012482159;1.87181401;35.9988704;-0.786309885;0.510574885;0.180721703;-0.293760413;-5.627062426;-4.031080963;0.223549994;-0.641093488;28.0700976;81.60752612;40.93247311
1943;0.898968344;1669.792291;0.02472528;10.83406751;0.003271355;0.466156359;0.000655148;10.00911669;31.73465058;-0.461439215;0.64027776;0.616232298;0.416677044;-5.725325821;-4.22530024;0.672326757;-0.511058395;27.9973327;49.96955142;39.01672934
1944;0.117709192;421.3833629;0.005749783;81.02670305;0.000497206;0.00108905;0.009007152;2.357363376;36.17511512;0.123293993;0.276498249;-0.91712602;0.005205092;-6.909759408;-4.538220564;0.161876802;-0.012786801;27.8011618;77.28651294;44.93034802
1945;0.382713454;1150.281566;0.011718097;16.09851175;0.001267089;0.092060081;0.005296437;3.59927016;34.90097007;-0.47700429;0.5346845;0.26845429;-0.083259849;-6.409020163;-4.460168934;0.316055797;-0.322805145;28.0450113;70.78240026;41.31475221
1946;0.117879968;440.2751141;0.004362085;22.20223249;0.000309702;0.002063723;0.010562966;1.758188825;35.89434524;-0.66423557;0.227057949;-0.451779833;0.108711525;-5.69357321;-3.906565064;0.76728647;-0.463621683;28.1825267;82.69585452;40.2275158
1947;0.669238213;1502.877495;0.039687427;10.52888627;0.003142745;0.486247096;0.001063693;7.694396445;32.31758029;-0.725117411;0.535293869;0.332198985;-0.112806106;-5.623613083;-4.249038408;0.717961102;-0.171140634;28.0138681;53.50839469;38.24739246
1948;1.239215369;1514.050929;0.021493791;10.52888627;0.002398499;1.199669028;0.04360213;6.366420627;33.44980799;-0.371105366;-0.00610364;-0.199336585;0.210838183;-4.971022686;-3.503272553;0.087350822;-0.148338285;28.3813204;53.63089194;40.20302935
1949;0.107346914;418.6113438;0.004185046;24.30034288;0.000313835;0.00158248;0.010554042;1.756909161;35.94088544;-0.638904851;0.28488996;-0.356623958;-0.039612344;-6.102908564;-4.225451647;0.569299094;-0.150638329;28.014476;81.59868046;38.49448958
1950;6.710174658;4236.325073;1.046247789;7.019292674;0.006065215;0.937330524;0.000810595;35.77064395;14.33913518;-0.028077188;0.135502259;-0.062431803;0.124905269;-3.781979801;-3.05163535;-3.653361576;-5.787572218;27.9297206;16.42190692;37.68166358
1951;0.114663483;441.9899738;0.004533656;48.06664917;0.000514695;0.001194256;0.008567544;2.107994714;36.10339658;-0.328379378;0.28870542;-0.841520852;-0.01906614;-6.618602483;-4.62554352;0.405073167;-0.283209017;27.8678156;78.60757574;43.13815525
1952;10.70724416;5027.431817;1.811056317;9.994819928;0.011700999;7.574474478;0.010951095;47.80616312;3.248696683;-0.023957025;-0.028687217;0.550004735;-0.016456499;-3.504399976;-3.441427892;-0.023472496;-2.471077848;28.7317936;13.17706796;38.03595362
1953;9.428647545;5260.782262;1.074382603;7.896654865;0.007627807;2.794532256;0.019154629;19.09874726;19.00504011;-0.061647546;0.025330493;0.098820392;-0.01322278;-4.940055914;-3.875119974;0.592003545;-0.463688115;28.803723;15.24253326;39.66898466
1954;3.078989408;3176.149814;0.123549577;10.52888627;0.004503414;1.843831935;0.040676169;12.09116611;29.75859978;-0.407727757;0.234382128;0.223750595;-0.072663396;-5.103890924;-3.836652619;0.622087735;-0.129607438;28.8471344;26.35321272;43.76622202
1955;1.333637542;1643.830282;0.056867869;10.6051845;0.003176528;0.601372649;0.002127882;7.913204143;31.70033555;-0.420546221;0.510269541;0.937091725;-0.167200199;-5.553205512;-4.09735887;0.436297961;-0.441995376;28.3720278;36.37683722;39.97950595
1956;3.134645751;3449.593417;0.10122996;10.52888627;0.004728216;1.854076685;0.034270907;11.25083906;30.00046386;-0.361644479;-0.000305612;0.044356598;-0.20256477;-4.812305701;-3.626981639;0.393573557;-0.282529424;28.9139842;28.77853182;42.04981592
1957;8.635897414;4605.225251;1.547694398;7.019257516;0.007175727;2.221473787;0.001030053;37.90442323;10.92448096;-0.081789449;0.060884829;0.095713318;-0.016436104;-4.305088048;-3.780921139;0.697781455;-1.840517951;28.1060836;18.05475688;35.95297103
1958;8.305743808;5092.663313;0.863790646;10.52887344;0.006694732;2.291941058;0.007121738;14.08330627;23.52059359;0.009460655;0.006103472;0.192669123;0.0526913;-4.53910813;-3.341635707;0.238794232;-0.876239509;28.9189781;16.70650014;40.61728848
1959;0.10647126;434.785812;0.004746351;20.90516889;0.0003359;0.001779989;0.007338482;1.834168546;35.84093728;-0.53285306;0.118411771;-0.084411502;0.098803482;-5.959966199;-3.98435367;0.531470097;-0.628890815;28.2065217;82.55381625;39.84648854
1960;0.108392485;427.0823587;0.004674995;36.01154982;0.000532413;0.012521027;0.009502868;2.105790438;36.0515146;-0.822777512;0.549943858;-0.735930685;-0.111836443;-6.091263306;-4.41015102;0.334207311;-0.65919755;27.9397449;79.59683812;41.41382235
1961;0.148303073;455.5835165;0.006936098;29.75543073;0.000646967;0.016369738;0.01116721;2.163926899;36.07745623;-0.8542131;0.553910442;0.409631094;0.521833279;-6.252370481;-5.009620997;0.298499421;-0.485662928;27.9265891;80.06034565;35.2797899
1962;0.189649541;570.3361809;0.011051685;63.24961676;0.000767147;0.000845695;0.002677746;3.193641843;35.9488965;0.054933799;-0.529649416;-0.651966107;-0.013142277;-7.948728988;-5.283886483;0.187471161;0.230856335;27.4512162;65.75804452;45.72162924
1963;7.883181173;5061.936752;1.510754295;10.4525851;0.007819426;5.96150108;0.004171087;30.33234063;14.05108673;-0.015564945;-0.015412732;0.602718144;-0.00328256;-3.807074235;-2.482704336;0.616672326;-4.534257655;28.5288869;18.72948713;38.06082825
1964;5.173303035;3598.188877;1.560739745;7.095551677;0.005576543;1.492071373;0.001524872;28.84413448;18.38660873;-0.194096418;0.213934164;0.022742493;-0.387657935;-4.907836648;-3.266654599;5.394976345;-6.298212744;27.5953707;20.78656993;41.10559768
1965;0.110088136;374.8547516;0.005470626;19.60812882;0.000322425;0.002173057;0.010502329;1.713558491;35.88976734;-0.393078843;0.095218041;-0.242443718;0.233859771;-6.032222712;-4.516126396;0.54882097;-0.649707607;27.8795557;79.04803995;35.00050105
1966;9.917238518;4128.975654;1.832928431;8.545204832;0.010920032;6.795657091;0.015154502;58.00844096;4.498430082;-0.044556741;0.085147059;0.658782989;0.20258;-4.166399534;-3.864850598;-0.150926138;-1.789000951;28.1072676;15.09759425;31.66549566
1967;1.369820334;1138.085611;0.104398714;10.52888627;0.002478457;1.144148912;0.042587448;7.05533056;33.69091003;-0.639055829;0.053712494;0.190761608;0.079052813;-5.471329022;-4.060781911;0.477541507;-0.622415503;28.0097024;54.67329405;31.5944777
1968;0.142153058;430.4962581;0.006809977;88.57982965;0.000344205;0.00098141;0.00485453;1.851749673;36.01336673;-0.105594333;0.101931853;-1.065631108;-0.189003138;-7.361383017;-5.222180772;0.341533542;-0.230474884;27.6245559;75.43526992;42.14811269
1969;7.810220633;4375.530191;0.908719647;9.38445034;0.00653647;2.516632458;0.000738559;48.67807475;11.48259487;-0.046388241;0.102542375;0.383900607;0.02278537;-5.244198768;-4.272937063;0.94725708;-0.654949334;27.844917;17.93683455;37.38774547
1970;0.140330995;485.1180145;0.005798643;48.06652377;0.000388005;0.001276998;0.007481324;1.844069769;35.77608561;-0.72115184;0.458692572;-0.583955173;0.120957718;-7.19831565;-5.231038048;0.49688174;-0.194561412;27.8128744;73.84365865;43.72658018
1971;0.132054672;416.7668777;0.007052247;17.47186989;0.00033272;0.001532576;0.008873114;1.766131496;35.79058201;-0.57679938;0.205999869;-0.160244264;0.337712891;-6.329790991;-5.033713137;0.342830814;-0.489885964;27.9118807;75.59989179;36.42855541
1972;6.602205148;3580.616942;0.382290358;10.52888627;0.005147135;1.97709298;0.039650054;13.52223356;29.86428981;-0.297861341;0.410931973;-0.042900779;-0.477976085;-5.465701505;-4.354111195;0.317106359;-0.827698423;28.1759679;15.83966118;31.37739876
1973;0.199262215;599.4916445;0.008576937;20.90539019;0.001068597;0.041178516;0.005190055;3.019369234;36.05456607;-0.761741289;0.611590351;1.130081676;-0.434277736;-6.476244724;-4.945725196;0.498201341;-0.174875335;28.0386548;69.02222396;44.53120241
1974;7.332670552;3897.059734;1.741711961;10.29999744;0.008472358;3.851024259;0.024822008;20.47256047;19.10270695;-0.053102417;0.033265183;0.210766002;-0.184451348;-4.772229131;-3.662958212;0.277468459;-0.905664786;28.1535881;17.35463211;31.07915778
1975;0.124435532;450.0731368;0.005371498;31.20521426;0.000338102;0.001177785;0.006137504;1.845208024;35.69978954;-0.519730095;0.219122927;-0.147200774;-0.013283389;-6.807299297;-5.190894131;0.260379343;-0.176962959;27.7403213;76.70739737;41.1851782
1976;3.977841569;2767.094962;0.142667764;10.52888627;0.003812947;0.688955928;0.002333811;3.380930566;34.42640015;-0.223395122;0.094302646;-0.324420018;-0.535190704;-5.05678316;-3.476214849;-0.083354163;-0.647984632;28.4235598;29.0358457;34.39094536
1977;0.093449313;347.1066071;0.004815197;31.73903744;0.000272377;0.001959476;0.020952474;1.474249474;36.14307142;-0.882289873;0.495924928;-0.52566638;0.003172901;-5.605088423;-4.019930578;0.585033356;-0.585941521;28.4267671;87.01466963;33.35816239
1978;0.157489282;448.5349207;0.008274673;92.54755112;0.000394854;0.000920259;0.005001295;1.910991122;36.21784066;-0.051270333;-0.18677339;-0.375924192;0.1522694;-7.5859372;-5.319251247;0.42919123;-0.226765225;27.6937552;70.72193288;40.82755434
1979;8.307607494;4159.469974;0.745001613;8.31628218;0.007938227;3.070496821;0.000946814;37.22991312;16.43349592;-0.100406201;0.130008911;0.09387081;-0.301616419;-5.198122806;-4.287488499;0.595985744;-0.864624871;28.1696559;16.6890175;29.34094581
1980;0.139509763;486.0493312;0.006212454;40.28436676;0.000339709;0.00116159;0.00711102;1.807902527;35.70970847;-0.559098999;0.274056111;-0.251376532;0.089104614;-6.896197539;-5.102138411;0.476516276;-0.017189144;27.7455012;75.66759578;39.94280999
1981;9.404398921;4125.475707;2.318678038;7.019257516;0.013626923;8.087911107;0.017957079;46.59907313;3.774377578;0.005188331;-0.00061057;0.008229863;0.051053475;-3.872986;-3.024344047;0.045868673;-4.074260755;28.1991374;15.85958208;29.19075794
1982;0.126727417;419.5407207;0.007714022;29.793637;0.000417792;0.040333063;0.018061835;1.789257535;36.11827416;-0.881070155;0.657368815;0.025815752;-0.712299902;-5.983265301;-4.737798313;0.235541258;-0.849278788;28.0126605;78.34108148;35.18427003
1983;2.938474214;2736.275141;0.240716014;12.05477548;0.004098211;1.051275187;0.000550356;14.36136221;33.30024677;-0.546891475;0.776390849;0.20026648;0.199550969;-6.408846842;-4.697027831;0.893282292;-0.664129435;27.9642503;22.70439301;40.02539848
1984;0.146297561;502.3194671;0.006833382;52.79702789;0.000519612;0.002565228;0.004178933;2.219283264;36.1156035;-0.394299966;0.12756838;-0.988716647;0.06198128;-7.608066891;-5.359521622;0.332386725;0.027630645;27.6485357;72.72150794;43.54510153
1985;0.249541329;682.8696607;0.013414853;30.36566135;0.001304208;0.104317632;0.003387892;3.422380578;35.93478081;-1.050142324;0.943937615;0.874358932;-0.582781755;-7.184077411;-5.19014959;0.330016174;-0.444729603;28.0022801;66.8165724;42.41181954
1986;0.098662943;376.1977646;0.004079708;25.13967294;0.000296066;0.002063557;0.017388728;1.545825565;36.130482;-0.737022372;0.403455196;-0.705622708;0.230582447;-5.92868188;-4.544909565;0.535807131;-0.550971955;28.1451907;81.43369193;33.43361824
1987;1.243830064;1784.668078;0.044025621;10.52888627;0.003876139;0.787170833;0.001120969;10.04967183;33.4223363;-0.770894755;0.514541818;0.226614623;-0.254230798;-5.952603392;-4.750557676;0.721719019;-0.176035305;27.8545036;37.51199156;35.27401029
1988;0.226683194;612.0557488;0.017865499;10.52888627;0.002429743;1.257647375;0.053252993;6.005292098;34.31043039;-0.49775708;0.012817814;-0.331097088;0.105452245;-5.30382498;-3.776660077;0.061040884;-0.427371408;27.9441691;64.21616603;34.90798309
1989;0.128192291;432.8009513;0.006916903;21.5918136;0.000325943;0.001426689;0.011725144;1.674831692;35.83559679;-0.651112174;0.282143437;-0.257682137;-0.111979835;-6.402966657;-5.114081437;0.542222143;0.02153681;27.8183249;75.76773877;37.47555104
1990;5.289390934;3871.626087;1.40667303;7.019292674;0.006262308;1.720876444;0.000593705;40.76154009;11.71758824;-0.0537128;0.177007733;0.181590488;0.220150853;-4.16048907;-3.294064798;-3.736352067;-6.241187749;27.8271907;19.07555046;38.98397199
1991;0.141558422;484.8964152;0.010018272;45.93030015;0.000343943;0.000994946;0.005724034;1.84640408;35.82720396;-0.460219374;0.234382321;-0.627125288;0.037106841;-7.203582941;-5.187085866;0.502488145;-0.394702955;27.7071672;74.52098832;43.51073843
1992;6.417826156;3717.985966;1.785926456;10.45259841;0.011030105;7.428685157;0.012977969;56.51002034;2.110355819;-0.034180716;-0.013275382;0.721255673;0.023062927;-3.504986461;-3.311184854;-0.051914919;-2.780676105;28.1387827;19.5875805;33.919386
1993;9.841249764;4462.63887;1.508484813;7.896654865;0.008813724;3.796679523;0.018875759;22.86354736;13.43084475;-0.04135277;0.039216382;0.026364324;-0.026408556;-4.916658559;-3.988220591;0.575413587;-1.117904982;27.886568;15.92180077;32.39644088
1994;7.857838289;3662.998303;1.018971114;10.52888627;0.004471813;1.605271903;0.032210104;11.40399129;30.82370041;-0.397047411;0.368662952;0.352188953;-0.178122017;-5.312260009;-4.093797889;0.600266739;-0.655465677;28.0742933;16.8029565;30.50907912
1995;1.952148208;2064.9185;0.0798703;11.13922395;0.003816665;0.827194141;0.001895831;9.461973207;32.58537231;-0.438856955;0.540482682;0.971620605;0.02063198;-5.735256477;-4.678668019;0.335463092;-0.860869426;27.9450186;29.0549752;32.79136296
1996;5.997347623;3366.325685;0.59850273;10.52888627;0.004624167;1.699062108;0.031358942;10.61220546;30.59863761;-0.195318433;0.11749552;0.120118072;0.047718361;-5.118450299;-3.742243985;0.375199524;-0.66569374;28.2866428;21.84171229;34.49312599
1997;7.128990541;3917.007522;1.63876557;7.019257516;0.007647631;3.786299312;0.000905744;51.65897816;6.503111787;-0.097353952;0.056917483;0.207710266;-0.003290942;-4.487811359;-3.828972729;0.686792823;-2.027213844;27.8016019;17.50421744;32.06655352
1998;8.029614879;3958.97787;0.565006835;10.5288723;0.006482222;3.376837314;0.007017109;15.52689802;21.5948722;0.000610378;-0.002441607;0.502248545;0.011524509;-4.789348671;-3.36203113;-0.075753299;-1.203359477;28.40322;16.59200238;32.47380702
1999;0.126312344;389.6359755;0.005620619;18.61625848;0.000324673;0.002467285;0.010823516;1.706792536;35.89587078;-0.48646505;0.181279939;-0.202978626;0.18941967;-6.103604434;-4.74288328;0.47724045;-0.485379291;28.0569325;77.63524696;32.7937885
2000;0.131098386;463.8398108;0.007384471;30.51850953;0.000460262;0.004390672;0.011215117;1.89510859;35.89434504;-0.844751923;0.418104496;-0.538338679;-0.078873027;-6.513892925;-5.046576052;0.259724908;-0.263164084;27.8255603;77.43383994;39.10946064
2001;0.283962537;879.6221976;0.011758134;27.00880156;0.000852483;0.03417235;0.011224509;2.569985224;34.6362131;-0.526139166;0.388195652;-0.195137799;0.075659696;-6.220382603;-4.620071931;0.345611271;-0.175137846;28.0931289;60.77659869;43.17528513
2002;0.124035099;495.0518639;0.005214554;55.46742461;0.000743551;0.000946668;0.00259013;3.30551135;36.12743004;0.284585533;-0.231025078;-0.345155201;0.071733127;-7.599318181;-4.806186383;0.192129121;-0.080571142;27.3934134;77.76967799;50.63101538
2003;13.26511393;5423.861816;2.192555332;10.41443823;0.008242397;7.54066206;0.004297386;43.96305187;3.455066066;-0.006104203;-0.043489337;0.41827931;0.082348298;-3.809375439;-2.694313615;0.219615566;-4.359899632;28.4278454;13.09190319;33.89443376
2004;5.403065806;4433.236147;1.492620904;7.095551677;0.006005694;2.361197257;0.001760858;36.35219544;13.82866948;-0.221868222;0.232855979;-0.276221007;-0.259296314;-4.858654208;-2.866873944;5.338897661;-5.733385352;28.1246851;19.49244434;42.74639914
2005;0.130197747;465.8470198;0.006711473;30.59481809;0.000360645;0.001461718;0.009992516;1.620003588;36.03396718;-0.109561562;-0.012817671;0.05587693;-0.004889387;-5.906898978;-4.540772027;0.364653515;-0.293073637;27.7400176;78.50665375;44.88754142
2006;7.924114143;3991.388875;1.812052123;8.545205159;0.010890529;7.051577404;0.009223733;69.47806394;1.216163731;-0.048829276;0.092166316;0.611026264;0.309638775;-4.299353537;-3.800328579;-0.294503146;-1.460993087;27.8247902;17.80430335;32.66765027
2007;3.325480404;2508.996031;0.045039732;10.52888627;0.004377409;1.797218516;0.041293196;11.66734295;27.05772059;-0.352183496;0.116580686;-0.062720977;0.141603807;-5.343091712;-4.126949646;0.290906887;-0.670142611;28.107878;40.64817484;39.07379101
2008;0.105506866;468.0084324;0.004459647;55.3910978;0.00036916;0.001103514;0.00296922;1.847173997;36.16672255;-0.30365931;0.020142394;-0.359945704;0.000402319;-7.28648821;-4.505381241;0.219756234;0.108320301;27.5223331;82.3941146;51.81204793
2009;10.35935173;5509.488655;0.873383983;9.38445034;0.006890353;3.304801573;0.000573198;56.73917946;4.610595908;-0.071718583;0.124820862;0.489331828;0.100169102;-5.529633804;-3.857658796;0.793033004;-0.176496334;28.1016445;15.8303254;42.76076889
2010;0.114403918;503.4176399;0.005481904;40.4370521;0.000348332;0.001058927;0.006801681;1.756380299;35.93478248;-0.446180542;0.262153668;-0.07884208;-0.120587207;-7.160063825;-4.49589428;0.330782825;-0.012086062;27.6036619;82.10383105;52.07954585
2011;0.130709231;480.6435859;0.006659284;37.91922842;0.000391207;0.001388321;0.009127896;1.658701624;36.01184101;-0.295724332;0.031128861;0.347096646;-0.143504182;-6.209256954;-4.798270234;0.29662864;-0.434833846;27.8131935;75.96636388;41.91120171
2012;7.982747001;4386.317229;0.707989295;10.52888627;0.007382199;3.257892941;0.033290968;18.84531677;20.86820026;-0.29953957;0.275429342;0.0261264;-0.118828808;-5.407713265;-4.205727535;0.224460995;-0.698236195;28.0181099;18.78364407;39.53445183
2013;0.35040114;918.7029288;0.01091192;16.17483929;0.001317514;0.154167081;0.006057829;3.741321518;34.32263681;-0.585344601;0.507217381;-0.122362422;-0.343546291;-6.638863731;-4.426127224;0.350459777;0.018584281;28.0282045;65.42057399;48.09952504
2014;12.83092674;4875.199037;1.819976674;10.29999744;0.010076059;6.171329139;0.015292104;28.18443764;6.475665244;-0.04120003;0.024567371;0.088908988;-0.069175195;-4.765844865;-3.68996544;0.278025231;-0.538903097;28.0373243;14.11329548;33.26644652
2015;0.113166424;487.765128;0.004959786;42.72585278;0.000392247;0.001288204;0.002464675;1.869325292;36.05380423;-0.4037599;0.105899167;-0.040097905;-0.029820124;-6.734418568;-4.748740032;0.275550903;0.144477459;27.6625063;80.16936689;50.84896729
2016;6.11765889;4224.76705;0.271469033;10.52888627;0.00588369;4.758106319;0.003136503;16.96469265;16.7241358;-0.113223621;0.030213129;0.299698681;0.034577298;-4.697952737;-3.441001284;0.187801755;-0.737181759;28.4071396;17.85158136;42.74937976
2017;0.105156508;405.2867912;0.005178273;23.3464962;0.000348191;0.001896379;0.023647539;1.331022278;35.77913456;-0.578935535;0.323801016;0.040949204;0.111831573;-5.54660174;-4.246424636;0.433236558;-0.524017555;28.4114087;82.08699486;40.9284372
2018;0.106537692;452.3470323;0.005433639;52.18667832;0.000443291;0.000989061;0.006693358;2.004711131;36.16748559;-0.13641734;0.085146439;-0.758278957;0.076490856;-7.389685032;-4.502063223;0.318093949;-0.374357903;27.4372265;81.26228065;49.29579083
2019;9.889823995;4981.254413;0.839908504;8.31628218;0.008369592;3.946963413;0.000805404;36.19323307;7.061255407;-0.093692275;0.13641804;0.263554211;-0.179752412;-5.320188604;-4.019166779;0.559636694;-0.55353355;27.9708764;17.4575636;36.38954266
2020;0.115098262;499.1822231;0.005868823;43.79400577;0.000377778;0.001211326;0.003227339;1.850196194;36.0484634;-0.382702233;0.159916943;0.134555316;-0.069706738;-6.92763265;-4.58364844;0.356309414;0.126848891;27.7047314;80.25183251;51.71088763
2021;11.21733677;5145.157038;2.619917552;7.019257516;0.012098929;7.689105731;0.010415774;64.79046471;1.02618627;0.00213663;0.006408514;0.087267014;0.046117179;-4.026557875;-3.144330475;0.044188251;-3.766182065;27.921887;13.25475908;37.27800621
2022;1.584100188;1434.322649;0.015096788;19.91336367;0.00076181;0.031887602;0.014748374;2.144202935;34.7235841;-0.494400307;0.346690439;0.375211023;-0.231056624;-5.785444244;-4.517428767;0.163491428;-0.65004646;28.1444183;65.43616401;41.46382462
2023;4.706035564;4008.427021;0.154453262;10.98665404;0.004376272;1.491398783;0.000501263;15.46279994;28.60496983;-0.557268044;0.731834175;-0.077039679;0.792866776;-6.546146363;-4.167286489;0.742990449;-0.983166939;28.0787307;26.55748166;49.13675831
2024;0.11238091;467.6766428;0.005954712;47.4562745;0.000526726;0.001114537;0.005015015;2.387480309;36.15222611;-0.215461225;0.128788323;-0.567424943;0.04764167;-7.381003458;-4.711204917;0.29323994;-0.254138288;27.4632894;80.50339017;49.03557374
2025;0.54162673;1166.202204;0.010994436;21.28669172;0.001392249;0.207999833;0.004257233;3.805873901;34.29517998;-0.602434875;0.639972674;-0.120960454;0.151921637;-7.096776195;-4.546122347;0.230126622;-0.42169888;27.9253973;63.54272164;49.29099669
2026;0.793247529;780.2141028;0.010883618;34.82926082;0.000353865;0.001688355;0.020359227;1.399682181;35.8859519;-0.438551247;0.22492169;-0.74478123;-0.065794262;-5.803121505;-4.488161146;0.488624591;-0.284920342;28.1753396;67.55368009;40.82498943
2027;4.885702265;3177.804075;0.538590025;10.52889706;0.004254293;1.178263584;0.000917459;10.40010125;27.88628625;-0.606097387;0.474867863;0.025885513;-0.211454151;-6.07223402;-4.351597967;0.724454394;0.0197776;27.9317588;37.61184563;39.43185398
2028;1.043264579;1700.668665;0.081513182;10.52888627;0.003982052;1.862233543;0.041778845;9.260915337;27.75886353;-0.248115674;0.107120003;0.10532919;0.230543583;-5.177205868;-3.937693646;0.215356635;-0.706446161;28.2827937;47.32540367;43.54223985
2029;0.138975544;511.2730728;0.006136859;37.76665236;0.000396078;0.001409346;0.009924744;1.655586182;35.9870453;-0.260322755;0.101168644;-0.161849381;-0.082282164;-6.283855441;-4.799529144;0.419099285;0.091633409;27.7992609;74.68543401;43.01194957
2030;7.85211007;5084.048264;0.892912607;7.019292674;0.00666921;2.790463446;0.000506408;53.58735247;4.321434279;-0.052492201;0.20020157;0.026688781;0.160760092;-4.38076536;-2.912636025;-3.390119105;-6.570013911;28.0329892;17.60187698;43.60880168
2031;0.114751803;496.0628283;0.004583768;45.62515835;0.000353855;0.001120729;0.004841231;1.799046636;36.07745582;-0.429090224;0.156254821;-0.086506301;-0.023167706;-7.160534993;-4.464056289;0.317173788;-0.093826464;27.5915395;80.36782424;52.74705884
2032;11.6611378;4843.688812;2.110592544;11.44444076;0.010428895;6.634899419;0.007911412;69.10084914;0.797677624;-0.034028058;-0.024262074;0.797000541;0.118579395;-3.787257309;-3.39491856;-0.141274498;-2.679903467;27.9914436;12.9275019;36.39977836
2033;9.395014793;4754.849265;1.583398747;7.896654865;0.010294923;5.523554086;0.013456335;28.51732873;3.61913263;-0.023194231;0.03982676;-0.003267502;0.042758548;-4.953317098;-3.872948761;0.477516813;-0.64167094;27.9548475;16.85616676;37.32803154
2034;7.339160862;4396.076931;0.500329206;10.52888627;0.007101801;3.35959638;0.049900301;18.79294553;20.41688711;-0.270393927;0.144657592;0.21229332;-0.072573872;-5.230513547;-4.010383135;0.464775118;-0.559673545;28.1255795;19.91266111;39.18164831
2035;6.123375507;3417.905622;1.624684826;10.60518017;0.004912483;1.52949632;0.001253769;11.94611574;25.65157185;-0.377819375;0.415662101;0.274707872;0.18591717;-5.741844264;-4.354932538;0.367854962;-0.60112843;28.02802;21.58842152;39.57053088
2036;7.495719106;4523.357213;0.514435433;10.52888627;0.007053542;4.005293589;0.043454647;18.11276615;18.8787642;-0.178228336;0.031739296;0.237090717;-0.051072127;-4.925310721;-3.813070878;0.426379977;-0.610602185;28.3303655;18.36884073;39.73419918
2037;10.06406787;4701.230166;1.62697635;7.019257516;0.00769244;4.300374173;0.001047169;62.97090586;1.85438009;-0.095217632;0.07644935;0.234075209;-0.009874243;-4.746620575;-3.558576445;0.759858372;-1.798428985;27.8884299;16.95386347;39.02325571
2038;13.86990194;5307.671806;1.303711698;10.5288723;0.00810723;6.377202966;0.005545664;32.82190385;6.46227969;0.007934817;-0.019531765;-0.059279803;-0.055989137;-4.58486531;-3.403215353;0.276475114;-0.880634648;28.2843669;13.99562566;38.3619861
2039;0.12100159;453.4182079;0.00738988;33.41774587;0.000358449;0.001450275;0.013082211;1.55462324;36.05380392;-0.161137743;0.011291753;-0.061125479;-0.10370277;-5.984405713;-4.612614223;0.40183799;-0.338030515;27.7112427;76.80091521;41.61703555
2040;0.141280027;574.6597887;0.010491809;28.99259326;0.000586589;0.015500199;0.007113844;2.177552678;35.41520429;-0.454115426;0.291757055;-0.804830912;0.010321009;-6.582847057;-4.575393424;0.219382169;-0.020716497;27.947186;74.83871202;47.50121044
2041;0.234163055;751.463621;0.011043253;11.36813687;0.001597754;0.193704994;0.006595206;3.995368149;31.76136279;-0.494399682;0.436109374;0.230168531;-0.056504229;-6.145352724;-3.773777968;0.175644411;-0.4123616;28.3763061;70.59704063;43.75904419
2042;0.117335749;512.5834896;0.005349815;37.49962715;0.000686368;0.000910657;0.002333986;2.872956509;36.1503191;-0.096133477;0.293130244;-0.425210959;-0.070378882;-7.710817867;-3.976371896;0.129750078;-0.122972917;27.6648475;79.51553117;49.84271395
2043;11.47205406;5602.054363;1.991542419;10.49073209;0.008090019;8.836871349;0.003123675;54.59653408;1.639595692;0.006561076;-0.008698337;0.599412108;0.059295809;-3.768731258;-2.258198353;0.550297956;-3.408322263;28.8952847;12.88318673;36.24929263
2044;7.046645744;5007.8796;1.064470653;7.095551677;0.006216914;3.258488848;0.002618288;47.35484834;9.511834757;-0.264899087;0.284126744;-0.317296975;-0.225091448;-4.746598887;-1.796712729;5.360801509;-4.495174011;28.2949083;18.35325987;44.35878349
2045;0.096565634;401.1663873;0.004485265;22.04963414;0.000484364;0.001797399;0.014111656;1.346351892;35.84246336;-0.155644527;-0.02258355;-0.196151396;-0.029500414;-5.556469243;-3.734242774;0.372344361;-0.318068854;28.2148836;82.96870181;40.8916393
2046;8.783259316;4951.385664;1.776545321;8.545205486;0.010573071;6.906093916;0.007964375;76.74493825;0.453200585;-0.047303386;0.126041736;0.462787479;0.332666227;-4.179994907;-2.84609035;-0.110767711;-1.461117136;28.5939942;16.70177389;39.34098826
2047;2.28477966;2282.352849;0.04327896;10.52888627;0.005447699;2.585339464;0.064335265;14.98439175;22.07710147;-0.335703406;0.196539192;0.003159039;0.200851182;-5.190334583;-3.221151927;0.281741871;-0.245573643;28.4317123;36.66472884;38.08394104
2048;0.110517532;460.4548337;0.00478603;43.03109542;0.000397719;0.001191535;0.001689015;1.883128305;36.04464857;-0.195623788;-0.03570648;0.076675396;-0.00621823;-6.994738925;-4.189271242;0.168743486;0.046901086;27.8082662;80.46483472;45.71830332
2049;11.87257868;5348.316383;0.904337291;9.38445034;0.006926946;4.107007332;0.000620928;67.48738783;1.548061213;-0.080569067;0.137638788;0.698621359;0.128033386;-5.382631788;-2.838006599;0.439776098;-0.61959581;28.3715487;14.72579917;40.37313485
2050;0.147112975;582.9539909;0.006865373;20.90520426;0.000965159;0.034728798;0.002227515;2.662516059;35.51439073;-0.337839704;0.306100361;-0.300986919;-0.045966569;-7.00417105;-3.837181404;0.17607923;0.142798471;28.1766482;74.8615846;51.85987826
2051;0.103697611;426.4293762;0.004393918;31.35779886;0.000486022;0.001480017;0.015871105;1.333163934;35.87450748;-0.331735872;0.082094319;-0.549071218;-0.169470289;-5.942929068;-4.000525399;0.331248621;-0.326090482;28.018795;82.78049585;41.70678278
2052;10.74444712;5161.981527;0.732100615;10.52888627;0.009222276;4.719586236;0.031985889;23.64786762;13.81652045;-0.319681786;0.384075312;0.078831735;-0.085953342;-5.357909473;-3.178358513;0.314137091;-0.561488941;28.5147427;17.41602599;37.64265681
2053;0.339404059;966.1232854;0.017584751;10.68147796;0.002978867;0.776965814;0.001235601;7.25560656;30.663462;-0.523087199;0.496841336;-0.211157558;-0.409335726;-6.345977079;-3.672368896;0.171139774;-0.294980326;28.4729438;63.38853673;47.72536361
2054;10.11409837;5561.77076;1.396696649;10.29999744;0.010555486;7.892804043;0.018604739;32.44228793;3.047288782;-0.074923055;0.073702204;0.177828278;-0.131763443;-4.642429454;-2.795563066;0.183890017;-0.584255187;28.655416;15.20043643;44.03470263
2055;0.123533264;479.0859946;0.004820204;29.60296853;0.000442681;0.001369492;0.003680758;1.805723482;35.82567809;-0.231330126;0.060731662;-0.456864436;0.076134051;-6.515239473;-4.18020064;0.185283322;-0.154990636;28.0586225;77.67800504;43.44034146
2056;11.26656575;4891.928519;1.117290366;10.52888627;0.006000768;4.508072625;0.00351771;21.41495903;14.24069007;-0.177617751;0.086367215;0.217360505;0.079037472;-4.665330975;-2.796846749;-0.048661633;-0.624427326;28.9250418;16.3625351;39.04555945
2057;0.110009625;379.3542498;0.004940175;19.22648869;0.000503956;0.002258765;0.017507887;1.265462877;35.16571507;-0.615558758;0.344553978;0.34560105;0.199134177;-5.229856348;-3.362499687;0.428960907;-0.349471933;28.7600391;81.53480363;37.21288052
2058;0.102882392;468.3411972;0.004634133;44.02296287;0.000431996;0.001062557;0.002585313;1.963257071;36.17435228;-0.318613425;0.133365633;-0.04407399;-0.0320014;-7.255445972;-3.963980872;0.217553132;-0.000296652;27.6741343;84.32189397;50.25791251
2059;10.44028837;5540.142638;1.344125616;8.31628218;0.009338958;5.691649122;0.000890837;50.30986486;1.133770457;-0.101322001;0.149235721;0.097136279;-0.17317793;-5.26659119;-3.001954239;0.470493159;-0.753106799;28.313506;15.89055736;39.20834563
2060;0.123864996;506.5569516;0.00500846;30.06077086;0.000622641;0.00173445;0.005178699;1.882370207;35.75548577;-0.315561297;0.180059209;-0.323540713;0.006722032;-6.714792054;-4.059490657;0.211226867;-0.078466531;28.3361455;79.08052315;46.87445509
2061;10.86204068;5336.209933;2.0002613;7.019257516;0.010877564;6.968167381;0.007871854;77.55824542;0.29145221;-0.004577531;0.028992239;0.16630881;0.051055456;-3.875483455;-2.341665685;0.376695706;-3.095744092;28.6691939;13.35536538;39.99451546
2062;0.326363327;718.0546786;0.013195558;12.39816146;0.001171847;0.121795305;0.010810916;2.886956766;31.66640238;-0.437178076;0.364085979;0.530045971;-0.096022489;-5.670167514;-3.608225168;0.161888908;-0.652337162;28.4203611;68.43524022;35.13159844
2063;4.204746555;4042.799974;0.233186373;10.52888627;0.006078086;3.29753004;0.000371103;23.92636211;21.92446635;-0.591448616;0.80935081;-0.001050954;0.492757062;-6.249493636;-3.220644565;0.436648615;-0.617745712;28.4964559;23.34371083;43.64474863
2064;0.117843309;519.6054674;0.004842438;32.50216381;0.00064962;0.001533405;0.002502724;2.199689457;36.00268416;-0.233161342;0.252693299;-0.105967189;-0.079948801;-7.406062569;-3.778206044;0.144148447;-0.049489885;27.7738442;79.27783728;53.64666593
2065;0.799721361;1500.477488;0.03065537;11.21556454;0.003021138;0.927066082;0.00033849;7.341268938;30.56810992;-0.570084611;0.653400602;-0.681986536;0.815145177;-7.039529103;-3.482693104;0.047461337;-0.350167828;28.3615829;53.47980077;49.5952473
2066;0.095825685;416.6764877;0.005328587;21.05774989;0.000484845;0.00207901;0.017587182;1.28118134;35.59221114;-0.60106252;0.322123208;-0.646127917;0.237301639;-5.550355704;-3.618523886;0.373428154;-0.261069725;28.4345364;84.02270851;40.57780748
2067;3.534629852;3602.829448;0.477773615;10.52888627;0.006627346;3.146248766;0.000711447;16.52605438;20.95095454;-0.616473778;0.541398209;0.180704209;-0.059954059;-5.931147479;-3.422795105;0.377008785;-0.159149407;28.4540898;32.07035854;45.51318029
2068;0.711008566;1320.809828;0.0271813;10.52888627;0.003939469;2.001501887;0.059464222;9.304603097;25.41732812;-0.225226696;0.119022346;-0.138390681;0.11690909;-4.953283549;-3.168549092;0.116785728;-0.241604079;28.640533;51.98047131;36.29023396
2069;0.11157692;452.6904925;0.005206962;28.80187612;0.000521617;0.001462254;0.01624884;1.345197892;35.7348866;-0.428327017;0.243995089;-0.521182546;-0.11190301;-6.160253177;-3.968896408;0.355130214;0.03499105;28.1848256;82.88607915;41.2106183
2070;12.23097419;5214.126445;0.920341014;7.019292674;0.006528429;3.306480316;0.000496404;64.3319379;1.931824857;-0.059816807;0.201422561;0.184957715;0.160549674;-4.158070175;-2.130487128;-2.696759286;-6.066935825;28.2220118;18.29644294;39.81813085
2071;0.115640378;497.566985;0.006013655;31.89182962;0.000550988;0.001258254;0.002167128;1.965979815;35.92181126;-0.305795559;0.195318622;-0.257979323;0.039607146;-6.932644286;-4.014573676;0.209081313;-0.036457343;28.0109787;79.36947819;50.02653592
2072;8.976608984;5111.697946;1.737728533;11.44444076;0.010606969;6.532887703;0.007410008;71.91940559;0.325022112;-0.028229559;-0.017853133;0.836530389;0.118576576;-3.697927659;-2.509630566;0.293183999;-2.170751819;28.6532585;16.16403933;38.85082964
2073;12.33505683;5708.791799;1.272536261;7.896654865;0.011794485;7.91397679;0.014936852;34.53442908;0.661493013;-0.028077199;0.077059234;-0.181133452;0.016397443;-4.827931708;-2.949099192;0.507441848;-0.45860841;28.4598042;14.11473413;41.26328133
2074;10.27410478;5266.963;0.358349828;10.52888627;0.008740536;4.721267881;0.056958999;24.17210038;14.58403454;-0.293892982;0.249030848;0.087123638;-0.069314158;-5.09565975;-3.08955504;0.440292095;-0.296445993;28.4666792;19.20063834;40.03743489
2075;4.031930011;3415.233704;0.21355106;10.52888627;0.006806045;3.000094778;0.000934358;16.65489723;18.80092264;-0.421460715;0.498977881;0.299382572;0.278092454;-5.706567277;-3.388231331;0.294121607;-0.66685096;28.4563725;28.25989869;41.25303296
2076;9.75164421;4926.620517;0.699296484;10.52888627;0.008190766;5.25193794;0.071466696;23.98061641;15.04563919;-0.219428221;0.105288798;0.078990698;0.006553929;-4.823424071;-3.003512509;0.280558521;-0.493732584;28.7499003;22.41988313;40.60060102
2077;7.581079053;4843.853454;1.27327945;7.019257516;0.007272223;4.315344359;0.001455328;75.06198007;0.650806425;-0.101168723;0.105289243;0.12862339;-0.003297582;-4.570118669;-2.488685187;0.841012574;-1.791589807;28.3498918;18.68125187;38.42597793
2078;10.68221513;5385.871016;2.0093249;10.5288723;0.007329855;7.93624201;0.006838186;31.55697974;5.440669961;-0.030823586;0.020142072;0.080689471;-0.103746021;-4.520769554;-2.646694861;0.016304988;-0.810331186;28.8773733;16.29771161;37.42590476
2079;0.100367797;415.4790971;0.00388126;26.70367485;0.000476917;0.001745432;0.016238888;1.309052077;35.83025601;-0.271614445;0.057069393;-0.397280053;-0.082121798;-5.644889721;-3.81923336;0.390952639;-0.405556645;28.2204539;83.80145434;43.3451407
2080;0.190393613;675.4608023;0.015140129;16.02227572;0.001327741;0.125194486;0.006553232;3.306275544;33.87554516;-0.514541983;0.416272155;-0.45890163;-0.11873252;-6.389292324;-3.834981398;0.108147308;-0.384829682;28.2257411;69.29807284;42.67161665
2081;0.616244334;1317.747097;0.020426264;10.75776728;0.003109079;0.679359951;0.001917593;8.202204904;29.0101197;-0.429395207;0.525528629;0.22035433;0.037222623;-5.311160213;-1.447091765;-0.086485256;-0.126748857;28.711323;55.91453416;44.71321756
2082;0.113293472;456.8422103;0.005130755;23.99518826;0.0010704;0.136402163;0.000649263;3.342371732;35.80927481;-0.176702218;0.18402671;-0.144802499;-0.020266898;-6.916250697;-2.518420929;0.303127205;-0.075489616;28.0891553;80.77852822;41.40917727
2083;12.48635469;5867.004937;1.163663792;10.41443823;0.008111473;7.462307475;0.002721866;55.74763786;3.467281854;-0.052186447;0.025177125;0.89253588;-0.227243002;-4.811982583;-1.031879057;2.96346027;-3.16897495;29.2355831;13.8327824;38.62690054
2084;10.12136809;4969.671672;0.730770161;7.095551677;0.006458698;3.420872197;0.004037485;60.37805991;9.171571375;-0.299384861;0.30762655;-0.416852207;-0.129744436;-3.771964848;-0.242535169;5.295328128;-2.806255342;28.7524676;14.81580565;38.91593939
2085;0.113621891;452.5451402;0.00598874;15.03039266;0.000574351;0.002269507;0.007853999;1.389620597;35.55940402;-0.170293923;0.068667081;-0.904424858;0.085994231;-5.273353902;-1.175056571;-0.092121679;-0.403396862;29.0387081;78.83838463;41.79453966
2086;9.044321186;5423.935267;1.940708907;8.545205486;0.011522819;7.48523199;0.01020114;72.12641059;0.138097029;-0.054627768;0.220038693;0.441360181;0.456145731;-4.918960271;-1.070375492;-0.537288197;-1.061595818;29.1579733;16.12196693;41.95852279
2087;1.771284523;2513.380976;0.023571378;10.52888627;0.005147592;2.805263906;0.074969743;14.59679976;26.45650314;-0.484633937;0.25818674;-0.481114302;-0.138405544;-5.454989763;-1.369276791;-0.158726309;-0.219635351;28.7626891;50.09346713;46.64887126
2088;0.126665217;459.7625053;0.006879302;16.7088753;0.001146301;0.091074004;0.000472444;3.206714932;35.54719647;-0.082095039;0.096744262;-0.471189052;0.033512558;-6.186602042;-2.066778566;0.280130956;-0.135099866;28.6462202;74.13824856;39.75862264
2089;10.12191485;5536.404817;0.589203043;9.38445034;0.007397761;4.645554069;0.000661386;75.81113368;1.23829635;-0.117496548;0.235603155;0.96558214;0.163951807;-4.690045825;-0.82472638;-0.224151112;-0.456121311;29.0536883;16.97293044;41.81217725
2090;1.030161459;1440.573583;0.015733357;10.60518876;0.003556434;1.242074837;0.000338264;9.161979815;32.14362736;-0.268257156;0.345774218;-0.628912986;-0.045306013;-6.100656676;-1.810668845;0.324705184;-0.09598041;28.7850159;51.71609871;40.62812695
2091;0.110617525;444.0928893;0.00486277;15.48817287;0.000536283;0.002309;0.00826255;1.338506386;35.50218244;-0.364390519;0.364390962;-0.537367199;0.117054831;-5.191487263;-1.507337058;0.020298457;-0.063884214;28.8684416;79.26997804;43.40727427
2092;10.43143297;5642.254033;0.880554012;10.52888627;0.009887345;4.982184959;0.071080495;26.06093347;15.8078659;-0.330058457;0.59816299;0.220539112;-0.260735271;-5.302439547;-1.30779518;-0.356053229;-0.073727948;29.1530299;15.24595837;43.01740966
2093;2.27284953;2760.230677;0.058389694;10.52888627;0.005991816;2.471841824;0.000660748;14.57160296;25.48599476;-0.502945403;0.595721585;-0.435529236;-0.184758594;-5.374362781;-1.441265412;0.254155839;-0.185619974;28.8877968;39.34797835;41.38986224
2094;13.03219491;6114.434314;1.260498857;10.29999744;0.009117623;4.964309926;0.051790762;25.28851495;13.22102529;-0.160985343;0.161900731;0.164642186;-0.112024697;-5.57559531;-1.17358169;-0.257864844;-0.564798155;29.2370544;14.28151072;43.81858369
2095;0.122097498;477.4411139;0.006556972;15.56443859;0.000834668;0.00696357;0.003769571;1.961611067;35.22675325;-0.202032075;0.19562337;-0.583787681;-0.022564326;-5.576052535;-1.627563857;0.289816553;-0.279164878;28.9065106;77.78630704;43.32434967
2096;2.768213037;2809.446658;0.052487493;10.8340747;0.003348572;0.842783322;0.002203933;5.828528269;30.41321283;-0.330210104;0.151066571;-0.016486931;-0.217373671;-5.957440894;-0.962900985;-0.414862021;-0.453824004;29.3115298;34.67235635;41.35837373
2097;0.113369844;487.6913777;0.005710905;18.84502782;0.000494545;0.00262371;0.008799354;1.313889392;35.68758229;-0.961637087;0.668354583;0.454227828;-0.000335278;-5.583521684;-1.10882341;0.030454742;-0.412299986;29.0248216;79.44248734;46.54404625
2098;0.140668953;500.1470029;0.00759004;16.86147466;0.001420848;0.235956548;0.000481478;4.169145301;35.12222767;-0.218817668;0.249336219;0.218874548;-0.057889971;-6.447192129;-2.081803781;0.26856049;-0.51134988;28.6502905;74.19790235;37.43810437
2099;11.13244584;5813.776465;0.962250403;8.31628218;0.010128181;6.203011796;0.000903222;53.91234414;0.318157939;-0.103763481;0.198981009;0.261809029;-0.033175285;-4.998623384;-1.053520064;-0.124631336;-0.381977425;28.9209732;14.80103172;40.37067087
2100;0.12881441;485.3494543;0.007397518;14.95408039;0.001880736;0.251052899;0.000573254;4.788310447;34.61256366;-0.27893903;0.316782185;-0.425415867;-0.296785301;-5.749434392;-1.687379636;0.339236818;-0.335971052;28.8984847;77.02265672;41.36786419
2101;12.01733379;6290.621833;1.926362024;7.019257516;0.012877981;7.811606763;0.008999376;71.20522513;0.152600366;-0.064394065;0.087282597;0.342503299;0.12844401;-5.091597221;-0.955929343;1.141398282;-2.965270865;29.2348222;13.36815434;42.77063524
2102;0.361625547;916.7956166;0.010610717;11.10112223;0.00138973;0.264605446;0.005334922;3.785488699;31.31696754;-0.536363888;0.528276337;0.991505043;-0.313899639;-5.229082949;-1.442027091;-0.110597326;-0.152870888;28.6962397;68.31916751;43.01389211
2103;6.752066637;3814.96514;0.234237115;10.52888627;0.007181567;4.617344148;0.000423467;39.65681527;16.2587143;-0.573747885;0.818506406;0.091191626;0.347752744;-5.339304495;-1.099986656;0.441499893;-0.557992958;29.1260005;22.31673033;36.94447348
2104;0.206316799;600.5653031;0.016669496;14.49628089;0.001995001;0.493028835;0.000414528;5.501358616;34.53932223;-0.102542317;0.064699424;0.019227591;0.066051528;-6.558683386;-2.087212832;0.234195913;-0.189913581;28.7377746;66.73674456;39.81372883
2105;2.599706434;2573.505942;0.223550136;10.52888627;0.00558326;3.099486696;0.000235491;19.44196325;25.32121436;-0.664997311;0.682698453;-0.581218909;0.707355563;-6.142804677;-1.579109088;0.131023037;-0.648338268;29.1053013;33.76876865;38.54830253
2106;0.106480733;445.1115231;0.00528199;17.50999799;0.000510903;0.002779532;0.008845983;1.320802697;35.58992263;-0.716116968;0.50843855;-0.761340121;-0.299900756;-5.243449111;-1.388706293;-0.116181461;-0.101055181;28.8542549;82.58899303;42.12261856
2107;8.668181491;5129.826787;1.044263089;10.52888627;0.008358894;4.196426273;0.000637879;21.75884411;16.51356731;-0.590227919;0.65980985;0.477494199;-0.122857594;-5.212197287;-1.276182186;-0.135408363;-0.098842655;29.1983123;17.71582037;44.95509298
2108;0.327021967;948.3448818;0.017333457;10.52888627;0.003028966;1.676477509;0.057401019;7.470036284;31.67896755;-0.518204411;0.193487466;-0.350883684;0.131738392;-5.793634575;-1.105910503;-0.528427327;-0.283281937;28.8479553;59.56218384;43.85840659
2109;0.114570203;449.1435029;0.005814293;16.82333795;0.000703507;0.005727075;0.005328281;1.656300808;34.89906269;-0.472426648;0.441144759;-0.247755106;-0.254119217;-5.341158494;-1.470171185;0.090415325;-0.031974029;28.8084871;80.02472572;41.19305313
2110;7.82303908;4797.578362;0.558745547;7.019292674;0.006957544;3.599009824;0.000538109;76.68482057;1.724306434;-0.075686569;0.273446255;0.425881252;0.166897725;-3.413905618;-0.510376582;-0.558700154;-5.503487892;28.8366563;16.34321944;36.46874656
2111;0.147324979;500.1088683;0.008134427;18.46371168;0.00204981;0.421942964;0.000384928;5.445301576;34.28449234;-0.083620957;0.161748026;0.05664921;-0.075736733;-6.068697351;-1.867959994;0.395712943;-0.350137688;28.6982627;74.77727467;39.71790339
2112;12.23289879;5923.784359;1.828267543;11.52073697;0.011006609;6.813969484;0.006888342;72.5535306;0.090792574;-0.042878503;0.011597336;1.129653106;0.148206147;-4.761271564;-1.016976035;0.964475738;-1.682507349;29.244783;12.27671671;42.12693905
2113;13.28126336;6545.860799;1.352911198;7.896654865;0.011224624;6.22149894;0.024537128;29.813034;2.790165846;-0.040742427;0.151066716;-0.128413085;-0.036334514;-5.36671577;-1.245154146;-0.405084773;-0.166781236;29.0390816;13.66687993;43.06996136
2114;9.923437188;5464.688682;0.728245071;10.52888627;0.007925824;3.953047828;0.076754829;22.13713023;20.59084042;-0.420545038;0.454114597;-0.245648313;-0.097356682;-5.483537857;-1.409971522;-0.280227117;-0.066606711;29.1974309;16.62427385;44.69732338
2115;10.35524897;5830.171121;0.529452918;10.52888627;0.007976445;3.361776452;0.001275819;19.19904729;17.25744862;-0.413221159;0.675680184;0.470791253;0.174081116;-5.264578564;-1.301245275;-0.092622384;-0.404259423;29.263587;16.46069112;44.79543715
2116;4.055967285;3766.368218;0.095648295;10.52888627;0.005737042;2.772041713;0.05468514;14.42213365;24.67193987;-0.360118406;0.173954896;-0.14009089;-0.02803638;-5.726658744;-1.198123076;-0.171653457;-0.431612096;29.0221616;26.83703366;44.09330313
2117;10.99717724;5405.424991;1.140950137;7.019257516;0.007490338;4.468489368;0.001283475;83.89769437;0.251777334;-0.122226422;0.154729222;0.042982009;0.003293914;-4.417775994;-0.73274082;0.333910555;-1.188423963;28.7723221;13.78410751;39.81656733
2118;10.97067744;5870.497833;0.726088721;10.60516684;0.005587081;2.878313693;0.009959258;16.75049222;20.30089432;-0.227667965;0.190740545;0.092216248;0.018102837;-5.810136898;-1.005225796;-0.231930717;-0.54320727;29.2578775;14.58412575;43.88343964
2119;0.106180093;446.3859524;0.005298393;15.10667987;0.000546473;0.002357968;0.008247388;1.346158739;35.51057512;-0.415966642;0.2978601;-0.977210919;0.052865575;-5.20641843;-1.368976628;0.05648777;-0.321186195;28.9209707;80.6901741;43.22347506
2120;0.51246349;1201.934916;0.016190944;10.52888744;0.003628413;0.9146741;0.001072505;9.153269958;30.04700181;-0.392468279;0.5017248;-0.059504413;-0.043314535;-5.422803816;-1.478253866;0.271549856;-0.31808642;28.7942;61.50564011;45.78804175
2121;0.292709499;760.3418692;0.009229393;15.18284405;0.001463671;0.15295006;0.003521761;4.04219888;34.1639355;-0.485243165;0.569781284;0.341390178;-0.511965366;-5.920800376;-0.78301408;-0.155098652;-0.042738859;28.4395567;72.00033042;46.14212942
2122;0.165372994;577.7120984;0.011685531;16.4036995;0.001571205;0.177843158;8.88E-05;4.710483834;35.06118983;0.093691881;-0.20813596;0.19903452;-0.00593234;-6.553388161;-2.249263667;0.37009705;-0.350754723;28.3670978;69.26862618;43.58074581
2123;10.76919368;5754.834109;0.877083986;10.41443823;0.006839308;2.602422383;0.002028288;33.37592663;8.441029008;-0.102083693;0.069123482;1.271286889;-0.289829389;-5.753290503;-0.760931573;3.858898891;-3.478055963;29.0905296;14.23048041;42.71901911
2124;8.25492784;5392.733365;0.865985109;7.095551677;0.006636051;2.99267741;0.003468763;52.99506651;10.47242152;-0.314033717;0.32837902;-0.416620008;-0.082075541;-4.100632282;-0.198848371;5.278259668;-2.633844135;28.5577859;16.34450117;44.04071489
2125;0.119638463;502.172459;0.006846561;22.12590245;0.000581888;0.00185458;0.009045593;1.636729757;35.94622638;-0.052492406;-0.046082985;-0.515452274;0.39061639;-6.155429426;-0.095842682;-0.045108155;-0.237480228;28.4366342;77.82526943;49.16242922
2126;8.492834609;5515.161888;1.848269106;8.545205159;0.013348973;7.270706476;0.016131747;49.60180122;1.821202352;-0.065614349;0.27893964;0.76746052;0.467667096;-5.920623723;-0.643638676;-0.358432417;-1.175973547;29.1316831;16.10070259;44.79046883
2127;0.167169877;616.9693489;0.01253701;10.52888627;0.003646554;2.071392937;0.070428074;10.47340741;31.90100182;-0.733664065;0.307626857;-0.418607167;0.210746459;-6.467202491;-0.614739401;0.059893498;-0.093819526;28.1743867;69.37209068;48.71837952
2128;0.15615696;602.7634546;0.006760782;16.86147567;0.001209188;0.036329306;0.000470691;3.280341772;35.43122675;0.098574581;-0.406201261;-0.276763492;0.206867678;-5.764884769;-1.308208483;0.326675171;-0.249686224;28.4217313;75.20459446;47.43453561
2129;10.66096552;6078.525695;0.690084049;9.38445034;0.007928871;3.58090727;0.000753742;54.07459645;1.905894813;-0.119327702;0.249641788;1.102371748;0.261097479;-5.712609252;-0.620534827;-0.442583501;-0.14571927;28.8565725;16.2839489;45.12930607
2130;0.586422256;1402.644313;0.01518751;16.02223133;0.001603733;0.156859964;0.001209653;4.297697248;34.52254077;-0.643024713;0.592363906;-0.368887098;-0.095781196;-5.885440152;-1.259494148;0.195644895;-0.021095041;28.5485148;59.60399521;46.26509716
2131;0.118492647;483.5445057;0.00670089;25.7881095;0.00056424;0.001990551;0.008894598;1.560761943;35.95767062;-0.258186123;0.001525793;-1.008381289;0.219762166;-5.934980835;-0.643639531;-0.072690101;-0.301415084;28.4560665;77.47252737;45.07885745
2132;5.10388705;4334.387909;0.224854896;10.52888627;0.006211562;2.607917939;0.054664409;16.80248551;27.41594613;-0.500352552;0.791497061;-0.435143434;-0.65958796;-6.267183401;-0.829615343;-0.292410804;-0.118200165;29.1913248;20.88687774;48.27604812
2133;1.307533376;2126.201079;0.025010788;10.52888858;0.003087751;0.547657988;0.001250561;7.935621852;31.90404228;-0.664082358;0.759910836;-0.148915903;-0.320784162;-5.734232387;-0.978131479;-0.133185457;-0.067946588;28.6320664;54.08400391;47.20635517
2134;10.98112209;6105.567484;1.027403957;10.29999744;0.006804418;2.433989617;0.050121995;15.8427498;25.52531465;-0.219885973;0.168614836;0.092176676;-0.026395569;-6.571123;-0.64815497;-0.309508726;-0.358843451;28.9515427;14.98310209;45.4506484
2135;0.117019393;474.4772134;0.006228873;26.16959572;0.000671701;0.002116036;0.006596188;1.843325729;35.89892203;0.00305203;-0.047303794;-0.669335947;0.256554511;-5.769809749;-0.899656961;-0.084272902;-0.214758949;28.4626222;78.0779341;45.24092016
2136;0.404401054;1066.071811;0.024392233;11.13926952;0.002681128;0.135249091;0.00056869;3.211368498;34.97268476;-0.326242663;0.139164388;-0.029660363;-0.219019205;-6.996678335;-0.47921602;-0.503981971;-0.462894348;29.1314576;53.86564031;47.30666905
2137;0.110285317;485.6370076;0.006139429;21.59217654;0.00038651;0.002911396;0.017023371;1.395283091;36.11865613;-1.424297888;0.919824829;-0.349709666;-0.165022748;-6.531731105;-0.298703003;0.152024537;0.023055784;28.3969997;80.4251433;49.92404783
2138;0.172107113;668.8453914;0.009234009;17.16664453;0.001335272;0.067391785;0.000310758;3.744052149;35.3381448;0.080264119;-0.209357385;-0.48703658;0.186140899;-6.049788145;-1.586962738;0.210464998;-0.400733191;28.5319174;73.18780261;44.91018791
2139;11.9738155;6569.829189;0.953405825;8.31628218;0.008993965;3.072757783;0.000945694;29.04082448;7.726543558;-0.134892169;0.23743417;0.121829786;-0.329671583;-6.060572227;-0.677810897;-0.243489816;-0.143373529;28.9018284;14.9176849;47.27080342
2140;0.166445623;594.7450994;0.008519556;33.26528077;0.000909927;0.024120848;0.003769801;2.469734724;35.83025644;-0.466322306;0.354013711;-1.152287773;-0.094269758;-5.72699097;-1.130820603;0.020290161;-0.148202629;28.5481326;72.50590765;45.37294631
2141;10.66896604;6102.026027;1.681175619;7.019257516;0.013582353;6.124064816;0.014019429;46.20894645;0.209837891;-0.070193044;0.117801697;0.780541315;0.187719774;-6.082103291;-0.614649905;1.433978226;-3.162462658;29.1013172;14.24307736;44.72659001
2142;0.119443291;505.634917;0.006996419;13.39000802;0.000749892;0.125166617;0.014646305;2.336732746;35.74442708;-0.967134813;0.887480575;2.635467239;-0.746880112;-6.074168343;-0.643320938;-0.162120915;-0.36141197;28.3871586;77.39585982;48.80035099
2143;6.64157047;4634.282813;0.3947058;10.52888627;0.005902779;2.036563786;0.000578566;25.24349654;21.87868122;-0.491958309;0.7739497;0.196885993;0.472992937;-5.641813922;-0.895766036;0.076852105;-0.199993702;28.8511113;22.12733952;44.23078326
2144;0.282933071;871.8957381;0.014549269;15.7170225;0.001738307;0.181972036;0.000549824;4.715952714;34.81246295;-0.349742721;0.17517681;-0.654901619;0.173381841;-6.209339492;-1.717783259;0.240740865;-0.566004176;28.4742116;61.81196092;41.63694373
2145;2.495165016;3000.071554;0.041091245;10.68148551;0.003607998;0.837109856;0.00050508;10.75971123;29.63119471;-0.646076631;0.815454257;-0.087773378;0.121600901;-5.92800304;-1.120500543;0.069956644;-0.525856167;28.8604001;37.6704538;42.81387377
2146;0.108947584;473.8624358;0.005454677;23.88075082;0.000505357;0.002389553;0.011496825;1.508795543;36.07364115;-1.019471408;0.538805001;-1.661055989;-0.441177925;-6.234801697;-0.410800516;-0.143978843;0.164896316;28.5298266;80.62103909;46.98221771
2147;4.722706054;4195.437995;0.046927612;10.52888627;0.00519578;1.190616114;0.001332238;13.60005528;26.46870133;-0.672015755;0.719626034;0.586331318;-0.132840056;-5.942947;-0.831116111;-0.285462043;0.167296545;28.7137332;34.37811293;47.12632553
2148;0.165380113;620.5906126;0.012445034;10.52888627;0.002649197;1.460032555;0.061073196;6.712946261;33.57340831;-0.57161226;0.173955734;-0.428298517;0.576411982;-6.752897649;-0.535791141;-0.542366078;-0.001438997;28.3895702;67.20296099;49.48885449
2149;0.116153902;476.6149163;0.006617189;42.61131603;0.000514163;0.002569304;0.010844445;1.502824921;36.00001516;-0.589464069;0.361185301;-1.681546356;0.060000346;-5.930082081;-0.744697078;-0.134831918;-0.073317438;28.4423238;77.87368326;44.85294184
2150;7.121487428;5136.632323;0.698786458;7.019292674;0.007243639;3.331503549;0.000667293;68.27103488;1.734990177;-0.078128066;0.300302698;0.515056074;0.193154265;-4.133720919;-0.36008748;-0.768281598;-6.162702425;28.8643893;17.45065666;43.06298631
2151;0.397900991;932.2818506;0.010512825;20.2948228;0.001109985;0.046522528;0.001803586;3.042091442;35.47013731;-0.360119104;0.28748478;-1.066486357;0.07460593;-5.805623146;-1.28396814;0.283062846;-0.184837252;28.5102172;70.16867122;47.82993097
2152;11.16522458;5893.926401;1.633085991;11.90221442;0.012785601;7.690719334;0.007471954;57.04045733;0.025940673;-0.055848861;0.017090774;1.495227227;0.164673266;-5.744616657;-0.567700785;1.424373228;-1.402701794;29.135779;12.99696255;44.76345404
2153;12.38424065;6478.980876;1.465854087;7.896654865;0.008250665;2.916376392;0.031549309;20.18266265;16.46055925;-0.095828348;0.193792686;-0.046090228;-0.098929581;-6.377246045;-0.760990143;-0.243000345;-0.440620437;28.8561434;13.810434;45.76199639
2154;1.470574796;2365.495456;0.053479808;10.52888627;0.004983026;1.931080903;0.032940647;13.38788484;29.48393212;-0.663778578;0.559099125;-0.137072734;-0.369252331;-6.502019848;-0.781967176;-0.058035512;0.065655606;29.0948402;37.02865967;48.16875583
2155;3.942835577;3873.699468;0.102397198;10.52888627;0.004770465;1.205091508;0.002210271;11.81048391;27.60934052;-0.411085931;0.843226996;0.569792573;0.089990577;-6.08509907;-0.794772509;-0.165455729;-0.036534036;28.7594661;31.67602688;48.97985101
2156;0.683248429;1438.333739;0.034485021;10.52888627;0.004057524;1.553113807;0.036559911;9.072161794;31.29368798;-0.542008881;0.184331339;0.520208615;-0.143326282;-6.708411945;-0.679195627;-0.248227653;-0.157268227;29.009261;44.25732266;47.3838857
2157;9.081074322;5717.805601;1.239335882;7.019257516;0.009023132;4.499516618;0.0009601;57.07148472;0.70230814;-0.145267882;0.17655001;0.075935325;0.003287596;-5.591900248;-0.370507625;0.134225142;-1.377311747;28.9720825;16.58427935;44.92249206
2158;9.410605894;5608.310664;0.658199876;11.21552828;0.004470011;0.639770038;0.01007866;7.810828141;31.8872464;-0.160527631;0.202337616;0.146565508;0.223945964;-6.847805191;-0.563734481;-0.198308591;-0.482637527;28.9739635;15.40518468;45.37563045
2159;0.122868108;488.8142438;0.007388771;27.61926192;0.000586125;0.001916083;0.00871933;1.614912935;35.9782707;-0.28015914;-0.018921633;-0.718347683;0.27049678;-6.112950597;-0.315783435;-0.029959468;-0.330255999;28.4714351;76.91491925;44.78141176
2160;0.27749867;760.1051968;0.009205339;17.24319574;0.001486981;0.161066893;0.003797179;4.059553445;34.45386708;-0.616474195;0.575580369;0.325377682;-0.419858946;-5.778608661;-0.922576609;-0.111933302;-0.334063799;28.5159402;70.90859591;46.2117701
2161;0.248853645;821.2721799;0.007460841;15.3355068;0.002179118;0.431746469;0.011381909;6.748462726;34.8101648;-0.733357292;0.687582207;1.840622062;-0.261387261;-4.440836143;0.34594335;-0.294554501;0.173432495;28.3760266;75.04138224;52.00503867
2162;0.713168787;1485.270212;0.035476682;11.02480795;0.002088038;0.411437226;0.000123194;6.708518586;33.64780287;0.600757049;0.249793289;-0.996912979;-0.394617995;-3.178235813;-0.12200804;0.242948235;-0.347676813;29.1109454;49.45315033;47.32128652
2163;10.96850391;6318.919764;1.15277269;10.41443823;0.006561846;1.429620041;0.001353407;22.06240632;14.50237411;-0.0840776;0.079042234;0.938644672;-0.227258207;-4.917784944;-1.038788787;3.048570464;-2.855659898;28.812537;13.93831055;46.14761777
2164;7.278525165;5373.297224;0.778004037;7.095551677;0.006469815;2.321434084;0.0029853;39.1222706;14.12245104;-0.225225408;0.252388025;-0.28839697;0.034090892;-2.698982791;0.585532305;3.985241186;-1.15978611;28.9830167;16.67145723;47.2196968
2165;0.125975248;527.886481;0.007437213;23.11779218;0.000548087;0.002268565;0.013004709;1.904603806;36.136967;-0.240791252;0.252083038;-0.698445438;0.088940778;-5.320276491;1.186248331;-0.273197017;0.070230623;28.2448851;77.45276841;50.13452068
2166;9.988296374;6141.137788;1.877134287;8.545204832;0.013926416;7.10443665;0.017157323;45.5021256;4.552614455;-0.078432311;0.377514512;1.030975452;0.327613972;-4.963195716;-0.329313608;-0.223726261;-0.556441527;29.243742;14.98272578;47.7836319
2167;0.160171029;608.9051121;0.011338835;10.52888627;0.003934502;2.473990057;0.094959119;11.78385137;31.58818623;-0.674458906;0.358287413;-0.392245273;-0.003392842;-5.605834382;0.013152158;-0.044859272;0.285409505;28.0550523;70.14013458;49.78644635
2168;0.159997542;584.4591066;0.011680264;11.82591868;0.001395407;0.13275814;0.005578407;4.127338932;35.61586368;-0.042726412;-0.214544067;-1.380081449;0.090447727;-3.300092987;0.476348291;-0.331505182;0.105921696;28.9927726;70.22172462;46.66812381
2169;11.34558643;6488.455335;0.930529911;9.38445034;0.007956569;2.982512858;0.000606518;44.62814458;5.512419626;-0.123294954;0.339365922;0.687073353;0.276052574;-4.38007677;0.442808533;-0.766455909;0.202618665;29.2787001;14.09379477;47.79374009
2170;1.157386908;1864.888052;0.012711332;10.83407111;0.002997456;0.530023374;0.000973338;8.249963508;33.00806499;-0.38392322;0.991241057;-0.315403813;-0.361626391;-3.559842966;0.239618381;-0.277017645;0.244834866;29.0424184;56.57016071;48.81733316
2171;0.125369556;539.0112509;0.007197303;18.69258975;0.000594221;0.002558597;0.00839159;1.928877629;36.11102615;-0.297554872;0.105288423;-0.796081509;-0.070084691;-4.672063312;0.889740931;-0.209603082;-0.056707239;28.6088425;75.90024779;51.59838656
2172;5.575616598;4763.057371;0.359968788;10.52888627;0.006902705;3.11693311;0.075271883;19.68764448;27.97861949;-0.495011355;0.772880858;-0.319844781;-0.458544778;-5.26503343;-0.075343452;-0.396547645;0.226189072;29.0710143;22.19475872;50.14412486
2173;3.521126837;3658.58021;0.043152413;10.52888627;0.004419335;0.900661717;0.000975033;11.00732536;31.54239965;-0.636615225;1.04861537;-0.151380498;-0.684066635;-4.120595046;0.263281528;-0.474413822;0.296689412;28.8845587;36.65913033;48.56161003
2174;11.94953636;6512.421686;0.991389333;10.29999744;0.006875695;2.407348288;0.051819538;15.28040133;28.40511315;-0.255287444;0.153660783;0.098756981;-4.45E-05;-5.710977163;-0.495044844;-0.074662748;-0.035824439;28.8076887;14.14133993;47.76589827
2175;0.125915201;518.7820724;0.007575295;11.67333794;0.000545275;0.004437941;0.009484073;1.842371831;35.82720422;-0.368052893;0.015563968;-0.625626601;0.058743346;-3.991492835;0.593900632;-0.383378921;0.021369175;28.9278213;76.6984848;48.53152488
2176;0.298467217;904.4310108;0.020195441;14.95409137;0.002425595;0.044720852;0.004812909;2.248991216;35.64256651;-0.270088533;0.119327405;-0.074113488;-0.251953115;-6.121359789;-0.438610812;-0.081830318;-0.111000163;28.8405097;57.73192947;47.30933282
2177;0.114952106;499.5220364;0.006320312;18.38750173;0.000322791;0.002684249;0.024381997;1.526925093;36.15527853;-1.165501011;0.769064596;0.404689242;-0.081085559;-5.815299302;0.524244908;0.141619402;0.357005841;28.0453907;78.75094559;50.0469492
2178;0.413521823;1009.063163;0.011435721;10.60518372;0.002072619;0.348884432;0.00467091;5.965481044;35.1931836;0.079349023;0.442822332;-1.279577967;0.01479129;-3.146615258;0.249416385;-0.123273118;0.144689403;29.1183868;65.82848964;47.81259117
2179;10.90779572;6511.283558;0.972196442;8.31628218;0.009243941;3.046352931;0.000765037;25.92043125;16.04359547;-0.158086132;0.263985144;0.113575991;-0.481196792;-4.86388222;0.058268192;-0.425976624;0.044361991;28.9466939;15.09086465;49.97840567
2180;0.12143298;510.2571167;0.007054699;13.12288052;0.001969196;0.343074195;0.008495991;5.685100865;35.93249324;-0.734885277;0.47486756;-0.951273127;0.171988349;-3.796312515;0.398899398;-0.400588277;0.18594083;28.8901078;77.78929037;47.64734782
2181;12.14053228;6671.728886;1.653236382;7.019257516;0.014046455;5.614116813;0.013902024;37.6532753;1.154422591;-0.078738098;0.174565812;1.01435908;0.62079292;-5.163755022;-0.825561196;1.199628973;-2.388807085;29.1925907;13.37427203;47.90969054
2182;0.115523725;508.876464;0.006431466;12.81778215;0.000640451;0.178524387;0.027343305;2.427199479;35.7852454;-0.972016201;0.778680671;0.991192631;-0.426382603;-4.938632235;0.402876199;-0.265357242;-0.057986532;28.0868849;78.57852048;51.11912886
2183;8.721217085;5623.372382;0.610132411;10.52888627;0.0065149;2.215310119;0.000462411;28.24821078;20.4565277;-0.271004445;0.673848926;0.108375361;0.407576307;-4.002096319;0.406423155;-0.413838155;-0.144267032;29.3055058;14.40689672;48.48922878
2184;0.934256427;1626.831401;0.030049942;11.29184245;0.002717048;0.565185835;0.000177326;8.638270932;32.46100648;-0.053713057;0.778832239;-0.240014841;-0.01630577;-3.360915725;0.073247856;-0.048007769;0.122627227;29.2308172;52.7129376;45.30415238
2185;5.2290979;4557.277692;0.72777387;10.52888627;0.00463843;1.412089241;0.000222857;17.21580945;25.28306597;-0.275887114;0.550554087;-0.031177782;0.043034127;-3.759357588;0.320183604;-0.436175986;-0.075513153;29.6621773;19.89010573;47.29082654
2186;0.109769868;485.2957015;0.005824007;22.0115208;0.000399115;0.002664973;0.018448553;1.608392143;36.16824848;-1.000244296;0.651417762;-0.968993894;-0.224228803;-5.271773818;0.635709103;-0.245090585;0.414662091;28.1360256;80.39669161;49.72508337
2187;6.985269633;5368.970553;0.265358097;10.52888627;0.005632388;1.218241695;0.000995733;14.37761676;28.70417972;-0.788595124;0.83925796;0.655370649;0.344979144;-4.571260373;0.205605454;-0.575947594;0.419622429;29.0605719;20.4854839;51.07247459
2188;0.161256635;610.8285202;0.011807872;10.52888627;0.00231013;1.334207464;0.070323812;6.326706344;33.69242986;-0.501114548;0.207831271;-0.347595184;0.6439098;-6.062412345;-0.09699749;-0.480624027;0.249789314;28.2299787;68.27533456;49.57171796
2189;0.123308295;534.9665522;0.007074785;14.1529582;0.00050001;0.003359019;0.012822878;1.751574358;36.13391524;-0.691395935;0.338144578;-0.74880578;0.0434953;-4.489291007;0.597919408;-0.232793624;-0.085245434;28.5565527;76.32478243;52.25294782
2190;10.69545308;6457.839315;0.763447463;7.019292674;0.007424562;2.600341414;0.000550524;51.47078094;4.005573693;-0.0604273;0.334483413;0.211743427;0.054974327;-3.045471775;0.625223935;0.189099547;-4.473532937;29.5420743;14.78732602;48.54150563
2191;0.284012821;799.3149179;0.008651997;10.98666691;0.002218866;0.384494238;0.006224772;6.040058954;35.83483157;-0.567644461;0.695212144;-1.238321165;0.081981925;-3.473658262;0.314367273;-0.209762156;-0.029988878;28.9551251;68.43652468;48.83770426
2192;11.46667445;6308.730929;1.479651949;11.59703077;0.01407736;7.94408927;0.011261762;53.18241192;0.05912965;-0.038758502;0.018769238;1.096726382;0.174551115;-4.786382345;-0.634262425;1.116051729;-1.139391529;29.1786711;13.13056547;49.46196063
2193;12.89801002;6733.7798;1.419092424;7.896654865;0.008549161;3.383270361;0.066247541;20.60014623;21.71126603;-0.151829802;0.208136464;0.108694573;-0.102223213;-5.450413439;-0.331025414;-0.238483385;0.07155395;28.9624932;13.32061796;47.59452113
2194;1.534236558;2384.851828;0.046959294;10.52888627;0.005383964;2.206410773;0.044287055;15.38885884;29.85854795;-0.643636095;0.500503971;-0.061274894;-0.202894482;-5.612693404;-0.244007313;-0.20662208;0.420102333;28.8996582;38.61935665;49.8981638
2195;5.153400341;4757.164761;0.114357796;10.52888627;0.005277782;1.430101087;0.007959657;13.40951732;28.87586249;-0.433060285;0.892972323;0.887813432;-0.587434381;-4.854838707;0.10252511;-0.357941777;0.295922227;29.0996183;24.62738408;49.94127011
2196;0.504414679;1228.326658;0.027175505;10.52888627;0.003979462;1.681918849;0.056186533;9.162499789;31.88955956;-0.534989205;0.159916587;0.446113229;0.054306376;-5.900265838;-0.382707159;-0.067737026;0.207251003;28.7491393;49.91250834;48.48204744
2197;8.533947374;5802.255494;1.36662145;7.019257516;0.009273381;4.092598739;0.000756686;46.48518676;3.088094067;-0.143283997;0.213935175;-0.016271035;-0.003223129;-4.458469937;0.210206826;0.050272793;-0.330859815;29.1619336;15.92315252;49.51580097
2198;9.056606998;5748.343474;0.474905626;11.36812594;0.004277233;0.42413739;0.009712072;5.393264385;34.22039091;-0.152287654;0.170598189;0.15644251;0.245354984;-5.912779614;-0.640286737;0.023548843;-0.077702562;28.8759669;15.49874876;47.25714664
2199;0.123920854;522.0649965;0.007355034;26.6272956;0.000594328;0.002396073;0.010609611;1.969840805;36.15375225;-0.301522354;0.249946814;-0.920898125;-0.14138767;-5.123981357;1.00228127;-0.205457041;0.197533894;28.2283646;76.69291866;50.19685648
2200;0.13442762;552.2122128;0.006701098;16.02205354;0.002928609;0.576502739;0.005980891;7.912569211;35.39993477;-0.973535854;0.834988025;-0.27531904;-1.112323864;-4.144773291;0.327680577;-0.263450317;0.053999136;28.5345088;77.16717945;51.01710189
2201;0.159513522;647.8176456;0.008664328;11.52074628;0.001119803;0.034546525;0.009335125;3.568903825;34.67512385;-0.30182774;0.464797456;0.144203001;-0.013775538;-4.791095784;0.643258801;-0.379205731;0.332022829;28.0492319;73.73464984;50.51240431
2202;0.60473452;1253.255349;0.03640804;10.83407138;0.001460707;0.061744675;0.002452309;4.055702402;35.14129932;0.348216354;-0.306864829;-1.187327157;-0.05449398;-2.476644085;1.034542365;-0.27045164;0.118383247;29.2691153;49.49597921;45.94553757
2203;11.3835805;6692.141423;0.993162535;10.41443823;0.006317365;0.718146695;0.000761718;13.94231812;21.54796627;-0.111544383;0.052796173;0.879374515;-0.312886988;-5.533833589;-1.439979887;3.197012205;-3.362027825;28.7345656;13.33731876;51.23016225
2204;4.424829434;4272.216727;1.079960511;7.095551677;0.005982037;1.610356268;0.002607049;33.44599507;16.55935472;-0.294807185;0.333261857;-0.306066754;0.020253727;-2.896366534;0.843216108;3.995799126;-0.660366891;28.7662989;21.81578684;50.49645566
2205;0.147398365;602.6742934;0.0096403;19.45553017;0.000287148;0.002534092;0.022600342;1.531429879;36.00573741;-0.710776157;0.479751189;-0.471491079;0.02936653;-5.827368199;1.386077882;-0.17870129;0.080813387;27.9624497;72.6279226;54.50197494
2206;9.915368761;6370.873187;1.868703836;8.545204832;0.012605441;5.889696539;0.013468074;39.28964174;8.565805138;-0.077211625;0.352794451;0.889335228;0.278206754;-5.400717619;-0.641572092;-0.224568857;-0.540890117;29.165838;14.25180208;49.98154447
2207;0.170044256;668.5876632;0.01323835;10.52888627;0.00308832;1.661919618;0.065400436;9.263079133;32.88369517;-0.674458153;0.3332623;-0.263768445;0.289753927;-5.952964901;0.027242934;-0.123637131;0.461819412;27.8931195;68.3282728;53.56406109
2208;1.151656556;1516.370826;0.143677068;11.36814533;0.001414913;0.069945162;0.004598127;4.230708174;34.18759902;0.261848156;-0.403149366;-0.088747608;0.035430376;-3.432479507;1.206569236;-0.482347145;0.084958143;29.1178856;43.29829482;44.30593825
2209;11.26226691;6760.066402;0.937537458;9.38445034;0.007435713;2.017591601;0.000756227;36.42058044;10.13903143;-0.131535041;0.338450403;0.64088443;0.346776846;-4.744067946;0.422940071;-0.743280853;0.507342582;29.074581;13.86980372;50.10710607
2210;0.179804151;691.0806447;0.015104334;11.36815993;0.000839345;0.008707858;0.009556517;2.789405034;35.70055329;-0.690938426;0.666218127;-1.072275403;0.229479209;-3.496425615;0.985269777;-0.412750854;0.145640318;28.8781782;68.13961549;50.13493595
2211;0.126313008;549.1522175;0.006982947;17.24297093;0.000390507;0.002473831;0.018476374;1.723285082;36.0446486;-0.477614394;0.504165718;-0.76639171;-0.085753662;-5.103694447;1.100070393;-0.247188934;0.076390906;28.0224994;76.11532113;52.51627776
2212;4.762087535;4564.495794;0.168883667;10.52888627;0.005585408;2.193660846;0.058231014;15.18966268;30.15878494;-0.41123814;0.660268161;-0.033091527;-0.593541327;-5.688430465;-0.07080612;-0.367691858;0.49609031;28.9866175;22.49937655;51.98139253
2213;1.427269541;2547.828658;0.02400537;10.83406764;0.002341023;0.16428023;0.003530576;5.906280022;33.7748331;-0.63600552;0.717795425;-0.530999935;-0.099220074;-4.236892987;0.73699482;-0.648259132;0.64003642;28.6313852;50.86309953;50.47005801
2214;10.72841074;6417.299205;1.191029612;10.29999744;0.006117817;1.693925216;0.036672676;12.02927114;30.12559257;-0.231330352;0.115665226;0.098760183;0.019728189;-6.27229944;-0.741362734;-0.04802491;0.092333397;28.7412662;15.05008722;50.90436425
2215;0.302163906;861.2707058;0.012283754;16.70890453;0.000502574;0.002824779;0.016359616;1.946086789;35.83788566;-0.039368501;0.05798511;-0.635869011;0.061947112;-4.322106578;1.122524737;-0.440132921;0.179148765;28.4351133;65.86909896;51.52673606
2216;0.344588102;1004.00935;0.021850248;17.01410142;0.002499932;0.023413892;0.012107551;1.908756336;36.10873721;-0.285042555;0.133976349;-0.177856073;-0.303001509;-6.658825158;-0.642616081;-0.159987304;0.433193381;28.5771897;56.40279322;51.70176409
2217;0.107276534;487.6002349;0.004675177;18.99785142;0.000273992;0.002555764;0.025723416;1.47719581;36.07364164;-1.124607009;0.69185452;-0.665829919;-0.214324093;-6.197673912;0.581846913;0.177500986;0.31173926;27.7483262;80.86773301;52.30925421
2218;0.40802047;1025.185139;0.026647675;11.06295846;0.000727116;0.003615647;0.010255924;2.476107373;35.1481663;-0.025329751;-0.266427815;-1.00335366;0.015372731;-3.018402748;1.118805969;-0.545315303;0.215843993;29.1977251;54.20871187;47.03488289
2219;10.85174015;6728.251736;1.133316253;8.31628218;0.007771657;1.892697784;0.000872446;20.10177561;20.25361968;-0.16083284;0.24597927;0.159710283;-0.471308998;-5.257338463;0.027291397;-0.283631392;0.163071404;28.947013;15.29169497;51.00083224
2220;0.221452604;722.0213126;0.0141082;15.2592744;0.000692141;0.003797889;0.012756623;2.360407141;35.86382534;-0.388805765;0.129398595;-0.587594096;0.169621706;-3.965559994;1.046342238;-0.41142217;0.254223308;28.7365908;67.59726891;49.88108966
2221;10.640802;6600.78163;1.659190747;7.019257516;0.012997594;4.625750961;0.011455211;28.71972092;2.477435206;-0.084536543;0.184941782;0.811807498;0.630672698;-5.644022952;-1.168896691;1.082079949;-2.686142033;29.1895698;13.95217072;50.90016086
2222;0.126127303;544.901192;0.007474154;14.00038581;0.000597267;0.169931028;0.027120432;2.453562307;35.90007017;-0.84078776;0.87634093;1.920653603;-0.710388213;-5.293126716;0.549859678;-0.20976773;0.132666505;27.753375;75.94084556;52.82296278
2223;6.546332561;5138.13784;0.49207581;10.52888627;0.005631047;1.234800249;0.000651853;20.31346283;28.15328411;-0.460828757;0.954618893;0.286346569;-0.078059966;-4.095863272;0.879654653;-0.530981251;0.472923577;29.1727739;17.47193981;50.8304044
2224;0.385719921;1183.547021;0.024454902;10.98666022;0.001121777;0.030105016;0.005273305;3.340371446;35.59526316;-0.275277503;0.606709063;-1.329091435;0.132645683;-2.970942219;1.041466538;-0.414972821;0.013271219;29.0539564;56.92630921;47.64184184
2225;4.700730061;4457.988993;0.272470097;10.60518543;0.004408943;0.830966347;0.000503698;13.65717194;31.19221939;-0.582293694;1.099276942;0.285332122;-0.621241024;-3.577168011;1.00822371;-0.555453463;0.145202537;29.022725;29.60246172;50.14741345
2226;0.110703734;498.8490664;0.005451961;15.52630295;0.000272715;0.0028592;0.025155394;1.486450938;36.05571148;-0.94851524;0.707419287;-0.712128966;-0.138774933;-5.628415989;0.731040924;-0.204779302;0.407825847;27.8225884;80.32482962;53.01209872
2227;4.440960748;4584.946794;0.121260883;10.52888627;0.00397579;0.534810647;0.002088549;9.105566923;31.5790293;-0.699482684;0.695210967;0.29293309;0.49392636;-4.89614681;0.395301452;-0.573450885;0.64642503;28.8110445;25.0553631;52.12411071
2228;0.174141346;659.0690902;0.015071336;10.52888627;0.002074709;1.090581437;0.060987208;5.569160852;34.3180605;-0.510270033;0.177312758;-0.344299798;0.474307901;-6.452996172;-0.099100048;-0.574871507;0.494731778;28.1975996;67.2619153;51.47037338
2229;0.114891615;515.8258651;0.005927918;19.11224904;0.000385392;0.002830977;0.019687736;1.694134811;36.06410406;-0.637225912;0.605639257;-1.032032266;-0.115183275;-4.902723454;0.895629399;-0.333711184;0.215837536;28.0226698;78.72331605;51.82415736
2230;9.543475646;6395.692611;0.929965418;7.019292674;0.006974691;1.760366745;0.000765165;45.93446262;6.755295042;-0.084231823;0.391858289;0.525061631;0.28524516;-3.389486405;0.6896185;0.145089035;-4.381302461;29.0937949;14.91274975;50.06301724
2231;0.240164618;749.1992501;0.018940384;11.74962522;0.000791413;0.003847321;0.009966509;2.603574122;35.41978313;-0.374157366;0.156865608;-0.915482334;-0.0183385;-3.555016742;1.048800506;-0.314608983;-0.152098921;29.0106925;62.786094;49.21138044
2232;11.87009096;6621.241482;1.748787034;10.79591873;0.013221588;7.260811161;0.009689362;48.28601535;0.888090273;-0.040589663;0.021058134;1.027564848;0.111971526;-5.205648121;-0.970338643;1.160787407;-0.942066505;29.2222027;12.9866605;50.9526265
2233;12.79084805;6911.874734;1.490221546;7.896654865;0.007601789;2.722965141;0.061341376;17.38330174;24.78295195;-0.142216468;0.182653441;0.003293038;-0.095626876;-5.938391496;-0.527914328;-0.174351488;0.242341217;28.8487459;13.19892938;50.56741684
2234;1.965763482;2871.910851;0.063407941;10.52888627;0.004363017;1.51417852;0.03509083;11.78994352;31.67745226;-0.643330404;0.487685581;0.177534442;-0.184855639;-6.068415273;-0.306517085;-0.199826614;0.661362688;28.7994759;34.61891893;52.66778006
2235;5.077253311;5031.269085;0.077448238;10.52888627;0.004060374;0.835528697;0.010349477;10.11446757;31.25477826;-0.404371837;0.792566012;0.733002411;-0.181918904;-5.26687403;0.241852236;-0.314925558;0.488487477;28.9533164;26.62436371;51.89089318
2236;0.889823697;1701.828517;0.03199503;10.52888627;0.003441843;1.166451239;0.047168886;7.244833651;33.18659621;-0.562455749;0.135501754;0.488915344;-0.069186316;-6.404885235;-0.492644298;-0.063196521;0.492849949;28.6432854;47.02770489;51.64613906
2237;10.00848659;6325.809233;1.347942379;7.019257516;0.008645625;3.005273841;0.000797411;40.19248756;5.949967813;-0.146641024;0.211493668;-0.036049503;-0.003216302;-4.834897225;0.075378891;0.13642674;-0.081274144;29.0303386;14.75977683;48.62851782
2238;7.9798466;5557.232362;0.638140027;11.59701473;0.004286051;0.306803195;0.007875943;4.305403503;35.13899961;-0.148015044;0.169072153;0.263476499;0.251940389;-6.537455128;-0.941104736;0.031932017;0.103120001;28.6850056;16.21190288;50.40848305
2239;0.134962595;566.199702;0.00835054;19.37927307;0.000302667;0.002576218;0.022892432;1.560608756;36.03549314;-0.661030896;0.530106598;-0.563785646;-0.183040305;-5.566849316;1.134358781;-0.118785582;0.147661989;27.901351;74.38231043;52.25475929
2240;0.189977859;705.7106193;0.010545274;11.9022308;0.001215936;0.030083309;0.00926313;3.512812377;35.1847839;-0.544450064;0.471817141;1.070237366;-0.799586158;-4.356496856;0.751991755;-0.452714132;0.281392261;28.2784679;70.88412497;52.12827908
2241;0.143564996;617.306565;0.008371559;11.74959928;0.001519879;0.01724152;0.004062945;4.4015917;34.98946566;-0.229804444;0.593280604;-0.331997496;-0.107470854;-5.206485437;0.511530729;-0.394338915;0.486255911;27.8802891;72.54743869;56.6335562
2242;0.955867151;1562.660936;0.09987454;10.79592195;0.001459286;0.057075564;0.001131228;4.506171527;34.2192573;0.067293436;-0.672932724;0.077677903;-0.159447558;-2.913693221;0.889963265;-0.605880258;-0.103785831;30.0103038;40.57926509;47.70153894
2243;9.188409297;6246.981095;0.587191187;10.41443823;0.006033551;0.361553769;0.000618242;10.10866576;24.66582526;-0.133823043;0.024261364;0.895848618;-0.276659817;-6.33233215;-2.56237731;2.865069707;-3.069802608;28.4867241;15.54902701;52.73039953
2244;4.845055148;4706.925492;1.002910752;7.095551677;0.005399098;1.149095136;0.002712265;25.9213661;18.19513912;-0.313423394;0.318918363;-0.34274248;-0.037358154;-4.07833103;0.869763819;5.369526119;-0.808799433;28.7855493;20.70414783;54.34129018
2245;0.148259303;606.4053725;0.008392271;21.89704273;0.000277003;0.002710148;0.020310574;1.579111908;36.06982622;-0.957976093;0.567644495;-0.555767904;0.157795434;-6.392989669;1.209494607;-0.198059733;0.342990702;28.1663996;74.10953701;55.59880995
2246;8.927905561;6088.02925;1.857087692;8.545204832;0.010637204;4.39034782;0.009590523;32.68879585;13.44953556;-0.085146408;0.344249256;0.886038541;0.304567816;-6.334299476;-1.346676751;-0.263312128;0.397048522;29.4323592;15.35240701;50.430732
2247;0.18438982;709.3312296;0.014713828;10.52888627;0.00207972;1.11095333;0.058468009;6.385034618;34.20209555;-0.745871263;0.369273852;-0.19138932;0.101999239;-6.409140499;-0.334293157;-0.143406965;0.528456198;27.6939629;67.60563884;55.41735336
2248;0.231994929;859.5655922;0.01189415;12.1311088;0.001677524;0.066302453;0.000176148;5.160550145;35.33509264;0.653705603;0.446485405;-0.346730957;0.085343829;-3.849043905;1.321726566;-0.46160297;0.23112332;28.8273095;65.93368716;54.01825059
2249;9.925535491;6642.114282;0.949495316;9.38445034;0.007048027;1.587673723;0.000770319;31.97442016;12.21352506;-0.100100897;0.25025197;0.749720678;0.378261092;-5.490330041;0.222195474;-0.712503657;1.429011454;29.0038284;15.17030656;55.32768771
2250;0.662476029;1533.812989;0.023682667;10.98666625;0.001033371;0.003539672;0.002356583;3.110548238;35.05737457;-0.505690547;0.108340272;-0.838276558;0.349647586;-4.216177782;1.253976922;-0.451370192;0.557868838;29.0075174;51.58511474;52.43289806
2251;0.135999777;587.4367493;0.007477323;16.02215741;0.000264952;0.002444825;0.023527244;1.559657472;36.07440405;-0.78371524;0.894802805;-0.555807763;0.04215131;-5.544435948;0.981645345;-0.165392562;-0.04592661;27.9675943;74.34990561;55.76931328
2252;4.268823668;4419.114534;0.218953173;10.52888627;0.004177496;1.237166188;0.035963217;10.37503112;32.5773739;-0.351116491;0.614948881;-0.069070313;-0.715321819;-6.119580326;-0.315702051;-0.346350184;0.780758158;28.6893926;21.34068463;54.14702455
2253;0.883195613;2016.357607;0.041726337;10.52888756;0.002583003;0.105123899;0.001514391;5.922574321;34.01287562;-0.306405778;0.531021739;0.026471693;-0.372904501;-4.869243421;0.693501957;-0.640710047;0.69670551;28.7610776;48.2669815;54.2748731
2254;8.847771611;6046.76991;1.481209154;10.29999744;0.005091923;0.829748139;0.014205742;7.836043692;32.76048123;-0.234229581;0.115665276;0.128402426;0.016435786;-6.862074689;-1.380707516;-0.115831493;0.721451912;28.7110364;16.39462845;50.34830833
2255;0.130690837;579.0969013;0.00698276;19.83693053;0.000385364;0.002790589;0.021309519;1.809456567;36.08432255;-0.290535871;0.750145526;-0.793050263;-0.11738516;-4.711227314;1.028730961;-0.40820593;0.056611107;27.9844946;74.46197901;56.17449327
2256;0.341733357;1023.691817;0.020912118;17.77706888;0.002303809;0.01598916;0.022118386;1.657971209;36.25675221;-0.318307684;0.148320088;-0.228905521;-0.352403089;-7.211832835;-1.23345105;-0.216700142;0.580298513;28.2114923;57.3698086;50.61920346
2257;0.143256696;603.660061;0.00932736;21.21041682;0.00026255;0.002142617;0.025401776;1.569532702;36.0568565;-1.1929682;0.608234476;-0.578644284;-0.038093572;-6.732927722;0.181650321;0.204255042;0.333957676;27.7104674;73.78286885;54.30228258
2258;0.669339643;1572.531491;0.036260107;11.44444072;0.00142259;0.052792748;0.000839869;4.376471405;34.52177367;0.307016762;-0.155643987;0.342514158;0.239179729;-3.576272315;1.247846439;-0.636293596;-0.014304236;29.5454485;46.36626266;50.3729434
2259;11.38694614;6943.837751;1.441488868;8.31628218;0.007050653;1.305451136;0.000903129;17.62848204;23.05445281;-0.137028406;0.230414867;0.112009956;-0.495999926;-5.867065338;-0.215584653;-0.283099926;0.657909265;28.6330728;14.5725406;52.85076787
2260;0.119681919;549.7938446;0.006622637;19.07377474;0.001059061;0.00293612;0.005662027;3.2373768;35.76921876;-0.280770044;0.567646307;-0.263015413;-0.424738191;-4.420462948;0.929086413;-0.496819538;0.574498065;28.0374887;77.26443698;53.9730683
2261;7.836779274;6049.111276;1.497835913;7.019257516;0.011380725;3.428396039;0.008389094;21.84933148;4.130089119;-0.096133443;0.191045256;0.816742079;0.764054735;-6.706884942;-2.334777919;0.590391408;-2.28645575;29.3303506;17.27030624;52.66034315
2262;0.156381492;643.4634356;0.010259;12.93227576;0.000435413;0.090193216;0.028825007;2.013421678;36.00039827;-0.981173075;1.023593258;2.490619215;-0.384553916;-5.753051651;0.353967616;-0.331364976;0.022462654;27.6151603;70.416398;56.11473613
2263;6.195750906;5340.221315;0.971801932;10.52888627;0.00455614;0.66955129;0.000669668;13.04351511;28.85522381;-0.311289186;0.541399246;-0.255221703;0.184083137;-4.929780899;1.007258332;-0.458438006;0.763952756;29.13181;18.57529465;55.17018189
2264;0.495387395;1247.892589;0.038225105;11.44443238;0.000753146;0.003294778;0.003276215;2.518820747;34.86739755;-0.267342921;-0.124515035;-0.46392183;0.072080328;-3.666417497;1.149805813;-0.594899637;-0.079194357;29.8989549;47.95941513;49.45553489
2265;2.51857434;3295.787738;0.05645459;11.06296536;0.002171185;0.158149216;0.001019142;5.730357504;33.79467471;-0.550859696;0.539567046;0.054547847;-0.770411725;-4.545923443;1.31339841;-0.648588988;0.478359254;29.3702054;33.68885497;53.29139495
2266;0.142289725;608.4570239;0.008882519;16.36557467;0.000260619;0.002373577;0.025105698;1.563876769;36.06105219;-1.115604272;0.82155849;-0.603539005;0.240045418;-6.174350039;0.536668255;-0.183145428;0.643144214;27.7215619;73.49855919;55.45243551
2267;4.314197764;4548.626787;0.218359349;10.52888627;0.003750163;0.354737726;0.001453607;8.003537313;32.08105505;-0.437024366;0.636615539;0.365912037;-0.248145767;-5.375383999;0.310175281;-0.609777501;1.024774545;28.6509079;21.46286422;54.86627961
2268;0.185141815;699.0679139;0.014800424;10.52888627;0.001576294;0.791279846;0.057185557;4.412715609;35.08255066;-0.573443429;0.168767567;-0.303149456;0.314583432;-6.945247833;-0.557814599;-0.492799869;0.549375158;27.8913069;67.17736565;54.68355669
2269;0.128959066;569.783293;0.007179482;15.6025774;0.000258795;0.002738904;0.025319114;1.55261737;36.0690634;-0.782036584;1.057160645;-0.801581953;-0.043520906;-5.30054688;0.750056653;-0.331165485;0.40868963;27.8294545;75.06940347;55.66664278
2270;8.511544329;6354.381517;0.770310669;7.019292674;0.006589866;1.344638869;0.000908859;39.24488522;9.511112676;-0.067141393;0.294198945;0.600823708;0.196570329;-4.249657128;0.70867996;0.04469998;-4.270165498;29.4221657;15.41398263;55.00044467
2271;0.338613787;1017.632266;0.021906008;10.98666566;0.001224447;0.017347685;0.001146462;3.636613349;35.07034535;-0.032350168;0.067751115;-0.457290166;0.337998039;-4.099331661;1.23472689;-0.311479612;0.351736643;28.9518985;58.52919983;54.04415339
2272;9.284567421;6018.837157;1.568333846;10.60518241;0.01169123;6.477157782;0.005441828;43.17298127;1.491593202;-0.051881425;0.031739729;1.455708303;0.276646638;-6.283807127;-1.974551276;1.301093873;-0.632121831;29.4662672;14.71358183;50.88877144
2273;11.98623956;6939.148849;2.059805388;7.896654865;0.006568569;1.777173565;0.040918583;13.39805445;28.37192583;-0.143437258;0.184331905;-0.092226921;-0.131867958;-6.537839455;-1.017545879;-0.213605693;0.848646701;28.7703469;13.62516614;51.48776774
2274;1.461255563;2390.476301;0.059663927;10.52888627;0.0030235;0.83652071;0.029670248;7.434274581;33.50093299;-0.674763651;0.521560194;0.452548006;-0.207941085;-6.495888011;-0.674575891;-0.18901169;1.037423256;28.5590478;34.29549314;52.98242044
2275;3.559485774;4031.283572;0.157464388;10.52888627;0.003483392;0.418767336;0.002635281;7.844740255;33.07215241;-0.3436405;0.744958013;0.822063712;-0.458793065;-5.689176403;0.074917491;-0.354035291;0.632159956;28.6403632;25.52657614;55.04296653
2276;0.668559376;1463.824012;0.039109405;10.52888627;0.002463719;0.63903466;0.042772809;4.39318933;34.49049798;-0.576189113;0.134281135;0.721097189;-0.306310842;-6.879431994;-1.024696949;-0.099867428;0.712759201;28.3454346;47.41536188;52.95072924
2277;10.96823848;6758.866696;2.167402849;7.019257516;0.007733696;2.077875458;0.000854233;36.17656461;9.12389147;-0.134586239;0.192267053;0.02655836;0.0066629;-5.795373848;-0.424021365;0.09872765;1.101893559;29.1355589;13.6702326;52.91122578
2278;7.488696032;5389.870698;0.986161373;11.74960496;0.004081889;0.182028295;0.007077491;3.087608217;36.00878396;-0.17944905;0.18433132;0.324402652;0.291460859;-7.163439231;-1.700503743;0.042750748;0.465290595;28.5422266;15.83342956;52.58107636
2279;0.145104242;615.4580933;0.008487044;18.08228837;0.000270264;0.002369701;0.022409066;1.571831267;36.06982657;-0.96072244;0.745566876;-0.519554735;0.216935744;-6.123750995;1.007521477;-0.160512462;0.332342213;27.9937297;73.00350385;55.2313108
2280;0.156817796;689.6729695;0.008388685;11.1392372;0.001851996;0.026077517;0.004247866;4.783451257;34.83535226;-0.220955485;0.488908055;-0.4653111;-0.207751938;-4.843945835;0.687603284;-0.402993399;0.252052483;28.1384396;73.32895307;55.61335974
2281;0.130904696;548.9900242;0.006891056;21.66795379;0.000964198;0.009280731;0.011277822;3.002433168;36.01946974;-0.851159055;0.725729234;2.782294317;0.442059113;-5.456257873;-0.113608901;-0.191062271;0.066605877;28.0231018;75.96708175;51.25573985
2282;0.386785271;1195.142783;0.011369027;12.36000261;0.001851644;0.083920827;8.20E-05;8.044724517;34.98832795;0.681631357;0.433057151;-0.610406014;-0.127110393;-4.295408365;0.489772783;-0.191444283;0.095551608;29.184703;60.83740328;48.87488938
2283;9.936118824;6299.700578;0.550789409;10.41443823;0.005938732;0.29694503;0.000646194;10.18752934;25.87855558;-0.1246675;0.021209582;0.84973966;-0.256899834;-6.346465536;-2.816877207;2.373719608;-2.945635578;28.5658108;14.39617171;53.84783658
2284;6.325639843;5413.003859;0.788617389;7.095551677;0.005583586;1.136523846;0.002557692;26.28829675;18.79406021;-0.250250348;0.258796701;-0.192657814;-0.023842833;-4.349459682;0.281931293;5.353893502;-1.186046054;28.9736569;17.64593149;53.30694897
2285;0.10337091;473.2904963;0.005545412;30.51846242;0.000264196;0.001927999;0.019901046;1.572830433;36.16138177;-0.487075726;0.133366151;-0.504374601;-0.008109872;-6.494754362;0.467141537;-0.102327371;0.263073352;28.0855152;82.15381238;52.51813766
2286;7.302391597;5599.972932;1.798900949;8.545204832;0.009791627;3.730206753;0.008018229;29.09277135;19.64556323;-0.095217468;0.373241667;0.721315494;0.35396261;-6.327609458;-1.752972774;-0.421007848;0.41306506;29.347359;17.77431562;49.27386137
2287;0.162300778;643.622006;0.010819889;10.52888627;0.001624477;0.820106913;0.044471851;5.26801753;34.61561927;-0.721456446;0.241096174;0.272973845;0.11192799;-6.470440853;-0.730853628;-0.081730185;0.282813786;27.8071575;69.99569944;53.1590342
2288;0.07802301;388.9260505;0.003198521;16.78517601;0.000474991;0.002623118;0.01767558;2.04095111;36.11865599;0.016479569;0.401319154;-1.115426789;0.018620149;-4.79971626;0.204687962;-0.172927459;0.065435986;28.7442899;89.45001866;48.42785807
2289;10.96366815;6733.90853;1.066745678;9.38445034;0.006758908;1.321898452;0.000803423;30.9805406;15.26843014;-0.083926038;0.216987007;0.749913639;0.332332578;-5.722695243;-0.430041508;-0.50808094;1.188701051;29.2267309;14.36043091;53.21345533
2290;0.441087583;1292.233026;0.007865999;14.19112491;0.001925492;0.024813935;0.00059829;4.749321117;35.39613245;-0.384228036;0.925931384;-0.411023887;-0.083921461;-4.945658494;0.10400435;-0.301830132;0.530031006;28.6252262;67.60869358;50.44694087
2291;0.099469738;472.1341965;0.004585968;23.19400596;0.000255194;0.002134488;0.020032024;1.563627105;36.16290814;-0.661030751;0.401012833;-0.593831629;0.18946725;-5.898396259;0.264084638;-0.085286876;0.023602181;28.1679265;83.0567033;53.29679375
2292;2.72221979;3328.393403;0.170172118;10.52888627;0.003462156;0.914182574;0.029249623;8.245366624;33.61538094;-0.362712812;0.610065628;-0.589517443;-0.451638646;-6.15069887;-0.828920509;-0.275607695;0.701357643;28.4836097;26.68287219;52.39069996
2293;0.521338136;1360.043025;0.014611386;10.68147691;0.002569689;0.083228157;0.001585374;5.529372193;34.79567529;-0.419934639;0.921658407;-0.033170905;-0.426548837;-5.182853632;-0.101121315;-0.304287284;0.434980516;28.4695793;66.53151553;52.85277725
2294;6.632555457;5161.616466;0.966904041;10.29999744;0.004697949;0.638256013;0.011399032;6.582192689;33.70540893;-0.254219151;0.091097838;0.141568988;0.055966865;-6.845296968;-1.669990643;-0.103171441;0.647965111;28.6838302;18.58380972;49.56663382
2295;0.085059457;414.6346398;0.003738747;20.2948159;0.000251875;0.002301824;0.020691255;1.562669598;36.15298932;-0.512710822;0.510879425;-0.806954483;0.033058909;-5.318155731;0.294678935;-0.125932963;-0.127786941;28.4699134;87.24302989;50.33942172
2296;0.329993979;1014.735099;0.019393913;17.70076979;0.002174512;0.017000618;0.019750309;1.590282506;36.26361885;-0.301827741;0.119937883;-0.214086218;-0.311232952;-7.077966935;-1.574899857;-0.248425552;0.618800747;28.2920583;56.42728912;51.75074521
2297;0.104514302;491.4836882;0.0053304;30.13741455;0.000252904;0.002273176;0.023119467;1.57303058;36.08966352;-0.912808883;0.41413704;-0.618016145;0.004840445;-6.733662556;-0.329307096;0.261175705;0.214620452;27.7796571;81.10689019;53.0576787
2298;0.114044405;486.0622105;0.004543297;15.48814987;0.00163139;0.036203406;0.002160347;5.120784765;36.01641935;0.167852355;0.714742879;-0.852410681;-0.0195264;-4.593711839;0.231172489;-0.309794102;0.278265477;28.5907589;83.01568175;51.27598843
2299;12.77412337;6882.306338;1.066148297;8.31628218;0.006861947;1.142314688;0.0009394;16.1875847;26.87460521;-0.185247866;0.260017899;0.294820958;-0.609726306;-5.927153561;-0.808209735;-0.12706187;0.572357776;28.8581072;14.23625286;50.16334746
2300;0.091717241;429.3298281;0.004152583;18.92140075;0.000662954;0.002522943;0.015499465;2.365681871;36.16138186;-0.647602359;0.900906749;-1.010307292;-0.036827299;-5.056740233;0.050926979;-0.07837442;0.144036089;28.3275795;84.67031295;50.98189764
2301;10.29418594;6495.510465;1.619384091;7.019257516;0.010543459;2.830987818;0.007402867;18.55501796;21.00143396;-0.122074527;0.109255412;-0.034602778;0.107020978;-6.749487004;-2.497612317;0.44590934;-2.139949771;29.3478233;14.45286038;48.49323894
2302;0.1180142;525.6783893;0.005966236;15.03043979;0.00033104;0.03751885;0.024651938;1.762970283;36.08012733;-1.00818069;0.846126587;0.875922034;-0.225550812;-5.942834304;-0.229226202;-0.192799562;-0.189176338;27.9065252;78.15289804;53.27460564
2303;6.478737367;5375.061804;0.295121454;10.52888627;0.004812173;0.65094499;0.000564761;14.87122451;29.41218321;-0.261238646;0.620136244;0.138309784;0.190305268;-5.349323533;0.075589638;-0.215439031;0.423426507;29.2295396;18.07007809;52.83425815
2304;0.629341761;1580.66562;0.010289784;12.20740201;0.001763426;0.05810353;0.000104265;5.983786086;34.83382431;0.078737394;0.853907578;-0.377971216;-0.076288802;-4.698888275;0.344062913;-0.446084599;0.376451844;28.9658158;63.19944161;52.06791541
2305;2.662048894;3456.483257;0.110304363;10.52888627;0.002416765;0.110110033;0.000234793;6.070056953;31.53859623;-0.240790782;0.545365745;-0.184982485;0.207798342;-5.27726415;0.297465916;-0.45565151;0.475161032;29.4172254;27.24676319;50.60687875
2306;0.110273405;507.3740603;0.005386836;26.74188986;0.000253419;0.002202209;0.022339415;1.568860928;36.10454114;-0.868099046;0.498977936;-0.471721255;0.029381343;-6.336314484;-0.075268182;-0.04668859;0.439935902;27.98871;80.07953285;54.32433647
2307;1.233468464;2610.486336;0.037072038;10.52888627;0.003639038;0.248590922;0.001316131;7.614457852;33.4604957;-0.604875223;0.730612216;0.269967232;0.612431426;-5.513165997;-0.315864378;-0.467578839;1.222528356;28.4992961;41.48662836;53.55061344
2308;0.144498232;594.9818514;0.010924694;10.52888627;0.001360384;0.651558828;0.045342408;4.00921303;35.23132845;-0.534379712;0.067446047;-0.159867097;0.250387015;-6.864173476;-0.933091323;-0.399011486;0.613557311;27.865001;72.96276509;52.72375319
2309;0.100260088;476.7647737;0.005220642;23.53723406;0.00024983;0.002387546;0.021838416;1.56444613;36.16557808;-0.880458749;0.685902913;-0.62390749;-0.076078549;-5.693753564;0.084106514;-0.152333606;0.340933198;28.1292742;82.838063;52.64557186
2310;10.72012678;6719.192592;0.670582737;7.019292674;0.006405298;1.105240756;0.001050264;37.32415153;12.16163606;-0.053713209;0.244759155;0.511762725;0.170359322;-4.436067624;0.070008067;-0.536728041;-4.799207233;29.4683117;14.84312863;53.12790085
2311;0.088569943;429.975931;0.003635467;16.17482081;0.001225402;0.005214894;0.007443297;3.464230655;36.05456671;-0.363170434;0.899075313;-0.60346242;0.167750767;-4.852685875;0.061019599;-0.036990907;0.009302793;28.3701004;85.3798998;51.22330292
2312;10.93161277;6543.634003;1.645840717;10.37629136;0.010969668;6.017829681;0.004551196;39.57958622;4.511404801;-0.055391263;0.021210756;1.086850816;-0.092231308;-6.400323047;-2.241781933;1.186507146;-0.472532466;29.3705025;13.0605602;51.44210495
2313;11.46073986;6832.138636;1.257620766;7.896654865;0.005963655;1.338369843;0.031678183;11.12549218;30.91831034;-0.170140994;0.191351141;-0.056014501;-0.154932757;-6.551681843;-1.434534104;-0.192510767;0.608771166;28.8695287;14.14514761;50.66774351
2314;1.182504983;2076.619336;0.052966344;10.52888627;0.002517933;0.655969063;0.025907977;6.140694639;33.97702259;-0.687276077;0.504774649;0.669879465;-0.186544255;-6.503478071;-1.077259365;-0.068883447;0.788484206;28.4317721;36.88926264;51.15390843
2315;1.474202607;2461.017003;0.05705496;10.52889559;0.00300111;0.273176927;0.004816231;6.496585686;34.66062053;-0.406506895;0.666528114;1.739854743;-0.131710053;-5.754635524;-0.502399912;-0.218324286;0.57724425;28.4784302;35.08113729;51.80455008
2316;0.758263335;1583.433744;0.036322397;10.52888627;0.002188436;0.545456422;0.035971391;4.04339965;34.67742236;-0.560014289;0.099489978;0.536669515;-0.194316823;-6.820984488;-1.338249742;-0.006097241;0.744344983;28.2904887;44.04132983;51.88019169
2317;10.20218558;6355.416288;1.678266015;7.019257516;0.007306362;1.695079641;0.000878924;33.38680695;13.32323615;-0.149845348;0.234687885;-0.09193757;-0.059166878;-5.893883972;-0.886783975;0.106515899;0.802859814;29.2915883;15.87344375;51.53407617
2318;7.003123984;5253.417279;0.867104883;11.67331043;0.003935638;0.12962054;0.006348515;2.592189073;36.33456991;-0.187078652;0.166325353;0.345808138;0.288167888;-7.080103884;-1.967031577;0.030287479;0.408374069;28.5246321;17.07004904;50.45065044
2319;0.102822896;482.2954163;0.004753665;26.24592126;0.00026065;0.00199166;0.019807662;1.569708301;36.16214468;-0.620135783;0.262458842;-0.603383051;0.052786643;-6.314418332;0.285123199;-0.043938213;0.244848911;28.1004796;81.53423393;51.99159371
2320;0.107580723;502.2034216;0.005062563;18.61615402;0.001360892;0.011226873;0.008598045;3.548936746;35.92791408;-0.900904796;0.930815183;0.639211802;-0.367764748;-5.204804005;-0.048618622;-0.094445279;-0.159514598;28.1547757;80.83923044;52.30485082
2321;0.114789821;507.793793;0.005788819;17.70061331;0.00048731;0.004678783;0.016018976;2.065440429;36.04388499;-0.88869794;0.624408607;1.860764974;0.833627529;-5.177916833;-1.25938604;0.102858635;0.113641945;27.9334487;80.40127909;51.71508089
2322;0.089163775;385.3075101;0.003803956;25.55926206;0.000819918;0.00616463;0.010040294;2.976722496;36.19647816;0.382854929;0.147403437;-1.212483279;-0.114280847;-5.766721589;-1.466291546;0.357818654;-0.044788525;27.9575278;86.67646602;42.07689047
2323;8.627750425;6094.037533;0.490545044;10.45258764;0.00605621;0.342380394;0.000699646;11.00817937;27.31025925;-0.063325525;-0.006256675;0.263491398;-0.26348733;-5.617181596;-3.338478957;1.094850923;-2.811469047;28.4536241;16.27734614;51.90825657
2324;5.726080541;4878.143918;0.931432795;7.095551677;0.005567659;0.909983091;0.001680908;24.26823762;21.51858673;-0.219121522;0.230414267;-0.162590552;-0.168695274;-4.251695424;-0.937982966;5.004296398;-2.988707925;28.6994616;19.72912113;47.46492578
2325;0.105367709;474.3650836;0.005019995;29.8317845;0.000259929;0.002177223;0.020885745;1.58858838;36.15070035;-0.44404448;0.318003206;-0.571727404;-0.227384157;-5.848782942;-0.665217787;0.044897199;-0.080501707;27.9174211;82.02253432;50.92421373
2326;7.302301036;5478.727256;1.74131737;8.545204832;0.009552165;3.565662382;0.008169179;27.79410824;19.54943074;-0.088503601;0.271920143;0.582973786;0.194221388;-5.66239051;-2.671565119;-0.444748729;0.363135026;29.3079331;18.71396659;48.81882152
2327;0.192926936;688.6117269;0.014410325;10.52888627;0.001916517;0.902828406;0.039753313;6.011702302;34.38215263;-0.638446335;0.214239687;-0.003578766;0.102067261;-5.721834653;-1.56588898;0.062898858;0.134058089;27.7561372;66.05449668;50.02050813
2328;0.083580318;399.1518128;0.003273357;19.68443886;0.00024403;0.001891478;0.017154935;1.558339218;36.18274487;-0.141606496;-0.378428494;-0.987934707;0.117607959;-5.286505868;-1.258737223;0.277050751;0.067249808;28.3089743;87.78939588;46.89223294
2329;10.99762622;6522.273264;1.009946001;9.38445034;0.006522604;0.987733606;0.00083999;25.94733771;19.82102634;-0.079653391;0.187383857;0.377464956;0.083700496;-5.39946049;-1.779475816;0.105491942;0.887965773;29.131167;14.35058334;51.06379606
2330;0.091374385;427.9056543;0.003682312;18.69255317;0.000457252;0.001938113;0.015295242;1.968959952;36.23767799;-0.851160605;0.919521607;-1.204574988;0.108767014;-5.338995543;-1.497993173;0.272003517;0.041745892;28.0590162;86.10597249;47.84724865
2331;0.10333983;465.5278961;0.005010163;29.90812475;0.000283812;0.002113102;0.017218702;1.612267331;36.21326326;-0.472120814;0.218207129;-0.768195519;-0.113178129;-5.460347374;-0.921986744;0.165290068;-0.157076234;28.1263718;82.50293175;50.24512695
2332;2.37800338;3344.251654;0.130574064;10.52888627;0.003358294;0.942277805;0.023166012;8.765077048;32.94588163;-0.391400521;0.521256628;-0.293167592;-0.57682714;-5.508167263;-1.829903783;-0.133228389;0.642603755;28.6711271;28.75828181;51.77968798
2333;0.147583916;592.8511738;0.009704472;10.5288873;0.001261011;0.016121569;0.006602595;3.42039705;35.24429897;-0.65980982;0.898464921;-0.053326858;-0.334629168;-5.058520189;-1.373859842;0.176538224;0.199033664;27.9325313;72.08472582;51.43200014
2334;9.509848849;5949.301983;1.182678323;10.29999744;0.00486856;0.818082891;0.015163469;7.751123322;32.57851394;-0.214392509;0.016785197;0.134987102;0.042806402;-5.995723693;-2.550027796;0.025742764;0.471686398;28.9464426;16.29069085;49.23197322
2335;0.088065577;421.4858087;0.003893321;34.94369426;0.000243365;0.002066863;0.016311885;1.562434512;36.28040404;-0.283211298;-0.000610835;-0.897190464;-0.077804071;-5.292327938;-1.039206636;0.139175674;-0.237498065;28.1936896;86.69744968;49.8955265
2336;0.416986491;1114.170877;0.025480568;16.25113042;0.002229986;0.022189869;0.015735864;1.697655239;36.17892987;-0.260932948;0.113529001;-0.20090995;-0.273359551;-6.255824955;-2.347635045;-0.087939635;0.463797318;28.4149944;52.10872739;49.14786148
2337;0.097310526;457.3951177;0.004458021;19.83707217;0.000274923;0.002501217;0.021884442;1.593597258;36.12094493;-1.00375402;0.646687095;-0.387448565;0.067293117;-5.974663913;-1.148144676;0.310093025;0.132868873;27.8027222;84.13520236;50.90030133
2338;0.081791665;384.4662213;0.003533105;17.31925672;0.000251151;0.001726337;0.01785164;1.581867477;36.15909282;-0.147709132;0.181889211;-1.070541232;0.017266951;-5.459061211;-1.470386986;0.23613;0.078191487;28.141662;88.770506;46.96336057
2339;10.81229648;6530.390064;0.886437802;8.31628218;0.006182775;0.954288741;0.001054093;13.98249666;28.19835064;-0.182501283;0.227057818;0.263481891;-0.553734679;-5.423992174;-1.920092665;0.17296542;0.513920282;29.0847273;15.71989834;50.67431812
2340;0.090564878;418.7920199;0.003841173;25.33030224;0.000241678;0.001957218;0.017164457;1.56116027;36.25904091;-0.67751058;0.295419176;-0.894971847;0.178807256;-5.237240573;-1.322150993;0.273223722;-0.011747152;28.3271541;85.99346587;48.51938137
2341;10.59940755;6433.387307;1.768511605;7.019257516;0.011240732;3.437862963;0.007245974;20.72182175;26.80823512;-0.100711387;-0.003357008;0.166315515;-0.044467565;-5.828490528;-3.224006561;0.009338606;-2.277657564;29.3885451;13.89328245;47.30385778
2342;0.111992072;497.7115012;0.005304243;14.00038581;0.000368272;0.046868978;0.021231013;1.870957307;36.11369724;-0.956756926;0.795466063;1.221882664;-0.182671431;-5.359576141;-1.303859161;-0.069941338;-0.186675936;27.8853716;81.04049478;50.19590298
2343;3.729861103;3913.119434;0.110936067;10.52888627;0.00431157;0.454334391;0.000642125;12.01125549;32.55864737;-0.39735032;0.85512733;0.755742171;-0.100944011;-5.307249235;-1.425891705;0.260405582;0.338929368;29.0430304;25.27927753;50.10199657
2344;0.089877767;392.8320216;0.003609715;22.1259117;0.000688805;0.003781695;0.012130955;2.426379554;36.23004838;-0.318003315;0.799586176;-1.365471537;-0.082682777;-5.585390023;-1.509853875;0.142995821;0.15699507;28.0232665;85.43325135;43.56999489
2345;0.831146636;1780.794719;0.013961913;11.13926323;0.002687472;0.140336861;0.00058383;6.358599829;34.60036585;-0.458388372;0.812708405;0.584456796;-0.285849351;-5.563334895;-1.446902987;0.008353216;0.259575135;28.3354333;62.2234157;46.20564986
2346;0.100069501;466.6506646;0.004530327;17.12853763;0.000259937;0.002464521;0.021662248;1.583872327;36.13658553;-0.886105256;0.620136304;-0.721937073;0.016352399;-5.669338762;-1.087184996;0.120192221;0.235179492;27.9203008;83.06348842;51.69753918
2347;0.527903726;1376.969512;0.029484192;10.52888627;0.002875612;0.188590637;0.001590663;6.319391335;34.19446663;-0.767233942;0.650653781;0.35535114;1.169664692;-5.199003069;-1.500576023;0.093196264;1.010084507;28.3357156;47.96010789;52.37771676
2348;0.187350009;699.1407595;0.014267323;10.52888627;0.001543779;0.728238464;0.041806769;4.388932141;35.03982457;-0.496536644;0.09674373;-0.196075361;0.31129138;-6.049735691;-1.731792488;-0.332247492;0.751830855;27.9718101;65.68906077;51.4191083
2349;0.099995552;457.8406962;0.004763968;23.38477482;0.000276049;0.002209263;0.018176433;1.604556349;36.18121895;-0.73915784;0.460218454;-0.818177497;-0.210682347;-5.334499119;-1.084753321;0.238469782;0.200276537;27.9944302;83.03826826;48.09170002
2350;10.44179665;6577.052061;0.742572519;7.019292674;0.006403278;0.904814354;0.001014927;32.96173294;16.74703355;-0.051271624;0.208136995;0.264228462;0.167256153;-4.207873669;-1.144817182;-1.665490085;-4.727690141;29.3410002;15.47883202;49.44703142
2351;0.084658722;405.7865915;0.003464775;20.75260975;0.000239616;0.001827936;0.017680989;1.560632152;36.23920403;-0.538346905;0.387585583;-0.87874727;0.142385323;-5.332749351;-1.441419491;0.404448353;-0.196405042;28.2833862;87.57662242;47.32480757
2352;10.35629716;6277.015122;1.612997282;9.956670016;0.010741518;5.799235475;0.00513342;39.09069238;5.315188592;-0.032044594;-0.020141881;0.704811378;-0.250303929;-5.665542015;-2.999989416;0.804127104;-0.503300326;29.5344936;13.93912863;49.95563276
2353;10.8845677;6492.62329;1.249044921;7.896654865;0.005624368;1.422990374;0.034173238;11.48924857;30.13551034;-0.165105393;0.113986709;-0.009909807;-0.121960496;-5.820198721;-2.39600218;0.045555531;0.653869934;28.9509822;15.11310921;49.2906633
2354;1.303211907;2290.092237;0.053847614;10.52888627;0.002734207;0.737204433;0.017286284;7.286392194;33.48948813;-0.623492815;0.3646956;0.320822372;-0.033280772;-5.755363108;-1.989943721;0.130030564;0.704116754;28.6871709;36.91867714;50.9850306
2355;1.065455728;1921.308562;0.053871322;10.5288886;0.002555148;0.236134819;0.005312916;6.051780419;34.27151619;-0.401929938;0.618916521;1.668857338;-0.495470352;-5.282343826;-1.608454339;0.047989608;0.488888915;28.4357446;37.54733563;52.39265137
2356;0.921278708;1734.08309;0.041850623;10.52888627;0.00249951;0.6900286;0.029325889;5.264734822;34.16318615;-0.542008351;0.045777579;0.543271602;-0.235482114;-6.023918887;-2.178564515;0.080334837;0.679956312;28.3772217;39.65120323;49.65850787
2357;8.832113905;5777.232388;1.827177852;7.019257516;0.007069877;1.354723174;0.000888418;28.61296367;16.02183427;-0.161747489;0.210730874;-0.556298399;-0.069034096;-5.375611013;-2.052823535;0.395884901;0.397565337;29.4279532;16.75223514;48.85173021
2358;7.408990017;5368.356189;0.652231159;11.52071849;0.00420269;0.186925545;0.004931333;2.970052934;36.14001083;-0.117801652;0.128787535;0.470961142;0.20418344;-6.224474589;-2.742977801;0.073197008;0.185920054;28.70846;16.77834644;49.20379406
2359;0.108950836;485.7858933;0.005531225;23.65176322;0.000273676;0.002220031;0.020147888;1.600346006;36.14917458;-0.507827823;0.358592226;-0.567003623;-0.255264485;-5.704882766;-0.8281786;0.136589107;-0.048020443;27.9079671;81.30571319;50.46074417
2360;0.09779886;459.6969008;0.004385563;20.29474629;0.000394721;0.003018596;0.016641209;1.855375751;36.15832768;-1.113311028;0.793481553;-0.297972695;-0.201402964;-5.135511679;-1.278065762;0.174098214;-0.292631946;28.1013979;83.89617302;51.10352198
2361;0.103406807;414.416652;0.004125317;20.98143115;0.000871476;0.014118976;0.009789875;2.784475736;35.85924667;-0.631426088;0.587174881;2.449655622;0.363220548;-6.063439103;-2.553453172;0.233672095;-0.04763509;28.0251237;82.60031164;44.25227907
2362;0.111256259;421.0618504;0.006574482;43.94662839;0.000511624;0.004971775;0.016506843;2.306966341;36.21097426;-0.013580363;-0.559405478;-0.891596604;-0.07947746;-7.428828547;-3.091249781;0.178001346;0.052767671;27.7966419;80.0680043;40.10576432
2363;10.23645536;5729.313643;0.446589032;10.41443823;0.006238987;0.766150612;0.001076994;16.16237685;26.20854636;-0.066072192;0.001678043;0.296427072;-0.408396534;-5.479730791;-2.767794009;1.514613381;-3.361583442;28.902649;14.77292015;44.28216142
2364;3.782216428;3451.569577;1.063231703;7.095551677;0.004913702;0.604333882;0.001727413;19.86646925;22.21134973;-0.246282763;0.250251353;-0.16577967;-0.27268132;-4.810390428;-1.713776344;5.512458577;-4.315775932;28.1063376;24.22137919;40.19580196
2365;0.104024735;444.6301134;0.004943455;21.59187566;0.000280441;0.001830647;0.014257812;1.66079742;36.10263356;-0.800805617;0.477614844;-0.295379509;-0.0859987;-6.307483985;-1.930939605;0.292420888;-0.217074927;27.9740977;80.59418172;41.25343055
2366;5.332232742;4258.615552;1.657918374;8.545204832;0.00994252;4.174423017;0.009834255;31.26094374;17.5344285;-0.082399818;0.208441715;0.584641307;0.195912304;-5.669986156;-2.859432443;-0.282014723;-0.775863449;29.053596;21.13739659;40.05219329
2367;0.179725422;622.6746366;0.013596169;10.52888627;0.001764272;0.812306733;0.03761123;5.433198166;34.33637603;-0.626848994;0.178227691;0.082046894;0.088900638;-6.093629592;-2.338170143;0.157445732;-0.221627852;27.9924168;68.52386489;46.10568215
2368;0.091379148;374.1894876;0.003551612;38.45335526;0.000548475;0.001467611;0.014588916;2.105910806;36.21021159;0.31495028;-0.308846872;-0.703776616;0.007582243;-6.857637133;-3.012473572;0.160284096;-0.244959342;27.9831148;84.0397311;39.33935544
2369;9.452308947;5060.160587;1.011101423;9.38445034;0.006518094;1.147627207;0.001037929;28.71770635;19.41817852;-0.076296315;0.15839118;0.263657797;0.003008653;-5.987286593;-2.48834829;0.267282354;0.221219177;28.7536724;15.39806122;40.36757955
2370;0.09315816;378.3418588;0.004106044;27.69551306;0.000303625;0.006230397;0.020086656;1.723456681;36.13849269;-0.670185449;0.548111477;-1.238423094;0.107144193;-6.698219352;-2.943163478;0.339973774;-0.262449524;27.9195985;84.45881584;41.70946124
2371;0.102472449;417.0886808;0.005119815;26.09313391;0.000276321;0.001863981;0.017145557;1.634051813;36.10721162;-0.644855982;0.539567191;-0.649602268;-0.072669148;-6.255634368;-2.314440576;0.246487442;-0.486378486;27.9272363;81.4462427;43.91867348
2372;4.108620597;3603.692505;0.12857451;10.52888627;0.003655964;0.993731828;0.024826815;8.800282025;32.70631282;-0.362408169;0.441145584;-0.019788372;-0.692116125;-6.067632813;-2.659246501;0.058014341;0.058221437;28.7819109;23.65405309;42.51972957
2373;0.187611594;558.0739985;0.018382021;12.97036847;0.001369976;0.020323477;0.005474105;3.572000169;35.42435847;-0.609149565;0.573748157;0.279515182;-0.054131955;-6.258745054;-2.617115699;0.272423878;-0.018293745;27.8746445;69.54136763;42.65111431
2374;12.02254969;6044.114247;0.874265863;10.29999744;0.005548662;1.119208104;0.023209762;8.869253137;31.09836984;-0.157322888;0.019531813;0.082300143;0.036221431;-6.119707165;-2.669781393;-0.019566973;0.032802725;28.8640854;13.82314213;43.68920273
2375;0.101732687;389.6829804;0.004904141;43.71782739;0.000278841;0.002193455;0.017077055;1.629141673;36.12094484;-0.218512128;0.186467989;-0.654180779;0.045136538;-6.46423243;-2.607287498;0.427771598;-0.331037906;27.9230773;82.37311205;43.45800204
2376;0.399652655;1001.661602;0.025953372;15.33557042;0.002423749;0.03430427;0.008976927;1.729912063;36.11026311;-0.251167028;0.116275673;-0.191029553;-0.265126463;-6.311436031;-2.509119653;-0.07916621;-0.085092961;28.8610704;53.21391367;43.16275729
2377;0.087724329;409.8578213;0.003910458;24.2623515;0.00027349;0.002278614;0.018794844;1.610661825;36.12018264;-1.091952572;0.597552778;-0.59664945;0.062431899;-6.273379931;-2.065379052;0.373830372;-0.208289598;28.0874127;85.58493501;48.01742847
2378;0.092823826;381.2034756;0.004618756;40.2844151;0.000372368;0.004067781;0.018387902;1.827204155;36.2208929;-0.007933775;-0.284128496;-0.930369361;-0.064140968;-6.996877484;-3.151782898;0.343138917;-0.134406477;27.9075756;84.29705319;39.36101964
2379;10.77507031;5900.693461;0.811079626;8.31628218;0.006651549;1.221569071;0.001136893;17.00560423;25.46923929;-0.158696723;0.191961431;0.100404869;-0.458161249;-5.964379168;-2.702041369;0.276780192;-0.089615028;29.0343488;14.30319113;42.36701924
2380;0.090751515;362.2037486;0.005563613;34.33351339;0.000292855;0.00427972;0.017714319;1.683234381;36.12475998;-0.457167079;0.289925659;-0.788481144;0.136172743;-6.541226627;-2.738026642;0.381514681;-0.347729195;28.0676979;84.7537824;43.36157204
2381;11.2863002;5727.2137;2.138190562;7.019257516;0.011865187;4.077124586;0.007934369;23.83753819;19.1854964;-0.054628354;0.025635431;0.125146627;0.023049524;-5.777226976;-2.845098639;0.200529489;-3.043464996;28.9933235;13.35843182;40.56539529
2382;0.099748984;421.2665314;0.004528505;19.98963223;0.000394769;0.05267516;0.020071357;1.892988192;36.12933736;-0.969727781;0.87420415;1.58762975;-0.357584541;-6.037243577;-2.380592359;0.060319075;-0.412987054;27.992025;83.32479046;44.12235724
2383;2.753570786;2737.453796;0.135080387;12.66514411;0.003396434;0.31212679;0.000895834;8.915345685;34.00980487;-0.532242119;0.817285393;0.22651863;-0.23267237;-6.341884101;-2.633304216;0.462270627;-0.052578636;28.3866975;27.69718967;42.91482623
2384;0.085527501;374.6950801;0.004174673;41.19994578;0.000225445;0.003703959;0.021695775;1.598124348;36.25141105;-0.331431127;0.217292557;-0.329279288;-0.072018645;-7.08636145;-3.086350423;0.188650035;-0.082613367;27.9280754;87.37060166;41.84855716
2385;0.507368762;939.4675908;0.013966816;16.8614536;0.001352643;0.048208249;0.00754761;3.59998173;35.52965094;-0.896024019;0.985748052;0.801377283;-0.255111829;-6.751823709;-2.851404912;0.178225181;-0.252723291;27.9774731;62.46846457;42.31148787
2386;0.092139337;408.1866392;0.004251522;22.31668764;0.000277892;0.001998808;0.018199322;1.613057107;36.10148929;-0.990325639;0.65721628;-0.498041112;0.114875288;-6.190980841;-2.204584972;0.258228742;0.170272873;28.1282511;83.44671008;44.61656827
2387;1.291169659;1680.537779;0.04586149;10.52888627;0.002881821;0.209890336;0.001436576;6.271510629;34.144107;-0.757468346;0.563370952;0.259883238;0.622499078;-6.085528253;-2.616367123;0.27915447;0.761696416;28.2376526;41.70325366;40.83283985
2388;0.188375541;647.3242815;0.014042255;10.52888627;0.001572441;0.738989621;0.040699295;4.365435117;35.03143206;-0.492569207;0.069277069;-0.184543815;0.212497506;-6.255011756;-2.262038325;-0.16768301;0.182992095;28.1873229;65.74664387;44.46510323
2389;0.094359647;400.0719849;0.00348837;24.79619208;0.000277038;0.00197362;0.018358864;1.615564597;36.09233375;-0.732291474;0.669270433;-0.735623947;-0.247418197;-6.18947293;-2.468543566;0.378726384;-0.012500782;28.0786973;83.51486141;44.01761316
2390;9.044833402;4996.505176;1.082186715;7.019292674;0.006251904;0.847583798;0.001205979;31.80668381;16.27857535;-0.051271558;0.18799455;0.155269642;0.150860967;-4.613657242;-1.832118203;-2.222125273;-6.450612035;28.5532583;16.05166054;39.98512514
2391;0.089960817;378.444546;0.004432301;35.55402079;0.000300389;0.004988314;0.018916471;1.693475373;36.17206333;-0.279550021;0.183111468;-0.848308285;-0.087524978;-6.714713212;-2.97648307;0.424000869;-0.505281292;28.0337973;84.75036879;43.35884171
2392;10.53394084;5337.156073;2.028751807;10.75776761;0.01089669;6.341507446;0.005931516;40.08715521;5.407493375;-0.038453491;-0.032654239;1.41619474;-0.263469122;-5.496506659;-2.820856503;0.746550425;-1.560504168;29.3354289;14.34900222;41.45787556
2393;11.89113158;6213.163896;1.319673651;7.896654865;0.006354589;1.559186342;0.017547377;12.65071897;27.81458247;-0.126804639;0.095828178;-0.069180404;-0.095601064;-6.088933271;-2.742581419;0.143017619;-0.206464545;28.8976042;13.82394394;42.18149151
2394;2.161549276;2757.065597;0.10825711;10.52888627;0.002857391;0.693504461;0.015025605;6.795752146;33.51161366;-0.572527218;0.343027522;0.245085713;-0.112322105;-6.152043342;-2.584332251;0.204177004;0.169832767;28.7754363;31.4891113;44.10017291
2395;1.767466597;2249.634598;0.058684047;10.5288886;0.002918979;0.319354647;0.002357795;6.523494596;33.92360892;-0.487686261;0.575884551;1.376990414;-0.416202448;-6.031412214;-2.657526745;0.14751077;0.057810957;28.3842332;31.67672627;41.48583159
2396;0.961612532;1638.678397;0.048276795;10.52888627;0.002623339;0.675232236;0.025234455;4.929402435;34.07620888;-0.549332745;0.040284201;0.500451237;-0.268418884;-6.182018695;-2.53403174;0.163616222;0.153371779;28.6733558;38.58498643;45.05782719
2397;8.506557061;5126.320174;1.540076073;7.019257516;0.007130303;1.620858863;0.001101105;31.73345351;15.01853971;-0.136417335;0.163121954;-0.266506955;-0.049335027;-5.602469233;-2.499275156;0.501679075;-0.909907455;29.0138328;17.52180987;41.93437994
2398;9.252702212;5498.512434;0.489833349;11.29183141;0.004477527;0.287474059;0.004774013;3.245284817;35.7547125;-0.077212031;0.122989064;0.528597579;0.139960845;-6.214006907;-2.683486618;0.03040658;-0.224081755;28.8187611;14.95067637;41.96124488
2399;0.097624116;427.9492309;0.005047102;23.72828759;0.000280253;0.001887328;0.015901487;1.647182863;36.10415976;-0.748618896;0.55085895;-0.471625176;-0.008488337;-6.273133277;-2.079252309;0.307030352;-0.314881802;28.0036437;81.87987517;45.80335327
2400;0.092108204;378.3815491;0.004303919;17.3957057;0.000759768;0.007446161;0.011285032;2.555440287;36.01031353;-0.944849735;0.702536489;0.507089713;-0.066874326;-6.255644535;-2.590787101;0.305731107;-0.253424929;27.9939635;84.49653941;42.17339413
